shape_id,m,n,k,conservative_pair_buffer_bytes,within_planning_budget,within_broad_volume_limit,historically_configured,eligible_for_broad
region_m256_n256_k256,256,256,256,50724864,True,True,True,False
region_m256_n256_k384,256,256,384,50855936,True,True,False,True
region_m256_n256_k512,256,256,512,50987008,True,True,False,True
region_m256_n256_k768,256,256,768,57540608,True,True,False,True
region_m256_n256_k1024,256,256,1024,57802752,True,True,False,True
region_m256_n256_k1536,256,256,1536,69861376,True,True,False,True
region_m256_n256_k2048,256,256,2048,81920000,True,True,False,True
region_m256_n256_k3072,256,256,3072,106037248,True,True,False,True
region_m256_n256_k4096,256,256,4096,130154496,True,True,False,True
region_m256_n256_k6144,256,256,6144,178388992,True,True,False,True
region_m256_n256_k8192,256,256,8192,226623488,True,True,False,True
region_m256_n256_k12288,256,256,12288,323092480,True,True,False,True
region_m256_n256_k16384,256,256,16384,419561472,True,True,False,True
region_m256_n256_k24576,256,256,24576,612499456,True,True,False,True
region_m256_n256_k32768,256,256,32768,805437440,True,True,False,True
region_m256_n256_k49152,256,256,49152,1191313408,True,True,False,True
region_m256_n256_k65536,256,256,65536,1577189376,True,True,False,True
region_m256_n256_k98304,256,256,98304,2348941312,True,True,False,True
region_m256_n256_k131072,256,256,131072,3120693248,True,True,False,True
region_m256_n384_k256,256,384,256,50790400,True,True,False,True
region_m256_n384_k384,256,384,384,50954240,True,True,False,True
region_m256_n384_k512,256,384,512,51118080,True,True,False,True
region_m256_n384_k768,256,384,768,57737216,True,True,False,True
region_m256_n384_k1024,256,384,1024,58064896,True,True,False,True
region_m256_n384_k1536,256,384,1536,70254592,True,True,False,True
region_m256_n384_k2048,256,384,2048,82444288,True,True,False,True
region_m256_n384_k3072,256,384,3072,106823680,True,True,False,True
region_m256_n384_k4096,256,384,4096,131203072,True,True,False,True
region_m256_n384_k6144,256,384,6144,179961856,True,True,False,True
region_m256_n384_k8192,256,384,8192,228720640,True,True,False,True
region_m256_n384_k12288,256,384,12288,326238208,True,True,False,True
region_m256_n384_k16384,256,384,16384,423755776,True,True,False,True
region_m256_n384_k24576,256,384,24576,618790912,True,True,False,True
region_m256_n384_k32768,256,384,32768,813826048,True,True,False,True
region_m256_n384_k49152,256,384,49152,1203896320,True,True,False,True
region_m256_n384_k65536,256,384,65536,1593966592,True,True,False,True
region_m256_n384_k98304,256,384,98304,2374107136,True,True,False,True
region_m256_n384_k131072,256,384,131072,3154247680,True,True,False,True
region_m256_n512_k256,256,512,256,50855936,True,True,False,True
region_m256_n512_k384,256,512,384,51052544,True,True,False,True
region_m256_n512_k512,256,512,512,51249152,True,True,False,True
region_m256_n512_k768,256,512,768,57933824,True,True,False,True
region_m256_n512_k1024,256,512,1024,58327040,True,True,False,True
region_m256_n512_k1536,256,512,1536,70647808,True,True,False,True
region_m256_n512_k2048,256,512,2048,82968576,True,True,False,True
region_m256_n512_k3072,256,512,3072,107610112,True,True,False,True
region_m256_n512_k4096,256,512,4096,132251648,True,True,False,True
region_m256_n512_k6144,256,512,6144,181534720,True,True,False,True
region_m256_n512_k8192,256,512,8192,230817792,True,True,False,True
region_m256_n512_k12288,256,512,12288,329383936,True,True,False,True
region_m256_n512_k16384,256,512,16384,427950080,True,True,False,True
region_m256_n512_k24576,256,512,24576,625082368,True,True,False,True
region_m256_n512_k32768,256,512,32768,822214656,True,True,False,True
region_m256_n512_k49152,256,512,49152,1216479232,True,True,False,True
region_m256_n512_k65536,256,512,65536,1610743808,True,True,False,True
region_m256_n512_k98304,256,512,98304,2399272960,True,True,False,True
region_m256_n512_k131072,256,512,131072,3187802112,True,True,False,True
region_m256_n768_k256,256,768,256,50987008,True,True,False,True
region_m256_n768_k384,256,768,384,51249152,True,True,False,True
region_m256_n768_k512,256,768,512,51511296,True,True,False,True
region_m256_n768_k768,256,768,768,58327040,True,True,False,True
region_m256_n768_k1024,256,768,1024,58851328,True,True,False,True
region_m256_n768_k1536,256,768,1536,71434240,True,True,False,True
region_m256_n768_k2048,256,768,2048,84017152,True,True,False,True
region_m256_n768_k3072,256,768,3072,109182976,True,True,False,True
region_m256_n768_k4096,256,768,4096,134348800,True,True,False,True
region_m256_n768_k6144,256,768,6144,184680448,True,True,False,True
region_m256_n768_k8192,256,768,8192,235012096,True,True,False,True
region_m256_n768_k12288,256,768,12288,335675392,True,True,False,True
region_m256_n768_k16384,256,768,16384,436338688,True,True,False,True
region_m256_n768_k24576,256,768,24576,637665280,True,True,False,True
region_m256_n768_k32768,256,768,32768,838991872,True,True,False,True
region_m256_n768_k49152,256,768,49152,1241645056,True,True,False,True
region_m256_n768_k65536,256,768,65536,1644298240,True,True,False,True
region_m256_n768_k98304,256,768,98304,2449604608,True,True,False,True
region_m256_n768_k131072,256,768,131072,3254910976,True,True,False,True
region_m256_n1024_k256,256,1024,256,51118080,True,True,False,True
region_m256_n1024_k384,256,1024,384,51445760,True,True,False,True
region_m256_n1024_k512,256,1024,512,51773440,True,True,False,True
region_m256_n1024_k768,256,1024,768,58720256,True,True,False,True
region_m256_n1024_k1024,256,1024,1024,60162048,True,True,False,True
region_m256_n1024_k1536,256,1024,1536,72220672,True,True,False,True
region_m256_n1024_k2048,256,1024,2048,85065728,True,True,False,True
region_m256_n1024_k3072,256,1024,3072,110755840,True,True,False,True
region_m256_n1024_k4096,256,1024,4096,136445952,True,True,False,True
region_m256_n1024_k6144,256,1024,6144,187826176,True,True,False,True
region_m256_n1024_k8192,256,1024,8192,239206400,True,True,False,True
region_m256_n1024_k12288,256,1024,12288,341966848,True,True,False,True
region_m256_n1024_k16384,256,1024,16384,444727296,True,True,False,True
region_m256_n1024_k24576,256,1024,24576,650248192,True,True,False,True
region_m256_n1024_k32768,256,1024,32768,855769088,True,True,False,True
region_m256_n1024_k49152,256,1024,49152,1266810880,True,True,False,True
region_m256_n1024_k65536,256,1024,65536,1677852672,True,True,False,True
region_m256_n1024_k98304,256,1024,98304,2499936256,True,True,False,True
region_m256_n1024_k131072,256,1024,131072,3322019840,True,True,False,True
region_m256_n1536_k256,256,1536,256,57671680,True,True,False,True
region_m256_n1536_k384,256,1536,384,58130432,True,True,False,True
region_m256_n1536_k512,256,1536,512,58589184,True,True,False,True
region_m256_n1536_k768,256,1536,768,63700992,True,True,False,True
region_m256_n1536_k1024,256,1536,1024,64618496,True,True,False,True
region_m256_n1536_k1536,256,1536,1536,76939264,True,True,False,True
region_m256_n1536_k2048,256,1536,2048,95551488,True,True,False,True
region_m256_n1536_k3072,256,1536,3072,113901568,True,True,False,True
region_m256_n1536_k4096,256,1536,4096,143785984,True,True,False,True
region_m256_n1536_k6144,256,1536,6144,194117632,True,True,False,True
region_m256_n1536_k8192,256,1536,8192,253886464,True,True,False,True
region_m256_n1536_k12288,256,1536,12288,354549760,True,True,False,True
region_m256_n1536_k16384,256,1536,16384,464650240,True,True,False,True
region_m256_n1536_k24576,256,1536,24576,675414016,True,True,False,True
region_m256_n1536_k32768,256,1536,32768,895614976,True,True,False,True
region_m256_n1536_k49152,256,1536,49152,1317142528,True,True,False,True
region_m256_n1536_k65536,256,1536,65536,1748107264,True,True,False,True
region_m256_n1536_k98304,256,1536,98304,2600599552,True,True,False,True
region_m256_n1536_k131072,256,1536,131072,3462529024,True,True,False,True
region_m256_n2048_k256,256,2048,256,62652416,True,True,False,True
region_m256_n2048_k384,256,2048,384,63242240,True,True,False,True
region_m256_n2048_k512,256,2048,512,63832064,True,True,False,True
region_m256_n2048_k768,256,2048,768,69730304,True,True,False,True
region_m256_n2048_k1024,256,2048,1024,70909952,True,True,False,True
region_m256_n2048_k1536,256,2048,1536,85852160,True,True,False,True
region_m256_n2048_k2048,256,2048,2048,103940096,True,True,True,False
region_m256_n2048_k3072,256,2048,3072,133824512,True,True,False,True
region_m256_n2048_k4096,256,2048,4096,165806080,True,True,False,True
region_m256_n2048_k6144,256,2048,6144,229769216,True,True,False,True
region_m256_n2048_k8192,256,2048,8192,293732352,True,True,False,True
region_m256_n2048_k12288,256,2048,12288,421658624,True,True,False,True
region_m256_n2048_k16384,256,2048,16384,549584896,True,True,False,True
region_m256_n2048_k24576,256,2048,24576,805437440,True,True,False,True
region_m256_n2048_k32768,256,2048,32768,1061289984,True,True,False,True
region_m256_n2048_k49152,256,2048,49152,1572995072,True,True,False,True
region_m256_n2048_k65536,256,2048,65536,2084700160,True,True,False,True
region_m256_n2048_k98304,256,2048,98304,3108110336,True,True,False,True
region_m256_n2048_k131072,256,2048,131072,4131520512,True,True,False,True
region_m256_n3072_k256,256,3072,256,100401152,True,True,False,True
region_m256_n3072_k384,256,3072,384,101253120,True,True,False,True
region_m256_n3072_k512,256,3072,512,102105088,True,True,False,True
region_m256_n3072_k768,256,3072,768,110100480,True,True,False,True
region_m256_n3072_k1024,256,3072,1024,111804416,True,True,False,True
region_m256_n3072_k1536,256,3072,1536,131989504,True,True,False,True
region_m256_n3072_k2048,256,3072,2048,156368896,True,True,False,True
region_m256_n3072_k3072,256,3072,3072,194641920,True,True,False,True
region_m256_n3072_k4096,256,3072,4096,237109248,True,True,False,True
region_m256_n3072_k6144,256,3072,6144,322043904,True,True,False,True
region_m256_n3072_k8192,256,3072,8192,406978560,True,True,False,True
region_m256_n3072_k12288,256,3072,12288,576847872,True,True,False,True
region_m256_n3072_k16384,256,3072,16384,746717184,True,True,False,True
region_m256_n3072_k24576,256,3072,24576,1086455808,True,True,False,True
region_m256_n3072_k32768,256,3072,32768,1426194432,True,True,False,True
region_m256_n3072_k49152,256,3072,49152,2105671680,True,True,False,True
region_m256_n3072_k65536,256,3072,65536,2785148928,True,True,False,True
region_m256_n3072_k98304,256,3072,98304,4144103424,True,True,False,True
region_m256_n3072_k131072,256,3072,131072,5503057920,True,True,False,True
region_m256_n4096_k256,256,4096,256,107216896,True,True,False,True
region_m256_n4096_k384,256,4096,384,108331008,True,True,False,True
region_m256_n4096_k512,256,4096,512,109445120,True,True,False,True
region_m256_n4096_k768,256,4096,768,117964800,True,True,False,True
region_m256_n4096_k1024,256,4096,1024,121765888,True,True,False,True
region_m256_n4096_k1536,256,4096,1536,141426688,True,True,False,True
region_m256_n4096_k2048,256,4096,2048,173146112,True,True,False,True
region_m256_n4096_k3072,256,4096,3072,207224832,True,True,False,True
region_m256_n4096_k4096,256,4096,4096,253886464,True,True,False,True
region_m256_n4096_k6144,256,4096,6144,347209728,True,True,False,True
region_m256_n4096_k8192,256,4096,8192,440532992,True,True,False,True
region_m256_n4096_k12288,256,4096,12288,627179520,True,True,False,True
region_m256_n4096_k16384,256,4096,16384,813826048,True,True,False,True
region_m256_n4096_k24576,256,4096,24576,1187119104,True,True,False,True
region_m256_n4096_k32768,256,4096,32768,1560412160,True,True,False,True
region_m256_n4096_k49152,256,4096,49152,2306998272,True,True,False,True
region_m256_n4096_k65536,256,4096,65536,3053584384,True,True,False,True
region_m256_n4096_k98304,256,4096,98304,4546756608,True,True,False,True
region_m256_n4096_k131072,256,4096,131072,6039928832,True,True,False,True
region_m256_n6144_k256,256,6144,256,156499968,True,True,False,True
region_m256_n6144_k384,256,6144,384,158138368,True,True,False,True
region_m256_n6144_k512,256,6144,512,159776768,True,True,False,True
region_m256_n6144_k768,256,6144,768,171442176,True,True,False,True
region_m256_n6144_k1024,256,6144,1024,174718976,True,True,False,True
region_m256_n6144_k1536,256,6144,1536,204341248,True,True,False,True
region_m256_n6144_k2048,256,6144,2048,248643584,True,True,False,True
region_m256_n6144_k3072,256,6144,3072,287965184,True,True,False,True
region_m256_n6144_k4096,256,6144,4096,353501184,True,True,False,True
region_m256_n6144_k6144,256,6144,6144,475136000,True,True,False,True
region_m256_n6144_k8192,256,6144,8192,606208000,True,True,False,True
region_m256_n6144_k12288,256,6144,12288,849477632,True,True,False,True
region_m256_n6144_k16384,256,6144,16384,1099038720,True,True,False,True
region_m256_n6144_k24576,256,6144,24576,1598160896,True,True,False,True
region_m256_n6144_k32768,256,6144,32768,2097283072,True,True,False,True
region_m256_n6144_k49152,256,6144,49152,3095527424,True,True,False,True
region_m256_n6144_k65536,256,6144,65536,4093771776,True,True,False,True
region_m256_n6144_k98304,256,6144,98304,6090260480,True,True,False,True
region_m256_n6144_k131072,256,6144,131072,8086749184,True,True,False,True
region_m256_n8192_k256,256,8192,256,205783040,True,True,False,True
region_m256_n8192_k384,256,8192,384,207945728,True,True,False,True
region_m256_n8192_k512,256,8192,512,210108416,True,True,False,True
region_m256_n8192_k768,256,8192,768,224919552,True,True,False,True
region_m256_n8192_k1024,256,8192,1024,229244928,True,True,False,True
region_m256_n8192_k1536,256,8192,1536,267255808,True,True,False,True
region_m256_n8192_k2048,256,8192,2048,324141056,True,True,False,True
region_m256_n8192_k3072,256,8192,3072,381288448,True,True,False,True
region_m256_n8192_k4096,256,8192,4096,463601664,True,True,False,True
region_m256_n8192_k6144,256,8192,6144,628228096,True,True,False,True
region_m256_n8192_k8192,256,8192,8192,792854528,True,True,False,True
region_m256_n8192_k12288,256,8192,12288,1122107392,True,True,False,True
region_m256_n8192_k16384,256,8192,16384,1451360256,True,True,False,True
region_m256_n8192_k24576,256,8192,24576,2109865984,True,True,False,True
region_m256_n8192_k32768,256,8192,32768,2768371712,True,True,False,True
region_m256_n8192_k49152,256,8192,49152,4085383168,True,True,False,True
region_m256_n8192_k65536,256,8192,65536,5402394624,True,True,False,True
region_m256_n8192_k98304,256,8192,98304,8036417536,True,True,False,True
region_m256_n8192_k131072,256,8192,131072,10670440448,False,True,False,False
region_m256_n12288_k256,256,12288,256,304349184,True,True,False,True
region_m256_n12288_k384,256,12288,384,307560448,True,True,False,True
region_m256_n12288_k512,256,12288,512,310771712,True,True,False,True
region_m256_n12288_k768,256,12288,768,331874304,True,True,False,True
region_m256_n12288_k1024,256,12288,1024,338296832,True,True,False,True
region_m256_n12288_k1536,256,12288,1536,393084928,True,True,False,True
region_m256_n12288_k2048,256,12288,2048,475136000,True,True,False,True
region_m256_n12288_k3072,256,12288,3072,539623424,True,True,False,True
region_m256_n12288_k4096,256,12288,4096,667025408,True,True,False,True
region_m256_n12288_k6144,256,12288,6144,877789184,True,True,False,True
region_m256_n12288_k8192,256,12288,8192,1132593152,True,True,False,True
region_m256_n12288_k12288,256,12288,12288,1554120704,True,True,False,True
region_m256_n12288_k16384,256,12288,16384,2005008384,True,True,False,True
region_m256_n12288_k24576,256,12288,24576,2906783744,True,True,False,True
region_m256_n12288_k32768,256,12288,32768,3808559104,True,True,False,True
region_m256_n12288_k49152,256,12288,49152,5612109824,True,True,False,True
region_m256_n12288_k65536,256,12288,65536,7415660544,True,True,False,True
region_m256_n12288_k98304,256,12288,98304,11022761984,False,True,False,False
region_m256_n12288_k131072,256,12288,131072,14629863424,False,True,False,False
region_m256_n16384_k256,256,16384,256,402915328,True,True,False,True
region_m256_n16384_k384,256,16384,384,407175168,True,True,False,True
region_m256_n16384_k512,256,16384,512,411435008,True,True,False,True
region_m256_n16384_k768,256,16384,768,438829056,True,True,False,True
region_m256_n16384_k1024,256,16384,1024,448921600,True,True,False,True
region_m256_n16384_k1536,256,16384,1536,518914048,True,True,False,True
region_m256_n16384_k2048,256,16384,2048,626130944,True,True,False,True
region_m256_n16384_k3072,256,16384,3072,710541312,True,True,False,True
region_m256_n16384_k4096,256,16384,4096,881459200,True,True,False,True
region_m256_n16384_k6144,256,16384,6144,1152516096,True,True,False,True
region_m256_n16384_k8192,256,16384,8192,1484914688,True,True,False,True
region_m256_n16384_k12288,256,16384,12288,2036465664,True,True,False,True
region_m256_n16384_k16384,256,16384,16384,2625765376,True,True,False,True
region_m256_n16384_k24576,256,16384,24576,3804364800,True,True,False,True
region_m256_n16384_k32768,256,16384,32768,4982964224,True,True,False,True
region_m256_n16384_k49152,256,16384,49152,7340163072,True,True,False,True
region_m256_n16384_k65536,256,16384,65536,9697361920,False,True,False,False
region_m256_n16384_k98304,256,16384,98304,14411759616,False,True,False,False
region_m256_n16384_k131072,256,16384,131072,19126157312,False,True,False,False
region_m256_n24576_k256,256,24576,256,600047616,True,True,False,True
region_m256_n24576_k384,256,24576,384,606404608,True,True,False,True
region_m256_n24576_k512,256,24576,512,612761600,True,True,False,True
region_m256_n24576_k768,256,24576,768,652738560,True,True,False,True
region_m256_n24576_k1024,256,24576,1024,665452544,True,True,False,True
region_m256_n24576_k1536,256,24576,1536,770572288,True,True,False,True
region_m256_n24576_k2048,256,24576,2048,928120832,True,True,False,True
region_m256_n24576_k3072,256,24576,3072,1042939904,True,True,False,True
region_m256_n24576_k4096,256,24576,4096,1296171008,True,True,False,True
region_m256_n24576_k6144,256,24576,6144,1683095552,True,True,False,True
region_m256_n24576_k8192,256,24576,8192,2189557760,True,True,False,True
region_m256_n24576_k12288,256,24576,12288,2963406848,True,True,False,True
region_m256_n24576_k16384,256,24576,16384,3826384896,True,True,False,True
region_m256_n24576_k24576,256,24576,24576,5524029440,True,True,False,True
region_m256_n24576_k32768,256,24576,32768,7249985536,True,True,False,True
region_m256_n24576_k49152,256,24576,49152,10645274624,False,True,False,False
region_m256_n24576_k65536,256,24576,65536,14059438080,False,True,False,False
region_m256_n24576_k98304,256,24576,98304,20887764992,False,True,False,False
region_m256_n24576_k131072,256,24576,131072,27716091904,False,True,False,False
region_m256_n32768_k256,256,32768,256,797179904,True,True,False,True
region_m256_n32768_k384,256,32768,384,805634048,True,True,False,True
region_m256_n32768_k512,256,32768,512,814088192,True,True,False,True
region_m256_n32768_k768,256,32768,768,866648064,True,True,False,True
region_m256_n32768_k1024,256,32768,1024,883556352,True,True,False,True
region_m256_n32768_k1536,256,32768,1536,1022230528,True,True,False,True
region_m256_n32768_k2048,256,32768,2048,1230110720,True,True,False,True
region_m256_n32768_k3072,256,32768,3072,1387921408,True,True,False,True
region_m256_n32768_k4096,256,32768,4096,1715601408,True,True,False,True
region_m256_n32768_k6144,256,32768,6144,2238840832,True,True,False,True
region_m256_n32768_k8192,256,32768,8192,2894200832,True,True,False,True
region_m256_n32768_k12288,256,32768,12288,3940679680,True,True,False,True
region_m256_n32768_k16384,256,32768,16384,5075238912,True,True,False,True
region_m256_n32768_k24576,256,32768,24576,7344357376,True,True,False,True
region_m256_n32768_k32768,256,32768,32768,9613475840,False,True,False,False
region_m256_n32768_k49152,256,32768,49152,14151712768,False,True,False,False
region_m256_n32768_k65536,256,32768,65536,18689949696,False,True,False,False
region_m256_n32768_k98304,256,32768,98304,27766423552,False,True,False,False
region_m256_n32768_k131072,256,32768,131072,36842897408,False,True,False,False
region_m256_n49152_k256,256,49152,256,1191444480,True,True,False,True
region_m256_n49152_k384,256,49152,384,1204092928,True,True,False,True
region_m256_n49152_k512,256,49152,512,1216741376,True,True,False,True
region_m256_n49152_k768,256,49152,768,1294467072,True,True,False,True
region_m256_n49152_k1024,256,49152,1024,1319763968,True,True,False,True
region_m256_n49152_k1536,256,49152,1536,1525547008,True,True,False,True
region_m256_n49152_k2048,256,49152,2048,1834090496,True,True,False,True
region_m256_n49152_k3072,256,49152,3072,2049572864,True,True,False,True
region_m256_n49152_k4096,256,49152,4096,2554462208,True,True,False,True
region_m256_n49152_k6144,256,49152,6144,3293708288,True,True,False,True
region_m256_n49152_k8192,256,49152,8192,4303486976,True,True,False,True
region_m256_n49152_k12288,256,49152,12288,5781979136,True,True,False,True
region_m256_n49152_k16384,256,49152,16384,7493255168,True,True,False,True
region_m256_n49152_k24576,256,49152,24576,10758520832,False,True,False,False
region_m256_n49152_k32768,256,49152,32768,14181072896,False,True,False,False
region_m256_n49152_k49152,256,49152,49152,20711604224,False,True,False,False
region_m256_n49152_k65536,256,49152,65536,27346993152,False,True,False,False
region_m256_n49152_k98304,256,49152,98304,40617771008,False,True,False,False
region_m256_n49152_k131072,256,49152,131072,53888548864,False,True,False,False
region_m256_n65536_k256,256,65536,256,1585709056,True,True,False,True
region_m256_n65536_k384,256,65536,384,1602551808,True,True,False,True
region_m256_n65536_k512,256,65536,512,1619394560,True,True,False,True
region_m256_n65536_k768,256,65536,768,1722286080,True,True,False,True
region_m256_n65536_k1024,256,65536,1024,1757544448,True,True,False,True
region_m256_n65536_k1536,256,65536,1536,2028863488,True,True,False,True
region_m256_n65536_k2048,256,65536,2048,2438070272,True,True,False,True
region_m256_n65536_k3072,256,65536,3072,2723807232,True,True,False,True
region_m256_n65536_k4096,256,65536,4096,3398041600,True,True,False,True
region_m256_n65536_k6144,256,65536,6144,4373741568,True,True,False,True
region_m256_n65536_k8192,256,65536,8192,5712773120,True,True,False,True
region_m256_n65536_k12288,256,65536,12288,7673610240,True,True,False,True
region_m256_n65536_k16384,256,65536,16384,9960030208,False,True,False,False
region_m256_n65536_k24576,256,65536,24576,14273347584,False,True,False,False
region_m256_n65536_k32768,256,65536,32768,18811584512,False,True,False,False
region_m256_n65536_k49152,256,65536,49152,27472822272,False,True,False,False
region_m256_n65536_k65536,256,65536,65536,36272472064,False,True,False,False
region_m256_n65536_k98304,256,65536,98304,53871771648,False,True,False,False
region_m256_n65536_k131072,256,65536,131072,71471071232,False,True,False,False
region_m256_n98304_k256,256,98304,256,2374238208,True,True,False,True
region_m256_n98304_k384,256,98304,384,2399469568,True,True,False,True
region_m256_n98304_k512,256,98304,512,2424700928,True,True,False,True
region_m256_n98304_k768,256,98304,768,2577924096,True,True,False,True
region_m256_n98304_k1024,256,98304,1024,2628386816,True,True,False,True
region_m256_n98304_k1536,256,98304,1536,3035496448,True,True,False,True
region_m256_n98304_k2048,256,98304,2048,3646029824,True,True,False,True
region_m256_n98304_k3072,256,98304,3072,4062838784,True,True,False,True
region_m256_n98304_k4096,256,98304,4096,5071044608,True,True,False,True
region_m256_n98304_k6144,256,98304,6144,6514933760,True,True,False,True
region_m256_n98304_k8192,256,98304,8192,8531345408,True,True,False,True
region_m256_n98304_k12288,256,98304,12288,11419123712,False,True,False,False
region_m256_n98304_k16384,256,98304,16384,14841675776,False,True,False,False
region_m256_n98304_k24576,256,98304,24576,21227503616,False,True,False,False
region_m256_n98304_k32768,256,98304,32768,28072607744,False,True,False,False
region_m256_n98304_k49152,256,98304,49152,40844263424,False,True,False,False
region_m256_n98304_k65536,256,98304,65536,53956706304,False,True,False,False
region_m256_n98304_k98304,256,98304,98304,80077783040,False,True,False,False
region_m256_n98304_k131072,256,98304,131072,106302668800,False,True,False,False
region_m256_n131072_k256,256,131072,256,3162767360,True,True,False,True
region_m256_n131072_k384,256,131072,384,3196387328,True,True,False,True
region_m256_n131072_k512,256,131072,512,3230007296,True,True,False,True
region_m256_n131072_k768,256,131072,768,3433562112,True,True,False,True
region_m256_n131072_k1024,256,131072,1024,3500802048,True,True,False,True
region_m256_n131072_k1536,256,131072,1536,4042129408,True,True,False,True
region_m256_n131072_k2048,256,131072,2048,4853989376,True,True,False,True
region_m256_n131072_k3072,256,131072,3072,5414453248,True,True,False,True
region_m256_n131072_k4096,256,131072,4096,6748766208,True,True,False,True
region_m256_n131072_k6144,256,131072,6144,8681291776,False,True,False,False
region_m256_n131072_k8192,256,131072,8192,11349917696,False,True,False,False
region_m256_n131072_k12288,256,131072,12288,15214968832,False,True,False,False
region_m256_n131072_k16384,256,131072,16384,19740622848,False,True,False,False
region_m256_n131072_k24576,256,131072,24576,28282322944,False,True,False,False
region_m256_n131072_k32768,256,131072,32768,37333630976,False,True,False,False
region_m256_n131072_k49152,256,131072,49152,54417031168,False,True,False,False
region_m256_n131072_k65536,256,131072,65536,71840169984,False,True,False,False
region_m256_n131072_k98304,256,131072,98304,106686447616,False,True,False,False
region_m256_n131072_k131072,256,131072,131072,141532725248,False,True,False,False
region_m384_n256_k256,384,256,256,50790400,True,True,False,True
region_m384_n256_k384,384,256,384,50954240,True,True,False,True
region_m384_n256_k512,384,256,512,51118080,True,True,False,True
region_m384_n256_k768,384,256,768,57737216,True,True,False,True
region_m384_n256_k1024,384,256,1024,58064896,True,True,False,True
region_m384_n256_k1536,384,256,1536,70254592,True,True,False,True
region_m384_n256_k2048,384,256,2048,82444288,True,True,False,True
region_m384_n256_k3072,384,256,3072,106823680,True,True,False,True
region_m384_n256_k4096,384,256,4096,131203072,True,True,False,True
region_m384_n256_k6144,384,256,6144,179961856,True,True,False,True
region_m384_n256_k8192,384,256,8192,228720640,True,True,False,True
region_m384_n256_k12288,384,256,12288,326238208,True,True,False,True
region_m384_n256_k16384,384,256,16384,423755776,True,True,False,True
region_m384_n256_k24576,384,256,24576,618790912,True,True,False,True
region_m384_n256_k32768,384,256,32768,813826048,True,True,False,True
region_m384_n256_k49152,384,256,49152,1203896320,True,True,False,True
region_m384_n256_k65536,384,256,65536,1593966592,True,True,False,True
region_m384_n256_k98304,384,256,98304,2374107136,True,True,False,True
region_m384_n256_k131072,384,256,131072,3154247680,True,True,False,True
region_m384_n384_k256,384,384,256,50855936,True,True,False,True
region_m384_n384_k384,384,384,384,51052544,True,True,True,False
region_m384_n384_k512,384,384,512,51249152,True,True,False,True
region_m384_n384_k768,384,384,768,57933824,True,True,False,True
region_m384_n384_k1024,384,384,1024,58327040,True,True,False,True
region_m384_n384_k1536,384,384,1536,70647808,True,True,False,True
region_m384_n384_k2048,384,384,2048,82968576,True,True,False,True
region_m384_n384_k3072,384,384,3072,107610112,True,True,False,True
region_m384_n384_k4096,384,384,4096,132251648,True,True,False,True
region_m384_n384_k6144,384,384,6144,181534720,True,True,False,True
region_m384_n384_k8192,384,384,8192,230817792,True,True,False,True
region_m384_n384_k12288,384,384,12288,329383936,True,True,False,True
region_m384_n384_k16384,384,384,16384,427950080,True,True,False,True
region_m384_n384_k24576,384,384,24576,625082368,True,True,False,True
region_m384_n384_k32768,384,384,32768,822214656,True,True,False,True
region_m384_n384_k49152,384,384,49152,1216479232,True,True,False,True
region_m384_n384_k65536,384,384,65536,1610743808,True,True,False,True
region_m384_n384_k98304,384,384,98304,2399272960,True,True,False,True
region_m384_n384_k131072,384,384,131072,3187802112,True,True,False,True
region_m384_n512_k256,384,512,256,50921472,True,True,False,True
region_m384_n512_k384,384,512,384,51150848,True,True,False,True
region_m384_n512_k512,384,512,512,51380224,True,True,False,True
region_m384_n512_k768,384,512,768,58130432,True,True,False,True
region_m384_n512_k1024,384,512,1024,58589184,True,True,False,True
region_m384_n512_k1536,384,512,1536,71041024,True,True,False,True
region_m384_n512_k2048,384,512,2048,83492864,True,True,False,True
region_m384_n512_k3072,384,512,3072,108396544,True,True,False,True
region_m384_n512_k4096,384,512,4096,133300224,True,True,False,True
region_m384_n512_k6144,384,512,6144,183107584,True,True,False,True
region_m384_n512_k8192,384,512,8192,232914944,True,True,False,True
region_m384_n512_k12288,384,512,12288,332529664,True,True,False,True
region_m384_n512_k16384,384,512,16384,432144384,True,True,False,True
region_m384_n512_k24576,384,512,24576,631373824,True,True,False,True
region_m384_n512_k32768,384,512,32768,830603264,True,True,False,True
region_m384_n512_k49152,384,512,49152,1229062144,True,True,False,True
region_m384_n512_k65536,384,512,65536,1627521024,True,True,False,True
region_m384_n512_k98304,384,512,98304,2424438784,True,True,False,True
region_m384_n512_k131072,384,512,131072,3221356544,True,True,False,True
region_m384_n768_k256,384,768,256,51052544,True,True,False,True
region_m384_n768_k384,384,768,384,51347456,True,True,False,True
region_m384_n768_k512,384,768,512,51642368,True,True,False,True
region_m384_n768_k768,384,768,768,58523648,True,True,False,True
region_m384_n768_k1024,384,768,1024,59113472,True,True,False,True
region_m384_n768_k1536,384,768,1536,71827456,True,True,False,True
region_m384_n768_k2048,384,768,2048,84541440,True,True,False,True
region_m384_n768_k3072,384,768,3072,109969408,True,True,False,True
region_m384_n768_k4096,384,768,4096,135397376,True,True,False,True
region_m384_n768_k6144,384,768,6144,186253312,True,True,False,True
region_m384_n768_k8192,384,768,8192,237109248,True,True,False,True
region_m384_n768_k12288,384,768,12288,338821120,True,True,False,True
region_m384_n768_k16384,384,768,16384,440532992,True,True,False,True
region_m384_n768_k24576,384,768,24576,643956736,True,True,False,True
region_m384_n768_k32768,384,768,32768,847380480,True,True,False,True
region_m384_n768_k49152,384,768,49152,1254227968,True,True,False,True
region_m384_n768_k65536,384,768,65536,1661075456,True,True,False,True
region_m384_n768_k98304,384,768,98304,2474770432,True,True,False,True
region_m384_n768_k131072,384,768,131072,3288465408,True,True,False,True
region_m384_n1024_k256,384,1024,256,51183616,True,True,False,True
region_m384_n1024_k384,384,1024,384,51544064,True,True,False,True
region_m384_n1024_k512,384,1024,512,51904512,True,True,False,True
region_m384_n1024_k768,384,1024,768,58916864,True,True,False,True
region_m384_n1024_k1024,384,1024,1024,60424192,True,True,False,True
region_m384_n1024_k1536,384,1024,1536,72613888,True,True,False,True
region_m384_n1024_k2048,384,1024,2048,85590016,True,True,False,True
region_m384_n1024_k3072,384,1024,3072,111542272,True,True,False,True
region_m384_n1024_k4096,384,1024,4096,137494528,True,True,False,True
region_m384_n1024_k6144,384,1024,6144,189399040,True,True,False,True
region_m384_n1024_k8192,384,1024,8192,241303552,True,True,False,True
region_m384_n1024_k12288,384,1024,12288,345112576,True,True,False,True
region_m384_n1024_k16384,384,1024,16384,448921600,True,True,False,True
region_m384_n1024_k24576,384,1024,24576,656539648,True,True,False,True
region_m384_n1024_k32768,384,1024,32768,864157696,True,True,False,True
region_m384_n1024_k49152,384,1024,49152,1279393792,True,True,False,True
region_m384_n1024_k65536,384,1024,65536,1694629888,True,True,False,True
region_m384_n1024_k98304,384,1024,98304,2525102080,True,True,False,True
region_m384_n1024_k131072,384,1024,131072,3355574272,True,True,False,True
region_m384_n1536_k256,384,1536,256,57737216,True,True,False,True
region_m384_n1536_k384,384,1536,384,58228736,True,True,False,True
region_m384_n1536_k512,384,1536,512,58720256,True,True,False,True
region_m384_n1536_k768,384,1536,768,63897600,True,True,False,True
region_m384_n1536_k1024,384,1536,1024,64880640,True,True,False,True
region_m384_n1536_k1536,384,1536,1536,77332480,True,True,False,True
region_m384_n1536_k2048,384,1536,2048,96075776,True,True,False,True
region_m384_n1536_k3072,384,1536,3072,114688000,True,True,False,True
region_m384_n1536_k4096,384,1536,4096,144834560,True,True,False,True
region_m384_n1536_k6144,384,1536,6144,195690496,True,True,False,True
region_m384_n1536_k8192,384,1536,8192,255983616,True,True,False,True
region_m384_n1536_k12288,384,1536,12288,357695488,True,True,False,True
region_m384_n1536_k16384,384,1536,16384,468844544,True,True,False,True
region_m384_n1536_k24576,384,1536,24576,681705472,True,True,False,True
region_m384_n1536_k32768,384,1536,32768,904003584,True,True,False,True
region_m384_n1536_k49152,384,1536,49152,1329725440,True,True,False,True
region_m384_n1536_k65536,384,1536,65536,1764884480,True,True,False,True
region_m384_n1536_k98304,384,1536,98304,2625765376,True,True,False,True
region_m384_n1536_k131072,384,1536,131072,3496083456,True,True,False,True
region_m384_n2048_k256,384,2048,256,62717952,True,True,False,True
region_m384_n2048_k384,384,2048,384,63340544,True,True,False,True
region_m384_n2048_k512,384,2048,512,63963136,True,True,False,True
region_m384_n2048_k768,384,2048,768,69926912,True,True,False,True
region_m384_n2048_k1024,384,2048,1024,71172096,True,True,False,True
region_m384_n2048_k1536,384,2048,1536,86245376,True,True,False,True
region_m384_n2048_k2048,384,2048,2048,104464384,True,True,False,True
region_m384_n2048_k3072,384,2048,3072,134610944,True,True,False,True
region_m384_n2048_k4096,384,2048,4096,166854656,True,True,False,True
region_m384_n2048_k6144,384,2048,6144,231342080,True,True,False,True
region_m384_n2048_k8192,384,2048,8192,295829504,True,True,False,True
region_m384_n2048_k12288,384,2048,12288,424804352,True,True,False,True
region_m384_n2048_k16384,384,2048,16384,553779200,True,True,False,True
region_m384_n2048_k24576,384,2048,24576,811728896,True,True,False,True
region_m384_n2048_k32768,384,2048,32768,1069678592,True,True,False,True
region_m384_n2048_k49152,384,2048,49152,1585577984,True,True,False,True
region_m384_n2048_k65536,384,2048,65536,2101477376,True,True,False,True
region_m384_n2048_k98304,384,2048,98304,3133276160,True,True,False,True
region_m384_n2048_k131072,384,2048,131072,4165074944,True,True,False,True
region_m384_n3072_k256,384,3072,256,100466688,True,True,False,True
region_m384_n3072_k384,384,3072,384,101351424,True,True,False,True
region_m384_n3072_k512,384,3072,512,102236160,True,True,False,True
region_m384_n3072_k768,384,3072,768,110297088,True,True,False,True
region_m384_n3072_k1024,384,3072,1024,112066560,True,True,False,True
region_m384_n3072_k1536,384,3072,1536,132382720,True,True,False,True
region_m384_n3072_k2048,384,3072,2048,156893184,True,True,False,True
region_m384_n3072_k3072,384,3072,3072,195428352,True,True,False,True
region_m384_n3072_k4096,384,3072,4096,238157824,True,True,False,True
region_m384_n3072_k6144,384,3072,6144,323616768,True,True,False,True
region_m384_n3072_k8192,384,3072,8192,409075712,True,True,False,True
region_m384_n3072_k12288,384,3072,12288,579993600,True,True,False,True
region_m384_n3072_k16384,384,3072,16384,750911488,True,True,False,True
region_m384_n3072_k24576,384,3072,24576,1092747264,True,True,False,True
region_m384_n3072_k32768,384,3072,32768,1434583040,True,True,False,True
region_m384_n3072_k49152,384,3072,49152,2118254592,True,True,False,True
region_m384_n3072_k65536,384,3072,65536,2801926144,True,True,False,True
region_m384_n3072_k98304,384,3072,98304,4169269248,True,True,False,True
region_m384_n3072_k131072,384,3072,131072,5536612352,True,True,False,True
region_m384_n4096_k256,384,4096,256,107282432,True,True,False,True
region_m384_n4096_k384,384,4096,384,108429312,True,True,False,True
region_m384_n4096_k512,384,4096,512,109576192,True,True,False,True
region_m384_n4096_k768,384,4096,768,118161408,True,True,False,True
region_m384_n4096_k1024,384,4096,1024,122028032,True,True,False,True
region_m384_n4096_k1536,384,4096,1536,141819904,True,True,False,True
region_m384_n4096_k2048,384,4096,2048,173670400,True,True,False,True
region_m384_n4096_k3072,384,4096,3072,208011264,True,True,False,True
region_m384_n4096_k4096,384,4096,4096,254935040,True,True,False,True
region_m384_n4096_k6144,384,4096,6144,348782592,True,True,False,True
region_m384_n4096_k8192,384,4096,8192,442630144,True,True,False,True
region_m384_n4096_k12288,384,4096,12288,630325248,True,True,False,True
region_m384_n4096_k16384,384,4096,16384,818020352,True,True,False,True
region_m384_n4096_k24576,384,4096,24576,1193410560,True,True,False,True
region_m384_n4096_k32768,384,4096,32768,1568800768,True,True,False,True
region_m384_n4096_k49152,384,4096,49152,2319581184,True,True,False,True
region_m384_n4096_k65536,384,4096,65536,3070361600,True,True,False,True
region_m384_n4096_k98304,384,4096,98304,4571922432,True,True,False,True
region_m384_n4096_k131072,384,4096,131072,6073483264,True,True,False,True
region_m384_n6144_k256,384,6144,256,156565504,True,True,False,True
region_m384_n6144_k384,384,6144,384,158236672,True,True,False,True
region_m384_n6144_k512,384,6144,512,159907840,True,True,False,True
region_m384_n6144_k768,384,6144,768,171638784,True,True,False,True
region_m384_n6144_k1024,384,6144,1024,174981120,True,True,False,True
region_m384_n6144_k1536,384,6144,1536,204734464,True,True,False,True
region_m384_n6144_k2048,384,6144,2048,249167872,True,True,False,True
region_m384_n6144_k3072,384,6144,3072,288751616,True,True,False,True
region_m384_n6144_k4096,384,6144,4096,354549760,True,True,False,True
region_m384_n6144_k6144,384,6144,6144,476708864,True,True,False,True
region_m384_n6144_k8192,384,6144,8192,608305152,True,True,False,True
region_m384_n6144_k12288,384,6144,12288,852623360,True,True,False,True
region_m384_n6144_k16384,384,6144,16384,1103233024,True,True,False,True
region_m384_n6144_k24576,384,6144,24576,1604452352,True,True,False,True
region_m384_n6144_k32768,384,6144,32768,2105671680,True,True,False,True
region_m384_n6144_k49152,384,6144,49152,3108110336,True,True,False,True
region_m384_n6144_k65536,384,6144,65536,4110548992,True,True,False,True
region_m384_n6144_k98304,384,6144,98304,6115426304,True,True,False,True
region_m384_n6144_k131072,384,6144,131072,8120303616,True,True,False,True
region_m384_n8192_k256,384,8192,256,205848576,True,True,False,True
region_m384_n8192_k384,384,8192,384,208044032,True,True,False,True
region_m384_n8192_k512,384,8192,512,210239488,True,True,False,True
region_m384_n8192_k768,384,8192,768,225116160,True,True,False,True
region_m384_n8192_k1024,384,8192,1024,229507072,True,True,False,True
region_m384_n8192_k1536,384,8192,1536,267649024,True,True,False,True
region_m384_n8192_k2048,384,8192,2048,324665344,True,True,False,True
region_m384_n8192_k3072,384,8192,3072,382074880,True,True,False,True
region_m384_n8192_k4096,384,8192,4096,464650240,True,True,False,True
region_m384_n8192_k6144,384,8192,6144,629800960,True,True,False,True
region_m384_n8192_k8192,384,8192,8192,794951680,True,True,False,True
region_m384_n8192_k12288,384,8192,12288,1125253120,True,True,False,True
region_m384_n8192_k16384,384,8192,16384,1455554560,True,True,False,True
region_m384_n8192_k24576,384,8192,24576,2116157440,True,True,False,True
region_m384_n8192_k32768,384,8192,32768,2776760320,True,True,False,True
region_m384_n8192_k49152,384,8192,49152,4097966080,True,True,False,True
region_m384_n8192_k65536,384,8192,65536,5419171840,True,True,False,True
region_m384_n8192_k98304,384,8192,98304,8061583360,True,True,False,True
region_m384_n8192_k131072,384,8192,131072,10703994880,False,True,False,False
region_m384_n12288_k256,384,12288,256,304414720,True,True,False,True
region_m384_n12288_k384,384,12288,384,307658752,True,True,False,True
region_m384_n12288_k512,384,12288,512,310902784,True,True,False,True
region_m384_n12288_k768,384,12288,768,332070912,True,True,False,True
region_m384_n12288_k1024,384,12288,1024,338558976,True,True,False,True
region_m384_n12288_k1536,384,12288,1536,393478144,True,True,False,True
region_m384_n12288_k2048,384,12288,2048,475660288,True,True,False,True
region_m384_n12288_k3072,384,12288,3072,540409856,True,True,False,True
region_m384_n12288_k4096,384,12288,4096,668073984,True,True,False,True
region_m384_n12288_k6144,384,12288,6144,879362048,True,True,False,True
region_m384_n12288_k8192,384,12288,8192,1134690304,True,True,False,True
region_m384_n12288_k12288,384,12288,12288,1557266432,True,True,False,True
region_m384_n12288_k16384,384,12288,16384,2009202688,True,True,False,True
region_m384_n12288_k24576,384,12288,24576,2913075200,True,True,False,True
region_m384_n12288_k32768,384,12288,32768,3816947712,True,True,False,True
region_m384_n12288_k49152,384,12288,49152,5624692736,True,True,False,True
region_m384_n12288_k65536,384,12288,65536,7432437760,True,True,False,True
region_m384_n12288_k98304,384,12288,98304,11047927808,False,True,False,False
region_m384_n12288_k131072,384,12288,131072,14663417856,False,True,False,False
region_m384_n16384_k256,384,16384,256,402980864,True,True,False,True
region_m384_n16384_k384,384,16384,384,407273472,True,True,False,True
region_m384_n16384_k512,384,16384,512,411566080,True,True,False,True
region_m384_n16384_k768,384,16384,768,439025664,True,True,False,True
region_m384_n16384_k1024,384,16384,1024,449183744,True,True,False,True
region_m384_n16384_k1536,384,16384,1536,519307264,True,True,False,True
region_m384_n16384_k2048,384,16384,2048,626655232,True,True,False,True
region_m384_n16384_k3072,384,16384,3072,711327744,True,True,False,True
region_m384_n16384_k4096,384,16384,4096,882507776,True,True,False,True
region_m384_n16384_k6144,384,16384,6144,1154088960,True,True,False,True
region_m384_n16384_k8192,384,16384,8192,1487011840,True,True,False,True
region_m384_n16384_k12288,384,16384,12288,2039611392,True,True,False,True
region_m384_n16384_k16384,384,16384,16384,2629959680,True,True,False,True
region_m384_n16384_k24576,384,16384,24576,3810656256,True,True,False,True
region_m384_n16384_k32768,384,16384,32768,4991352832,True,True,False,True
region_m384_n16384_k49152,384,16384,49152,7352745984,True,True,False,True
region_m384_n16384_k65536,384,16384,65536,9714139136,False,True,False,False
region_m384_n16384_k98304,384,16384,98304,14436925440,False,True,False,False
region_m384_n16384_k131072,384,16384,131072,19159711744,False,True,False,False
region_m384_n24576_k256,384,24576,256,600113152,True,True,False,True
region_m384_n24576_k384,384,24576,384,606502912,True,True,False,True
region_m384_n24576_k512,384,24576,512,612892672,True,True,False,True
region_m384_n24576_k768,384,24576,768,652935168,True,True,False,True
region_m384_n24576_k1024,384,24576,1024,665714688,True,True,False,True
region_m384_n24576_k1536,384,24576,1536,770965504,True,True,False,True
region_m384_n24576_k2048,384,24576,2048,928645120,True,True,False,True
region_m384_n24576_k3072,384,24576,3072,1043726336,True,True,False,True
region_m384_n24576_k4096,384,24576,4096,1297219584,True,True,False,True
region_m384_n24576_k6144,384,24576,6144,1684668416,True,True,False,True
region_m384_n24576_k8192,384,24576,8192,2191654912,True,True,False,True
region_m384_n24576_k12288,384,24576,12288,2966552576,True,True,False,True
region_m384_n24576_k16384,384,24576,16384,3830579200,True,True,False,True
region_m384_n24576_k24576,384,24576,24576,5530320896,True,True,False,True
region_m384_n24576_k32768,384,24576,32768,7258374144,True,True,False,True
region_m384_n24576_k49152,384,24576,49152,10657857536,False,True,False,False
region_m384_n24576_k65536,384,24576,65536,14076215296,False,True,False,False
region_m384_n24576_k98304,384,24576,98304,20912930816,False,True,False,False
region_m384_n24576_k131072,384,24576,131072,27749646336,False,True,False,False
region_m384_n32768_k256,384,32768,256,797245440,True,True,False,True
region_m384_n32768_k384,384,32768,384,805732352,True,True,False,True
region_m384_n32768_k512,384,32768,512,814219264,True,True,False,True
region_m384_n32768_k768,384,32768,768,866844672,True,True,False,True
region_m384_n32768_k1024,384,32768,1024,883818496,True,True,False,True
region_m384_n32768_k1536,384,32768,1536,1022623744,True,True,False,True
region_m384_n32768_k2048,384,32768,2048,1230635008,True,True,False,True
region_m384_n32768_k3072,384,32768,3072,1388707840,True,True,False,True
region_m384_n32768_k4096,384,32768,4096,1716649984,True,True,False,True
region_m384_n32768_k6144,384,32768,6144,2240413696,True,True,False,True
region_m384_n32768_k8192,384,32768,8192,2896297984,True,True,False,True
region_m384_n32768_k12288,384,32768,12288,3943825408,True,True,False,True
region_m384_n32768_k16384,384,32768,16384,5079433216,True,True,False,True
region_m384_n32768_k24576,384,32768,24576,7350648832,True,True,False,True
region_m384_n32768_k32768,384,32768,32768,9621864448,False,True,False,False
region_m384_n32768_k49152,384,32768,49152,14164295680,False,True,False,False
region_m384_n32768_k65536,384,32768,65536,18706726912,False,True,False,False
region_m384_n32768_k98304,384,32768,98304,27791589376,False,True,False,False
region_m384_n32768_k131072,384,32768,131072,36876451840,False,True,False,False
region_m384_n49152_k256,384,49152,256,1191510016,True,True,False,True
region_m384_n49152_k384,384,49152,384,1204191232,True,True,False,True
region_m384_n49152_k512,384,49152,512,1216872448,True,True,False,True
region_m384_n49152_k768,384,49152,768,1294663680,True,True,False,True
region_m384_n49152_k1024,384,49152,1024,1320026112,True,True,False,True
region_m384_n49152_k1536,384,49152,1536,1525940224,True,True,False,True
region_m384_n49152_k2048,384,49152,2048,1834614784,True,True,False,True
region_m384_n49152_k3072,384,49152,3072,2050359296,True,True,False,True
region_m384_n49152_k4096,384,49152,4096,2555510784,True,True,False,True
region_m384_n49152_k6144,384,49152,6144,3295281152,True,True,False,True
region_m384_n49152_k8192,384,49152,8192,4305584128,True,True,False,True
region_m384_n49152_k12288,384,49152,12288,5785124864,True,True,False,True
region_m384_n49152_k16384,384,49152,16384,7497449472,True,True,False,True
region_m384_n49152_k24576,384,49152,24576,10764812288,False,True,False,False
region_m384_n49152_k32768,384,49152,32768,14189461504,False,True,False,False
region_m384_n49152_k49152,384,49152,49152,20724187136,False,True,False,False
region_m384_n49152_k65536,384,49152,65536,27363770368,False,True,False,False
region_m384_n49152_k98304,384,49152,98304,40642936832,False,True,False,False
region_m384_n49152_k131072,384,49152,131072,53922103296,False,True,False,False
region_m384_n65536_k256,384,65536,256,1585774592,True,True,False,True
region_m384_n65536_k384,384,65536,384,1602650112,True,True,False,True
region_m384_n65536_k512,384,65536,512,1619525632,True,True,False,True
region_m384_n65536_k768,384,65536,768,1722482688,True,True,False,True
region_m384_n65536_k1024,384,65536,1024,1757806592,True,True,False,True
region_m384_n65536_k1536,384,65536,1536,2029256704,True,True,False,True
region_m384_n65536_k2048,384,65536,2048,2438594560,True,True,False,True
region_m384_n65536_k3072,384,65536,3072,2724593664,True,True,False,True
region_m384_n65536_k4096,384,65536,4096,3399090176,True,True,False,True
region_m384_n65536_k6144,384,65536,6144,4375314432,True,True,False,True
region_m384_n65536_k8192,384,65536,8192,5714870272,True,True,False,True
region_m384_n65536_k12288,384,65536,12288,7676755968,True,True,False,True
region_m384_n65536_k16384,384,65536,16384,9964224512,False,True,False,False
region_m384_n65536_k24576,384,65536,24576,14279639040,False,True,False,False
region_m384_n65536_k32768,384,65536,32768,18819973120,False,True,False,False
region_m384_n65536_k49152,384,65536,49152,27485405184,False,True,False,False
region_m384_n65536_k65536,384,65536,65536,36289249280,False,True,False,False
region_m384_n65536_k98304,384,65536,98304,53896937472,False,True,False,False
region_m384_n65536_k131072,384,65536,131072,71504625664,False,True,False,False
region_m384_n98304_k256,384,98304,256,2374303744,True,True,False,True
region_m384_n98304_k384,384,98304,384,2399567872,True,True,False,True
region_m384_n98304_k512,384,98304,512,2424832000,True,True,False,True
region_m384_n98304_k768,384,98304,768,2578120704,True,True,False,True
region_m384_n98304_k1024,384,98304,1024,2628648960,True,True,False,True
region_m384_n98304_k1536,384,98304,1536,3035889664,True,True,False,True
region_m384_n98304_k2048,384,98304,2048,3646554112,True,True,False,True
region_m384_n98304_k3072,384,98304,3072,4063625216,True,True,False,True
region_m384_n98304_k4096,384,98304,4096,5072093184,True,True,False,True
region_m384_n98304_k6144,384,98304,6144,6516506624,True,True,False,True
region_m384_n98304_k8192,384,98304,8192,8533442560,True,True,False,True
region_m384_n98304_k12288,384,98304,12288,11422269440,False,True,False,False
region_m384_n98304_k16384,384,98304,16384,14845870080,False,True,False,False
region_m384_n98304_k24576,384,98304,24576,21233795072,False,True,False,False
region_m384_n98304_k32768,384,98304,32768,28080996352,False,True,False,False
region_m384_n98304_k49152,384,98304,49152,40856846336,False,True,False,False
region_m384_n98304_k65536,384,98304,65536,53973483520,False,True,False,False
region_m384_n98304_k98304,384,98304,98304,80102948864,False,True,False,False
region_m384_n98304_k131072,384,98304,131072,106336223232,False,False,False,False
region_m384_n131072_k256,384,131072,256,3162832896,True,True,False,True
region_m384_n131072_k384,384,131072,384,3196485632,True,True,False,True
region_m384_n131072_k512,384,131072,512,3230138368,True,True,False,True
region_m384_n131072_k768,384,131072,768,3433758720,True,True,False,True
region_m384_n131072_k1024,384,131072,1024,3501064192,True,True,False,True
region_m384_n131072_k1536,384,131072,1536,4042522624,True,True,False,True
region_m384_n131072_k2048,384,131072,2048,4854513664,True,True,False,True
region_m384_n131072_k3072,384,131072,3072,5415239680,True,True,False,True
region_m384_n131072_k4096,384,131072,4096,6749814784,True,True,False,True
region_m384_n131072_k6144,384,131072,6144,8682864640,False,True,False,False
region_m384_n131072_k8192,384,131072,8192,11352014848,False,True,False,False
region_m384_n131072_k12288,384,131072,12288,15218114560,False,True,False,False
region_m384_n131072_k16384,384,131072,16384,19744817152,False,True,False,False
region_m384_n131072_k24576,384,131072,24576,28288614400,False,True,False,False
region_m384_n131072_k32768,384,131072,32768,37342019584,False,True,False,False
region_m384_n131072_k49152,384,131072,49152,54429614080,False,True,False,False
region_m384_n131072_k65536,384,131072,65536,71856947200,False,True,False,False
region_m384_n131072_k98304,384,131072,98304,106711613440,False,False,False,False
region_m384_n131072_k131072,384,131072,131072,141566279680,False,False,False,False
region_m512_n256_k256,512,256,256,50855936,True,True,False,True
region_m512_n256_k384,512,256,384,51052544,True,True,False,True
region_m512_n256_k512,512,256,512,51249152,True,True,False,True
region_m512_n256_k768,512,256,768,57933824,True,True,False,True
region_m512_n256_k1024,512,256,1024,58327040,True,True,False,True
region_m512_n256_k1536,512,256,1536,70647808,True,True,False,True
region_m512_n256_k2048,512,256,2048,82968576,True,True,False,True
region_m512_n256_k3072,512,256,3072,107610112,True,True,False,True
region_m512_n256_k4096,512,256,4096,132251648,True,True,False,True
region_m512_n256_k6144,512,256,6144,181534720,True,True,False,True
region_m512_n256_k8192,512,256,8192,230817792,True,True,False,True
region_m512_n256_k12288,512,256,12288,329383936,True,True,False,True
region_m512_n256_k16384,512,256,16384,427950080,True,True,False,True
region_m512_n256_k24576,512,256,24576,625082368,True,True,False,True
region_m512_n256_k32768,512,256,32768,822214656,True,True,False,True
region_m512_n256_k49152,512,256,49152,1216479232,True,True,False,True
region_m512_n256_k65536,512,256,65536,1610743808,True,True,False,True
region_m512_n256_k98304,512,256,98304,2399272960,True,True,False,True
region_m512_n256_k131072,512,256,131072,3187802112,True,True,False,True
region_m512_n384_k256,512,384,256,50921472,True,True,False,True
region_m512_n384_k384,512,384,384,51150848,True,True,False,True
region_m512_n384_k512,512,384,512,51380224,True,True,False,True
region_m512_n384_k768,512,384,768,58130432,True,True,False,True
region_m512_n384_k1024,512,384,1024,58589184,True,True,False,True
region_m512_n384_k1536,512,384,1536,71041024,True,True,False,True
region_m512_n384_k2048,512,384,2048,83492864,True,True,False,True
region_m512_n384_k3072,512,384,3072,108396544,True,True,False,True
region_m512_n384_k4096,512,384,4096,133300224,True,True,False,True
region_m512_n384_k6144,512,384,6144,183107584,True,True,False,True
region_m512_n384_k8192,512,384,8192,232914944,True,True,False,True
region_m512_n384_k12288,512,384,12288,332529664,True,True,False,True
region_m512_n384_k16384,512,384,16384,432144384,True,True,False,True
region_m512_n384_k24576,512,384,24576,631373824,True,True,False,True
region_m512_n384_k32768,512,384,32768,830603264,True,True,False,True
region_m512_n384_k49152,512,384,49152,1229062144,True,True,False,True
region_m512_n384_k65536,512,384,65536,1627521024,True,True,False,True
region_m512_n384_k98304,512,384,98304,2424438784,True,True,False,True
region_m512_n384_k131072,512,384,131072,3221356544,True,True,False,True
region_m512_n512_k256,512,512,256,50987008,True,True,False,True
region_m512_n512_k384,512,512,384,51249152,True,True,False,True
region_m512_n512_k512,512,512,512,51511296,True,True,True,False
region_m512_n512_k768,512,512,768,58327040,True,True,False,True
region_m512_n512_k1024,512,512,1024,58851328,True,True,False,True
region_m512_n512_k1536,512,512,1536,71434240,True,True,False,True
region_m512_n512_k2048,512,512,2048,84017152,True,True,False,True
region_m512_n512_k3072,512,512,3072,109182976,True,True,False,True
region_m512_n512_k4096,512,512,4096,134348800,True,True,False,True
region_m512_n512_k6144,512,512,6144,184680448,True,True,False,True
region_m512_n512_k8192,512,512,8192,235012096,True,True,False,True
region_m512_n512_k12288,512,512,12288,335675392,True,True,False,True
region_m512_n512_k16384,512,512,16384,436338688,True,True,False,True
region_m512_n512_k24576,512,512,24576,637665280,True,True,False,True
region_m512_n512_k32768,512,512,32768,838991872,True,True,False,True
region_m512_n512_k49152,512,512,49152,1241645056,True,True,False,True
region_m512_n512_k65536,512,512,65536,1644298240,True,True,False,True
region_m512_n512_k98304,512,512,98304,2449604608,True,True,False,True
region_m512_n512_k131072,512,512,131072,3254910976,True,True,False,True
region_m512_n768_k256,512,768,256,51118080,True,True,False,True
region_m512_n768_k384,512,768,384,51445760,True,True,False,True
region_m512_n768_k512,512,768,512,51773440,True,True,False,True
region_m512_n768_k768,512,768,768,58720256,True,True,False,True
region_m512_n768_k1024,512,768,1024,59375616,True,True,False,True
region_m512_n768_k1536,512,768,1536,72220672,True,True,False,True
region_m512_n768_k2048,512,768,2048,85065728,True,True,False,True
region_m512_n768_k3072,512,768,3072,110755840,True,True,False,True
region_m512_n768_k4096,512,768,4096,136445952,True,True,False,True
region_m512_n768_k6144,512,768,6144,187826176,True,True,False,True
region_m512_n768_k8192,512,768,8192,239206400,True,True,False,True
region_m512_n768_k12288,512,768,12288,341966848,True,True,False,True
region_m512_n768_k16384,512,768,16384,444727296,True,True,False,True
region_m512_n768_k24576,512,768,24576,650248192,True,True,False,True
region_m512_n768_k32768,512,768,32768,855769088,True,True,False,True
region_m512_n768_k49152,512,768,49152,1266810880,True,True,False,True
region_m512_n768_k65536,512,768,65536,1677852672,True,True,False,True
region_m512_n768_k98304,512,768,98304,2499936256,True,True,False,True
region_m512_n768_k131072,512,768,131072,3322019840,True,True,False,True
region_m512_n1024_k256,512,1024,256,51249152,True,True,False,True
region_m512_n1024_k384,512,1024,384,51642368,True,True,False,True
region_m512_n1024_k512,512,1024,512,52035584,True,True,False,True
region_m512_n1024_k768,512,1024,768,59113472,True,True,False,True
region_m512_n1024_k1024,512,1024,1024,60686336,True,True,False,True
region_m512_n1024_k1536,512,1024,1536,73007104,True,True,False,True
region_m512_n1024_k2048,512,1024,2048,86114304,True,True,False,True
region_m512_n1024_k3072,512,1024,3072,112328704,True,True,True,False
region_m512_n1024_k4096,512,1024,4096,138543104,True,True,True,False
region_m512_n1024_k6144,512,1024,6144,190971904,True,True,False,True
region_m512_n1024_k8192,512,1024,8192,243400704,True,True,False,True
region_m512_n1024_k12288,512,1024,12288,348258304,True,True,False,True
region_m512_n1024_k16384,512,1024,16384,453115904,True,True,False,True
region_m512_n1024_k24576,512,1024,24576,662831104,True,True,False,True
region_m512_n1024_k32768,512,1024,32768,872546304,True,True,False,True
region_m512_n1024_k49152,512,1024,49152,1291976704,True,True,False,True
region_m512_n1024_k65536,512,1024,65536,1711407104,True,True,False,True
region_m512_n1024_k98304,512,1024,98304,2550267904,True,True,False,True
region_m512_n1024_k131072,512,1024,131072,3389128704,True,True,False,True
region_m512_n1536_k256,512,1536,256,57802752,True,True,False,True
region_m512_n1536_k384,512,1536,384,58327040,True,True,False,True
region_m512_n1536_k512,512,1536,512,58851328,True,True,False,True
region_m512_n1536_k768,512,1536,768,64094208,True,True,False,True
region_m512_n1536_k1024,512,1536,1024,65142784,True,True,False,True
region_m512_n1536_k1536,512,1536,1536,77725696,True,True,False,True
region_m512_n1536_k2048,512,1536,2048,96600064,True,True,False,True
region_m512_n1536_k3072,512,1536,3072,115474432,True,True,False,True
region_m512_n1536_k4096,512,1536,4096,145883136,True,True,False,True
region_m512_n1536_k6144,512,1536,6144,197263360,True,True,False,True
region_m512_n1536_k8192,512,1536,8192,258080768,True,True,False,True
region_m512_n1536_k12288,512,1536,12288,360841216,True,True,False,True
region_m512_n1536_k16384,512,1536,16384,473038848,True,True,False,True
region_m512_n1536_k24576,512,1536,24576,687996928,True,True,False,True
region_m512_n1536_k32768,512,1536,32768,912392192,True,True,False,True
region_m512_n1536_k49152,512,1536,49152,1342308352,True,True,False,True
region_m512_n1536_k65536,512,1536,65536,1781661696,True,True,False,True
region_m512_n1536_k98304,512,1536,98304,2650931200,True,True,False,True
region_m512_n1536_k131072,512,1536,131072,3529637888,True,True,False,True
region_m512_n2048_k256,512,2048,256,62783488,True,True,False,True
region_m512_n2048_k384,512,2048,384,63438848,True,True,False,True
region_m512_n2048_k512,512,2048,512,64094208,True,True,False,True
region_m512_n2048_k768,512,2048,768,70123520,True,True,False,True
region_m512_n2048_k1024,512,2048,1024,71434240,True,True,True,False
region_m512_n2048_k1536,512,2048,1536,86638592,True,True,False,True
region_m512_n2048_k2048,512,2048,2048,104988672,True,True,True,False
region_m512_n2048_k3072,512,2048,3072,135397376,True,True,False,True
region_m512_n2048_k4096,512,2048,4096,167903232,True,True,False,True
region_m512_n2048_k6144,512,2048,6144,232914944,True,True,False,True
region_m512_n2048_k8192,512,2048,8192,297926656,True,True,True,False
region_m512_n2048_k12288,512,2048,12288,427950080,True,True,False,True
region_m512_n2048_k16384,512,2048,16384,557973504,True,True,False,True
region_m512_n2048_k24576,512,2048,24576,818020352,True,True,False,True
region_m512_n2048_k32768,512,2048,32768,1078067200,True,True,False,True
region_m512_n2048_k49152,512,2048,49152,1598160896,True,True,False,True
region_m512_n2048_k65536,512,2048,65536,2118254592,True,True,False,True
region_m512_n2048_k98304,512,2048,98304,3158441984,True,True,False,True
region_m512_n2048_k131072,512,2048,131072,4198629376,True,True,False,True
region_m512_n3072_k256,512,3072,256,100532224,True,True,False,True
region_m512_n3072_k384,512,3072,384,101449728,True,True,False,True
region_m512_n3072_k512,512,3072,512,102367232,True,True,False,True
region_m512_n3072_k768,512,3072,768,110493696,True,True,False,True
region_m512_n3072_k1024,512,3072,1024,112328704,True,True,False,True
region_m512_n3072_k1536,512,3072,1536,132775936,True,True,False,True
region_m512_n3072_k2048,512,3072,2048,157417472,True,True,False,True
region_m512_n3072_k3072,512,3072,3072,196214784,True,True,False,True
region_m512_n3072_k4096,512,3072,4096,239206400,True,True,False,True
region_m512_n3072_k6144,512,3072,6144,325189632,True,True,False,True
region_m512_n3072_k8192,512,3072,8192,411172864,True,True,False,True
region_m512_n3072_k12288,512,3072,12288,583139328,True,True,False,True
region_m512_n3072_k16384,512,3072,16384,755105792,True,True,False,True
region_m512_n3072_k24576,512,3072,24576,1099038720,True,True,False,True
region_m512_n3072_k32768,512,3072,32768,1442971648,True,True,False,True
region_m512_n3072_k49152,512,3072,49152,2130837504,True,True,False,True
region_m512_n3072_k65536,512,3072,65536,2818703360,True,True,False,True
region_m512_n3072_k98304,512,3072,98304,4194435072,True,True,False,True
region_m512_n3072_k131072,512,3072,131072,5570166784,True,True,False,True
region_m512_n4096_k256,512,4096,256,107347968,True,True,False,True
region_m512_n4096_k384,512,4096,384,108527616,True,True,False,True
region_m512_n4096_k512,512,4096,512,109707264,True,True,False,True
region_m512_n4096_k768,512,4096,768,118358016,True,True,False,True
region_m512_n4096_k1024,512,4096,1024,122290176,True,True,False,True
region_m512_n4096_k1536,512,4096,1536,142213120,True,True,False,True
region_m512_n4096_k2048,512,4096,2048,174194688,True,True,False,True
region_m512_n4096_k3072,512,4096,3072,208797696,True,True,False,True
region_m512_n4096_k4096,512,4096,4096,255983616,True,True,False,True
region_m512_n4096_k6144,512,4096,6144,350355456,True,True,False,True
region_m512_n4096_k8192,512,4096,8192,444727296,True,True,False,True
region_m512_n4096_k12288,512,4096,12288,633470976,True,True,False,True
region_m512_n4096_k16384,512,4096,16384,822214656,True,True,True,False
region_m512_n4096_k24576,512,4096,24576,1199702016,True,True,False,True
region_m512_n4096_k32768,512,4096,32768,1577189376,True,True,False,True
region_m512_n4096_k49152,512,4096,49152,2332164096,True,True,False,True
region_m512_n4096_k65536,512,4096,65536,3087138816,True,True,False,True
region_m512_n4096_k98304,512,4096,98304,4597088256,True,True,False,True
region_m512_n4096_k131072,512,4096,131072,6107037696,True,True,False,True
region_m512_n6144_k256,512,6144,256,156631040,True,True,False,True
region_m512_n6144_k384,512,6144,384,158334976,True,True,False,True
region_m512_n6144_k512,512,6144,512,160038912,True,True,False,True
region_m512_n6144_k768,512,6144,768,171835392,True,True,False,True
region_m512_n6144_k1024,512,6144,1024,175243264,True,True,False,True
region_m512_n6144_k1536,512,6144,1536,205127680,True,True,False,True
region_m512_n6144_k2048,512,6144,2048,249692160,True,True,False,True
region_m512_n6144_k3072,512,6144,3072,289538048,True,True,False,True
region_m512_n6144_k4096,512,6144,4096,355598336,True,True,False,True
region_m512_n6144_k6144,512,6144,6144,478281728,True,True,False,True
region_m512_n6144_k8192,512,6144,8192,610402304,True,True,False,True
region_m512_n6144_k12288,512,6144,12288,855769088,True,True,False,True
region_m512_n6144_k16384,512,6144,16384,1107427328,True,True,False,True
region_m512_n6144_k24576,512,6144,24576,1610743808,True,True,False,True
region_m512_n6144_k32768,512,6144,32768,2114060288,True,True,False,True
region_m512_n6144_k49152,512,6144,49152,3120693248,True,True,False,True
region_m512_n6144_k65536,512,6144,65536,4127326208,True,True,False,True
region_m512_n6144_k98304,512,6144,98304,6140592128,True,True,False,True
region_m512_n6144_k131072,512,6144,131072,8153858048,True,True,False,True
region_m512_n8192_k256,512,8192,256,205914112,True,True,False,True
region_m512_n8192_k384,512,8192,384,208142336,True,True,False,True
region_m512_n8192_k512,512,8192,512,210370560,True,True,False,True
region_m512_n8192_k768,512,8192,768,225312768,True,True,False,True
region_m512_n8192_k1024,512,8192,1024,229769216,True,True,False,True
region_m512_n8192_k1536,512,8192,1536,268042240,True,True,False,True
region_m512_n8192_k2048,512,8192,2048,325189632,True,True,True,False
region_m512_n8192_k3072,512,8192,3072,382861312,True,True,False,True
region_m512_n8192_k4096,512,8192,4096,465698816,True,True,False,True
region_m512_n8192_k6144,512,8192,6144,631373824,True,True,False,True
region_m512_n8192_k8192,512,8192,8192,797048832,True,True,False,True
region_m512_n8192_k12288,512,8192,12288,1128398848,True,True,False,True
region_m512_n8192_k16384,512,8192,16384,1459748864,True,True,False,True
region_m512_n8192_k24576,512,8192,24576,2122448896,True,True,False,True
region_m512_n8192_k32768,512,8192,32768,2785148928,True,True,False,True
region_m512_n8192_k49152,512,8192,49152,4110548992,True,True,False,True
region_m512_n8192_k65536,512,8192,65536,5435949056,True,True,False,True
region_m512_n8192_k98304,512,8192,98304,8086749184,True,True,False,True
region_m512_n8192_k131072,512,8192,131072,10737549312,False,True,False,False
region_m512_n12288_k256,512,12288,256,304480256,True,True,False,True
region_m512_n12288_k384,512,12288,384,307757056,True,True,False,True
region_m512_n12288_k512,512,12288,512,311033856,True,True,False,True
region_m512_n12288_k768,512,12288,768,332267520,True,True,False,True
region_m512_n12288_k1024,512,12288,1024,338821120,True,True,False,True
region_m512_n12288_k1536,512,12288,1536,393871360,True,True,False,True
region_m512_n12288_k2048,512,12288,2048,476184576,True,True,False,True
region_m512_n12288_k3072,512,12288,3072,541196288,True,True,False,True
region_m512_n12288_k4096,512,12288,4096,669122560,True,True,False,True
region_m512_n12288_k6144,512,12288,6144,880934912,True,True,False,True
region_m512_n12288_k8192,512,12288,8192,1136787456,True,True,False,True
region_m512_n12288_k12288,512,12288,12288,1560412160,True,True,False,True
region_m512_n12288_k16384,512,12288,16384,2013396992,True,True,False,True
region_m512_n12288_k24576,512,12288,24576,2919366656,True,True,False,True
region_m512_n12288_k32768,512,12288,32768,3825336320,True,True,False,True
region_m512_n12288_k49152,512,12288,49152,5637275648,True,True,False,True
region_m512_n12288_k65536,512,12288,65536,7449214976,True,True,False,True
region_m512_n12288_k98304,512,12288,98304,11073093632,False,True,False,False
region_m512_n12288_k131072,512,12288,131072,14696972288,False,True,False,False
region_m512_n16384_k256,512,16384,256,403046400,True,True,False,True
region_m512_n16384_k384,512,16384,384,407371776,True,True,False,True
region_m512_n16384_k512,512,16384,512,411697152,True,True,False,True
region_m512_n16384_k768,512,16384,768,439222272,True,True,False,True
region_m512_n16384_k1024,512,16384,1024,449445888,True,True,False,True
region_m512_n16384_k1536,512,16384,1536,519700480,True,True,False,True
region_m512_n16384_k2048,512,16384,2048,627179520,True,True,False,True
region_m512_n16384_k3072,512,16384,3072,712114176,True,True,False,True
region_m512_n16384_k4096,512,16384,4096,883556352,True,True,True,False
region_m512_n16384_k6144,512,16384,6144,1155661824,True,True,False,True
region_m512_n16384_k8192,512,16384,8192,1489108992,True,True,False,True
region_m512_n16384_k12288,512,16384,12288,2042757120,True,True,False,True
region_m512_n16384_k16384,512,16384,16384,2634153984,True,True,False,True
region_m512_n16384_k24576,512,16384,24576,3816947712,True,True,False,True
region_m512_n16384_k32768,512,16384,32768,4999741440,True,True,False,True
region_m512_n16384_k49152,512,16384,49152,7365328896,True,True,False,True
region_m512_n16384_k65536,512,16384,65536,9730916352,False,True,False,False
region_m512_n16384_k98304,512,16384,98304,14462091264,False,True,False,False
region_m512_n16384_k131072,512,16384,131072,19193266176,False,True,False,False
region_m512_n24576_k256,512,24576,256,600178688,True,True,False,True
region_m512_n24576_k384,512,24576,384,606601216,True,True,False,True
region_m512_n24576_k512,512,24576,512,613023744,True,True,False,True
region_m512_n24576_k768,512,24576,768,653131776,True,True,False,True
region_m512_n24576_k1024,512,24576,1024,665976832,True,True,False,True
region_m512_n24576_k1536,512,24576,1536,771358720,True,True,False,True
region_m512_n24576_k2048,512,24576,2048,929169408,True,True,False,True
region_m512_n24576_k3072,512,24576,3072,1044512768,True,True,False,True
region_m512_n24576_k4096,512,24576,4096,1298268160,True,True,False,True
region_m512_n24576_k6144,512,24576,6144,1686241280,True,True,False,True
region_m512_n24576_k8192,512,24576,8192,2193752064,True,True,False,True
region_m512_n24576_k12288,512,24576,12288,2969698304,True,True,False,True
region_m512_n24576_k16384,512,24576,16384,3834773504,True,True,False,True
region_m512_n24576_k24576,512,24576,24576,5536612352,True,True,False,True
region_m512_n24576_k32768,512,24576,32768,7266762752,True,True,False,True
region_m512_n24576_k49152,512,24576,49152,10670440448,False,True,False,False
region_m512_n24576_k65536,512,24576,65536,14092992512,False,True,False,False
region_m512_n24576_k98304,512,24576,98304,20938096640,False,True,False,False
region_m512_n24576_k131072,512,24576,131072,27783200768,False,True,False,False
region_m512_n32768_k256,512,32768,256,797310976,True,True,False,True
region_m512_n32768_k384,512,32768,384,805830656,True,True,False,True
region_m512_n32768_k512,512,32768,512,814350336,True,True,False,True
region_m512_n32768_k768,512,32768,768,867041280,True,True,False,True
region_m512_n32768_k1024,512,32768,1024,884080640,True,True,False,True
region_m512_n32768_k1536,512,32768,1536,1023016960,True,True,False,True
region_m512_n32768_k2048,512,32768,2048,1231159296,True,True,False,True
region_m512_n32768_k3072,512,32768,3072,1389494272,True,True,False,True
region_m512_n32768_k4096,512,32768,4096,1717698560,True,True,False,True
region_m512_n32768_k6144,512,32768,6144,2241986560,True,True,False,True
region_m512_n32768_k8192,512,32768,8192,2898395136,True,True,False,True
region_m512_n32768_k12288,512,32768,12288,3946971136,True,True,False,True
region_m512_n32768_k16384,512,32768,16384,5083627520,True,True,False,True
region_m512_n32768_k24576,512,32768,24576,7356940288,True,True,False,True
region_m512_n32768_k32768,512,32768,32768,9630253056,False,True,False,False
region_m512_n32768_k49152,512,32768,49152,14176878592,False,True,False,False
region_m512_n32768_k65536,512,32768,65536,18723504128,False,True,False,False
region_m512_n32768_k98304,512,32768,98304,27816755200,False,True,False,False
region_m512_n32768_k131072,512,32768,131072,36910006272,False,True,False,False
region_m512_n49152_k256,512,49152,256,1191575552,True,True,False,True
region_m512_n49152_k384,512,49152,384,1204289536,True,True,False,True
region_m512_n49152_k512,512,49152,512,1217003520,True,True,False,True
region_m512_n49152_k768,512,49152,768,1294860288,True,True,False,True
region_m512_n49152_k1024,512,49152,1024,1320288256,True,True,False,True
region_m512_n49152_k1536,512,49152,1536,1526333440,True,True,False,True
region_m512_n49152_k2048,512,49152,2048,1835139072,True,True,False,True
region_m512_n49152_k3072,512,49152,3072,2051145728,True,True,False,True
region_m512_n49152_k4096,512,49152,4096,2556559360,True,True,False,True
region_m512_n49152_k6144,512,49152,6144,3296854016,True,True,False,True
region_m512_n49152_k8192,512,49152,8192,4307681280,True,True,False,True
region_m512_n49152_k12288,512,49152,12288,5788270592,True,True,False,True
region_m512_n49152_k16384,512,49152,16384,7501643776,True,True,False,True
region_m512_n49152_k24576,512,49152,24576,10771103744,False,True,False,False
region_m512_n49152_k32768,512,49152,32768,14197850112,False,True,False,False
region_m512_n49152_k49152,512,49152,49152,20736770048,False,True,False,False
region_m512_n49152_k65536,512,49152,65536,27380547584,False,True,False,False
region_m512_n49152_k98304,512,49152,98304,40668102656,False,True,False,False
region_m512_n49152_k131072,512,49152,131072,53955657728,False,True,False,False
region_m512_n65536_k256,512,65536,256,1585840128,True,True,False,True
region_m512_n65536_k384,512,65536,384,1602748416,True,True,False,True
region_m512_n65536_k512,512,65536,512,1619656704,True,True,False,True
region_m512_n65536_k768,512,65536,768,1722679296,True,True,False,True
region_m512_n65536_k1024,512,65536,1024,1758068736,True,True,False,True
region_m512_n65536_k1536,512,65536,1536,2029649920,True,True,False,True
region_m512_n65536_k2048,512,65536,2048,2439118848,True,True,False,True
region_m512_n65536_k3072,512,65536,3072,2725380096,True,True,False,True
region_m512_n65536_k4096,512,65536,4096,3400138752,True,True,False,True
region_m512_n65536_k6144,512,65536,6144,4376887296,True,True,False,True
region_m512_n65536_k8192,512,65536,8192,5716967424,True,True,False,True
region_m512_n65536_k12288,512,65536,12288,7679901696,True,True,False,True
region_m512_n65536_k16384,512,65536,16384,9968418816,False,True,False,False
region_m512_n65536_k24576,512,65536,24576,14285930496,False,True,False,False
region_m512_n65536_k32768,512,65536,32768,18828361728,False,True,False,False
region_m512_n65536_k49152,512,65536,49152,27497988096,False,True,False,False
region_m512_n65536_k65536,512,65536,65536,36306026496,False,True,False,False
region_m512_n65536_k98304,512,65536,98304,53922103296,False,True,False,False
region_m512_n65536_k131072,512,65536,131072,71538180096,False,True,False,False
region_m512_n98304_k256,512,98304,256,2374369280,True,True,False,True
region_m512_n98304_k384,512,98304,384,2399666176,True,True,False,True
region_m512_n98304_k512,512,98304,512,2424963072,True,True,False,True
region_m512_n98304_k768,512,98304,768,2578317312,True,True,False,True
region_m512_n98304_k1024,512,98304,1024,2628911104,True,True,False,True
region_m512_n98304_k1536,512,98304,1536,3036282880,True,True,False,True
region_m512_n98304_k2048,512,98304,2048,3647078400,True,True,False,True
region_m512_n98304_k3072,512,98304,3072,4064411648,True,True,False,True
region_m512_n98304_k4096,512,98304,4096,5073141760,True,True,False,True
region_m512_n98304_k6144,512,98304,6144,6518079488,True,True,False,True
region_m512_n98304_k8192,512,98304,8192,8535539712,True,True,False,True
region_m512_n98304_k12288,512,98304,12288,11425415168,False,True,False,False
region_m512_n98304_k16384,512,98304,16384,14850064384,False,True,False,False
region_m512_n98304_k24576,512,98304,24576,21240086528,False,True,False,False
region_m512_n98304_k32768,512,98304,32768,28089384960,False,True,False,False
region_m512_n98304_k49152,512,98304,49152,40869429248,False,True,False,False
region_m512_n98304_k65536,512,98304,65536,53990260736,False,True,False,False
region_m512_n98304_k98304,512,98304,98304,80128114688,False,False,False,False
region_m512_n98304_k131072,512,98304,131072,106369777664,False,False,False,False
region_m512_n131072_k256,512,131072,256,3162898432,True,True,False,True
region_m512_n131072_k384,512,131072,384,3196583936,True,True,False,True
region_m512_n131072_k512,512,131072,512,3230269440,True,True,False,True
region_m512_n131072_k768,512,131072,768,3433955328,True,True,False,True
region_m512_n131072_k1024,512,131072,1024,3501326336,True,True,False,True
region_m512_n131072_k1536,512,131072,1536,4042915840,True,True,False,True
region_m512_n131072_k2048,512,131072,2048,4855037952,True,True,False,True
region_m512_n131072_k3072,512,131072,3072,5416026112,True,True,False,True
region_m512_n131072_k4096,512,131072,4096,6750863360,True,True,False,True
region_m512_n131072_k6144,512,131072,6144,8684437504,False,True,False,False
region_m512_n131072_k8192,512,131072,8192,11354112000,False,True,False,False
region_m512_n131072_k12288,512,131072,12288,15221260288,False,True,False,False
region_m512_n131072_k16384,512,131072,16384,19749011456,False,True,False,False
region_m512_n131072_k24576,512,131072,24576,28294905856,False,True,False,False
region_m512_n131072_k32768,512,131072,32768,37350408192,False,True,False,False
region_m512_n131072_k49152,512,131072,49152,54442196992,False,True,False,False
region_m512_n131072_k65536,512,131072,65536,71873724416,False,True,False,False
region_m512_n131072_k98304,512,131072,98304,106736779264,False,False,False,False
region_m512_n131072_k131072,512,131072,131072,141599834112,False,False,False,False
region_m768_n256_k256,768,256,256,50987008,True,True,False,True
region_m768_n256_k384,768,256,384,51249152,True,True,False,True
region_m768_n256_k512,768,256,512,51511296,True,True,False,True
region_m768_n256_k768,768,256,768,58327040,True,True,False,True
region_m768_n256_k1024,768,256,1024,58851328,True,True,False,True
region_m768_n256_k1536,768,256,1536,71434240,True,True,False,True
region_m768_n256_k2048,768,256,2048,84017152,True,True,False,True
region_m768_n256_k3072,768,256,3072,109182976,True,True,False,True
region_m768_n256_k4096,768,256,4096,134348800,True,True,False,True
region_m768_n256_k6144,768,256,6144,184680448,True,True,False,True
region_m768_n256_k8192,768,256,8192,235012096,True,True,False,True
region_m768_n256_k12288,768,256,12288,335675392,True,True,False,True
region_m768_n256_k16384,768,256,16384,436338688,True,True,False,True
region_m768_n256_k24576,768,256,24576,637665280,True,True,False,True
region_m768_n256_k32768,768,256,32768,838991872,True,True,False,True
region_m768_n256_k49152,768,256,49152,1241645056,True,True,False,True
region_m768_n256_k65536,768,256,65536,1644298240,True,True,False,True
region_m768_n256_k98304,768,256,98304,2449604608,True,True,False,True
region_m768_n256_k131072,768,256,131072,3254910976,True,True,False,True
region_m768_n384_k256,768,384,256,51052544,True,True,False,True
region_m768_n384_k384,768,384,384,51347456,True,True,False,True
region_m768_n384_k512,768,384,512,51642368,True,True,False,True
region_m768_n384_k768,768,384,768,58523648,True,True,False,True
region_m768_n384_k1024,768,384,1024,59113472,True,True,False,True
region_m768_n384_k1536,768,384,1536,71827456,True,True,False,True
region_m768_n384_k2048,768,384,2048,84541440,True,True,False,True
region_m768_n384_k3072,768,384,3072,109969408,True,True,False,True
region_m768_n384_k4096,768,384,4096,135397376,True,True,False,True
region_m768_n384_k6144,768,384,6144,186253312,True,True,False,True
region_m768_n384_k8192,768,384,8192,237109248,True,True,False,True
region_m768_n384_k12288,768,384,12288,338821120,True,True,False,True
region_m768_n384_k16384,768,384,16384,440532992,True,True,False,True
region_m768_n384_k24576,768,384,24576,643956736,True,True,False,True
region_m768_n384_k32768,768,384,32768,847380480,True,True,False,True
region_m768_n384_k49152,768,384,49152,1254227968,True,True,False,True
region_m768_n384_k65536,768,384,65536,1661075456,True,True,False,True
region_m768_n384_k98304,768,384,98304,2474770432,True,True,False,True
region_m768_n384_k131072,768,384,131072,3288465408,True,True,False,True
region_m768_n512_k256,768,512,256,51118080,True,True,False,True
region_m768_n512_k384,768,512,384,51445760,True,True,False,True
region_m768_n512_k512,768,512,512,51773440,True,True,False,True
region_m768_n512_k768,768,512,768,58720256,True,True,False,True
region_m768_n512_k1024,768,512,1024,59375616,True,True,False,True
region_m768_n512_k1536,768,512,1536,72220672,True,True,False,True
region_m768_n512_k2048,768,512,2048,85065728,True,True,False,True
region_m768_n512_k3072,768,512,3072,110755840,True,True,False,True
region_m768_n512_k4096,768,512,4096,136445952,True,True,False,True
region_m768_n512_k6144,768,512,6144,187826176,True,True,False,True
region_m768_n512_k8192,768,512,8192,239206400,True,True,False,True
region_m768_n512_k12288,768,512,12288,341966848,True,True,False,True
region_m768_n512_k16384,768,512,16384,444727296,True,True,False,True
region_m768_n512_k24576,768,512,24576,650248192,True,True,False,True
region_m768_n512_k32768,768,512,32768,855769088,True,True,False,True
region_m768_n512_k49152,768,512,49152,1266810880,True,True,False,True
region_m768_n512_k65536,768,512,65536,1677852672,True,True,False,True
region_m768_n512_k98304,768,512,98304,2499936256,True,True,False,True
region_m768_n512_k131072,768,512,131072,3322019840,True,True,False,True
region_m768_n768_k256,768,768,256,51249152,True,True,False,True
region_m768_n768_k384,768,768,384,51642368,True,True,False,True
region_m768_n768_k512,768,768,512,52035584,True,True,False,True
region_m768_n768_k768,768,768,768,59113472,True,True,True,False
region_m768_n768_k1024,768,768,1024,59899904,True,True,False,True
region_m768_n768_k1536,768,768,1536,73007104,True,True,False,True
region_m768_n768_k2048,768,768,2048,86114304,True,True,False,True
region_m768_n768_k3072,768,768,3072,112328704,True,True,False,True
region_m768_n768_k4096,768,768,4096,138543104,True,True,False,True
region_m768_n768_k6144,768,768,6144,190971904,True,True,False,True
region_m768_n768_k8192,768,768,8192,243400704,True,True,False,True
region_m768_n768_k12288,768,768,12288,348258304,True,True,False,True
region_m768_n768_k16384,768,768,16384,453115904,True,True,False,True
region_m768_n768_k24576,768,768,24576,662831104,True,True,False,True
region_m768_n768_k32768,768,768,32768,872546304,True,True,False,True
region_m768_n768_k49152,768,768,49152,1291976704,True,True,False,True
region_m768_n768_k65536,768,768,65536,1711407104,True,True,False,True
region_m768_n768_k98304,768,768,98304,2550267904,True,True,False,True
region_m768_n768_k131072,768,768,131072,3389128704,True,True,False,True
region_m768_n1024_k256,768,1024,256,51380224,True,True,False,True
region_m768_n1024_k384,768,1024,384,51838976,True,True,False,True
region_m768_n1024_k512,768,1024,512,52297728,True,True,False,True
region_m768_n1024_k768,768,1024,768,59506688,True,True,False,True
region_m768_n1024_k1024,768,1024,1024,61210624,True,True,False,True
region_m768_n1024_k1536,768,1024,1536,73793536,True,True,False,True
region_m768_n1024_k2048,768,1024,2048,87162880,True,True,False,True
region_m768_n1024_k3072,768,1024,3072,113901568,True,True,False,True
region_m768_n1024_k4096,768,1024,4096,140640256,True,True,False,True
region_m768_n1024_k6144,768,1024,6144,194117632,True,True,False,True
region_m768_n1024_k8192,768,1024,8192,247595008,True,True,False,True
region_m768_n1024_k12288,768,1024,12288,354549760,True,True,False,True
region_m768_n1024_k16384,768,1024,16384,461504512,True,True,False,True
region_m768_n1024_k24576,768,1024,24576,675414016,True,True,False,True
region_m768_n1024_k32768,768,1024,32768,889323520,True,True,False,True
region_m768_n1024_k49152,768,1024,49152,1317142528,True,True,False,True
region_m768_n1024_k65536,768,1024,65536,1744961536,True,True,False,True
region_m768_n1024_k98304,768,1024,98304,2600599552,True,True,False,True
region_m768_n1024_k131072,768,1024,131072,3456237568,True,True,False,True
region_m768_n1536_k256,768,1536,256,57933824,True,True,False,True
region_m768_n1536_k384,768,1536,384,58523648,True,True,False,True
region_m768_n1536_k512,768,1536,512,59113472,True,True,False,True
region_m768_n1536_k768,768,1536,768,64487424,True,True,False,True
region_m768_n1536_k1024,768,1536,1024,65667072,True,True,False,True
region_m768_n1536_k1536,768,1536,1536,78512128,True,True,False,True
region_m768_n1536_k2048,768,1536,2048,97648640,True,True,False,True
region_m768_n1536_k3072,768,1536,3072,117047296,True,True,False,True
region_m768_n1536_k4096,768,1536,4096,147980288,True,True,False,True
region_m768_n1536_k6144,768,1536,6144,200409088,True,True,False,True
region_m768_n1536_k8192,768,1536,8192,262275072,True,True,False,True
region_m768_n1536_k12288,768,1536,12288,367132672,True,True,False,True
region_m768_n1536_k16384,768,1536,16384,481427456,True,True,False,True
region_m768_n1536_k24576,768,1536,24576,700579840,True,True,False,True
region_m768_n1536_k32768,768,1536,32768,929169408,True,True,False,True
region_m768_n1536_k49152,768,1536,49152,1367474176,True,True,False,True
region_m768_n1536_k65536,768,1536,65536,1815216128,True,True,False,True
region_m768_n1536_k98304,768,1536,98304,2701262848,True,True,False,True
region_m768_n1536_k131072,768,1536,131072,3596746752,True,True,False,True
region_m768_n2048_k256,768,2048,256,62914560,True,True,False,True
region_m768_n2048_k384,768,2048,384,63635456,True,True,False,True
region_m768_n2048_k512,768,2048,512,64356352,True,True,False,True
region_m768_n2048_k768,768,2048,768,70516736,True,True,False,True
region_m768_n2048_k1024,768,2048,1024,71958528,True,True,False,True
region_m768_n2048_k1536,768,2048,1536,87425024,True,True,False,True
region_m768_n2048_k2048,768,2048,2048,106037248,True,True,False,True
region_m768_n2048_k3072,768,2048,3072,136970240,True,True,False,True
region_m768_n2048_k4096,768,2048,4096,170000384,True,True,False,True
region_m768_n2048_k6144,768,2048,6144,236060672,True,True,False,True
region_m768_n2048_k8192,768,2048,8192,302120960,True,True,False,True
region_m768_n2048_k12288,768,2048,12288,434241536,True,True,False,True
region_m768_n2048_k16384,768,2048,16384,566362112,True,True,False,True
region_m768_n2048_k24576,768,2048,24576,830603264,True,True,False,True
region_m768_n2048_k32768,768,2048,32768,1094844416,True,True,False,True
region_m768_n2048_k49152,768,2048,49152,1623326720,True,True,False,True
region_m768_n2048_k65536,768,2048,65536,2151809024,True,True,False,True
region_m768_n2048_k98304,768,2048,98304,3208773632,True,True,False,True
region_m768_n2048_k131072,768,2048,131072,4265738240,True,True,False,True
region_m768_n3072_k256,768,3072,256,100663296,True,True,False,True
region_m768_n3072_k384,768,3072,384,101646336,True,True,False,True
region_m768_n3072_k512,768,3072,512,102629376,True,True,False,True
region_m768_n3072_k768,768,3072,768,110886912,True,True,False,True
region_m768_n3072_k1024,768,3072,1024,112852992,True,True,False,True
region_m768_n3072_k1536,768,3072,1536,133562368,True,True,False,True
region_m768_n3072_k2048,768,3072,2048,158466048,True,True,False,True
region_m768_n3072_k3072,768,3072,3072,197787648,True,True,False,True
region_m768_n3072_k4096,768,3072,4096,241303552,True,True,False,True
region_m768_n3072_k6144,768,3072,6144,328335360,True,True,False,True
region_m768_n3072_k8192,768,3072,8192,415367168,True,True,False,True
region_m768_n3072_k12288,768,3072,12288,589430784,True,True,True,False
region_m768_n3072_k16384,768,3072,16384,763494400,True,True,False,True
region_m768_n3072_k24576,768,3072,24576,1111621632,True,True,False,True
region_m768_n3072_k32768,768,3072,32768,1459748864,True,True,False,True
region_m768_n3072_k49152,768,3072,49152,2156003328,True,True,False,True
region_m768_n3072_k65536,768,3072,65536,2852257792,True,True,False,True
region_m768_n3072_k98304,768,3072,98304,4244766720,True,True,False,True
region_m768_n3072_k131072,768,3072,131072,5637275648,True,True,False,True
region_m768_n4096_k256,768,4096,256,107479040,True,True,False,True
region_m768_n4096_k384,768,4096,384,108724224,True,True,False,True
region_m768_n4096_k512,768,4096,512,109969408,True,True,False,True
region_m768_n4096_k768,768,4096,768,118751232,True,True,False,True
region_m768_n4096_k1024,768,4096,1024,122814464,True,True,False,True
region_m768_n4096_k1536,768,4096,1536,142999552,True,True,False,True
region_m768_n4096_k2048,768,4096,2048,175243264,True,True,False,True
region_m768_n4096_k3072,768,4096,3072,210370560,True,True,False,True
region_m768_n4096_k4096,768,4096,4096,258080768,True,True,False,True
region_m768_n4096_k6144,768,4096,6144,353501184,True,True,False,True
region_m768_n4096_k8192,768,4096,8192,448921600,True,True,False,True
region_m768_n4096_k12288,768,4096,12288,639762432,True,True,False,True
region_m768_n4096_k16384,768,4096,16384,830603264,True,True,False,True
region_m768_n4096_k24576,768,4096,24576,1212284928,True,True,False,True
region_m768_n4096_k32768,768,4096,32768,1593966592,True,True,False,True
region_m768_n4096_k49152,768,4096,49152,2357329920,True,True,False,True
region_m768_n4096_k65536,768,4096,65536,3120693248,True,True,False,True
region_m768_n4096_k98304,768,4096,98304,4647419904,True,True,False,True
region_m768_n4096_k131072,768,4096,131072,6174146560,True,True,False,True
region_m768_n6144_k256,768,6144,256,156762112,True,True,False,True
region_m768_n6144_k384,768,6144,384,158531584,True,True,False,True
region_m768_n6144_k512,768,6144,512,160301056,True,True,False,True
region_m768_n6144_k768,768,6144,768,172228608,True,True,False,True
region_m768_n6144_k1024,768,6144,1024,175767552,True,True,False,True
region_m768_n6144_k1536,768,6144,1536,205914112,True,True,False,True
region_m768_n6144_k2048,768,6144,2048,250740736,True,True,False,True
region_m768_n6144_k3072,768,6144,3072,291110912,True,True,False,True
region_m768_n6144_k4096,768,6144,4096,357695488,True,True,False,True
region_m768_n6144_k6144,768,6144,6144,481427456,True,True,False,True
region_m768_n6144_k8192,768,6144,8192,614596608,True,True,False,True
region_m768_n6144_k12288,768,6144,12288,862060544,True,True,False,True
region_m768_n6144_k16384,768,6144,16384,1115815936,True,True,False,True
region_m768_n6144_k24576,768,6144,24576,1623326720,True,True,False,True
region_m768_n6144_k32768,768,6144,32768,2130837504,True,True,False,True
region_m768_n6144_k49152,768,6144,49152,3145859072,True,True,False,True
region_m768_n6144_k65536,768,6144,65536,4160880640,True,True,False,True
region_m768_n6144_k98304,768,6144,98304,6190923776,True,True,False,True
region_m768_n6144_k131072,768,6144,131072,8220966912,True,True,False,True
region_m768_n8192_k256,768,8192,256,206045184,True,True,False,True
region_m768_n8192_k384,768,8192,384,208338944,True,True,False,True
region_m768_n8192_k512,768,8192,512,210632704,True,True,False,True
region_m768_n8192_k768,768,8192,768,225705984,True,True,False,True
region_m768_n8192_k1024,768,8192,1024,230293504,True,True,False,True
region_m768_n8192_k1536,768,8192,1536,268828672,True,True,False,True
region_m768_n8192_k2048,768,8192,2048,326238208,True,True,False,True
region_m768_n8192_k3072,768,8192,3072,384434176,True,True,False,True
region_m768_n8192_k4096,768,8192,4096,467795968,True,True,False,True
region_m768_n8192_k6144,768,8192,6144,634519552,True,True,False,True
region_m768_n8192_k8192,768,8192,8192,801243136,True,True,False,True
region_m768_n8192_k12288,768,8192,12288,1134690304,True,True,False,True
region_m768_n8192_k16384,768,8192,16384,1468137472,True,True,False,True
region_m768_n8192_k24576,768,8192,24576,2135031808,True,True,False,True
region_m768_n8192_k32768,768,8192,32768,2801926144,True,True,False,True
region_m768_n8192_k49152,768,8192,49152,4135714816,True,True,False,True
region_m768_n8192_k65536,768,8192,65536,5469503488,True,True,False,True
region_m768_n8192_k98304,768,8192,98304,8137080832,True,True,False,True
region_m768_n8192_k131072,768,8192,131072,10804658176,False,True,False,False
region_m768_n12288_k256,768,12288,256,304611328,True,True,False,True
region_m768_n12288_k384,768,12288,384,307953664,True,True,False,True
region_m768_n12288_k512,768,12288,512,311296000,True,True,False,True
region_m768_n12288_k768,768,12288,768,332660736,True,True,False,True
region_m768_n12288_k1024,768,12288,1024,339345408,True,True,False,True
region_m768_n12288_k1536,768,12288,1536,394657792,True,True,False,True
region_m768_n12288_k2048,768,12288,2048,477233152,True,True,False,True
region_m768_n12288_k3072,768,12288,3072,542769152,True,True,True,False
region_m768_n12288_k4096,768,12288,4096,671219712,True,True,False,True
region_m768_n12288_k6144,768,12288,6144,884080640,True,True,False,True
region_m768_n12288_k8192,768,12288,8192,1140981760,True,True,False,True
region_m768_n12288_k12288,768,12288,12288,1566703616,True,True,False,True
region_m768_n12288_k16384,768,12288,16384,2021785600,True,True,False,True
region_m768_n12288_k24576,768,12288,24576,2931949568,True,True,False,True
region_m768_n12288_k32768,768,12288,32768,3842113536,True,True,False,True
region_m768_n12288_k49152,768,12288,49152,5662441472,True,True,False,True
region_m768_n12288_k65536,768,12288,65536,7482769408,True,True,False,True
region_m768_n12288_k98304,768,12288,98304,11123425280,False,True,False,False
region_m768_n12288_k131072,768,12288,131072,14764081152,False,True,False,False
region_m768_n16384_k256,768,16384,256,403177472,True,True,False,True
region_m768_n16384_k384,768,16384,384,407568384,True,True,False,True
region_m768_n16384_k512,768,16384,512,411959296,True,True,False,True
region_m768_n16384_k768,768,16384,768,439615488,True,True,False,True
region_m768_n16384_k1024,768,16384,1024,449970176,True,True,False,True
region_m768_n16384_k1536,768,16384,1536,520486912,True,True,False,True
region_m768_n16384_k2048,768,16384,2048,628228096,True,True,False,True
region_m768_n16384_k3072,768,16384,3072,713687040,True,True,False,True
region_m768_n16384_k4096,768,16384,4096,885653504,True,True,False,True
region_m768_n16384_k6144,768,16384,6144,1158807552,True,True,False,True
region_m768_n16384_k8192,768,16384,8192,1493303296,True,True,False,True
region_m768_n16384_k12288,768,16384,12288,2049048576,True,True,False,True
region_m768_n16384_k16384,768,16384,16384,2642542592,True,True,False,True
region_m768_n16384_k24576,768,16384,24576,3829530624,True,True,False,True
region_m768_n16384_k32768,768,16384,32768,5016518656,True,True,False,True
region_m768_n16384_k49152,768,16384,49152,7390494720,True,True,False,True
region_m768_n16384_k65536,768,16384,65536,9764470784,False,True,False,False
region_m768_n16384_k98304,768,16384,98304,14512422912,False,True,False,False
region_m768_n16384_k131072,768,16384,131072,19260375040,False,True,False,False
region_m768_n24576_k256,768,24576,256,600309760,True,True,False,True
region_m768_n24576_k384,768,24576,384,606797824,True,True,False,True
region_m768_n24576_k512,768,24576,512,613285888,True,True,False,True
region_m768_n24576_k768,768,24576,768,653524992,True,True,False,True
region_m768_n24576_k1024,768,24576,1024,666501120,True,True,False,True
region_m768_n24576_k1536,768,24576,1536,772145152,True,True,False,True
region_m768_n24576_k2048,768,24576,2048,930217984,True,True,False,True
region_m768_n24576_k3072,768,24576,3072,1046085632,True,True,False,True
region_m768_n24576_k4096,768,24576,4096,1300365312,True,True,False,True
region_m768_n24576_k6144,768,24576,6144,1689387008,True,True,False,True
region_m768_n24576_k8192,768,24576,8192,2197946368,True,True,False,True
region_m768_n24576_k12288,768,24576,12288,2975989760,True,True,False,True
region_m768_n24576_k16384,768,24576,16384,3843162112,True,True,False,True
region_m768_n24576_k24576,768,24576,24576,5549195264,True,True,False,True
region_m768_n24576_k32768,768,24576,32768,7283539968,True,True,False,True
region_m768_n24576_k49152,768,24576,49152,10695606272,False,True,False,False
region_m768_n24576_k65536,768,24576,65536,14126546944,False,True,False,False
region_m768_n24576_k98304,768,24576,98304,20988428288,False,True,False,False
region_m768_n24576_k131072,768,24576,131072,27850309632,False,True,False,False
region_m768_n32768_k256,768,32768,256,797442048,True,True,False,True
region_m768_n32768_k384,768,32768,384,806027264,True,True,False,True
region_m768_n32768_k512,768,32768,512,814612480,True,True,False,True
region_m768_n32768_k768,768,32768,768,867434496,True,True,False,True
region_m768_n32768_k1024,768,32768,1024,884604928,True,True,False,True
region_m768_n32768_k1536,768,32768,1536,1023803392,True,True,False,True
region_m768_n32768_k2048,768,32768,2048,1232207872,True,True,False,True
region_m768_n32768_k3072,768,32768,3072,1391067136,True,True,False,True
region_m768_n32768_k4096,768,32768,4096,1719795712,True,True,False,True
region_m768_n32768_k6144,768,32768,6144,2245132288,True,True,False,True
region_m768_n32768_k8192,768,32768,8192,2902589440,True,True,False,True
region_m768_n32768_k12288,768,32768,12288,3953262592,True,True,False,True
region_m768_n32768_k16384,768,32768,16384,5092016128,True,True,False,True
region_m768_n32768_k24576,768,32768,24576,7369523200,True,True,False,True
region_m768_n32768_k32768,768,32768,32768,9647030272,False,True,False,False
region_m768_n32768_k49152,768,32768,49152,14202044416,False,True,False,False
region_m768_n32768_k65536,768,32768,65536,18757058560,False,True,False,False
region_m768_n32768_k98304,768,32768,98304,27867086848,False,True,False,False
region_m768_n32768_k131072,768,32768,131072,36977115136,False,True,False,False
region_m768_n49152_k256,768,49152,256,1191706624,True,True,False,True
region_m768_n49152_k384,768,49152,384,1204486144,True,True,False,True
region_m768_n49152_k512,768,49152,512,1217265664,True,True,False,True
region_m768_n49152_k768,768,49152,768,1295253504,True,True,False,True
region_m768_n49152_k1024,768,49152,1024,1320812544,True,True,False,True
region_m768_n49152_k1536,768,49152,1536,1527119872,True,True,False,True
region_m768_n49152_k2048,768,49152,2048,1836187648,True,True,False,True
region_m768_n49152_k3072,768,49152,3072,2052718592,True,True,False,True
region_m768_n49152_k4096,768,49152,4096,2558656512,True,True,False,True
region_m768_n49152_k6144,768,49152,6144,3299999744,True,True,False,True
region_m768_n49152_k8192,768,49152,8192,4311875584,True,True,False,True
region_m768_n49152_k12288,768,49152,12288,5794562048,True,True,False,True
region_m768_n49152_k16384,768,49152,16384,7510032384,True,True,False,True
region_m768_n49152_k24576,768,49152,24576,10783686656,False,True,False,False
region_m768_n49152_k32768,768,49152,32768,14214627328,False,True,False,False
region_m768_n49152_k49152,768,49152,49152,20761935872,False,True,False,False
region_m768_n49152_k65536,768,49152,65536,27414102016,False,True,False,False
region_m768_n49152_k98304,768,49152,98304,40718434304,False,True,False,False
region_m768_n49152_k131072,768,49152,131072,54022766592,False,False,False,False
region_m768_n65536_k256,768,65536,256,1585971200,True,True,False,True
region_m768_n65536_k384,768,65536,384,1602945024,True,True,False,True
region_m768_n65536_k512,768,65536,512,1619918848,True,True,False,True
region_m768_n65536_k768,768,65536,768,1723072512,True,True,False,True
region_m768_n65536_k1024,768,65536,1024,1758593024,True,True,False,True
region_m768_n65536_k1536,768,65536,1536,2030436352,True,True,False,True
region_m768_n65536_k2048,768,65536,2048,2440167424,True,True,False,True
region_m768_n65536_k3072,768,65536,3072,2726952960,True,True,False,True
region_m768_n65536_k4096,768,65536,4096,3402235904,True,True,False,True
region_m768_n65536_k6144,768,65536,6144,4380033024,True,True,False,True
region_m768_n65536_k8192,768,65536,8192,5721161728,True,True,False,True
region_m768_n65536_k12288,768,65536,12288,7686193152,True,True,False,True
region_m768_n65536_k16384,768,65536,16384,9976807424,False,True,False,False
region_m768_n65536_k24576,768,65536,24576,14298513408,False,True,False,False
region_m768_n65536_k32768,768,65536,32768,18845138944,False,True,False,False
region_m768_n65536_k49152,768,65536,49152,27523153920,False,True,False,False
region_m768_n65536_k65536,768,65536,65536,36339580928,False,True,False,False
region_m768_n65536_k98304,768,65536,98304,53972434944,False,False,False,False
region_m768_n65536_k131072,768,65536,131072,71605288960,False,False,False,False
region_m768_n98304_k256,768,98304,256,2374500352,True,True,False,True
region_m768_n98304_k384,768,98304,384,2399862784,True,True,False,True
region_m768_n98304_k512,768,98304,512,2425225216,True,True,False,True
region_m768_n98304_k768,768,98304,768,2578710528,True,True,False,True
region_m768_n98304_k1024,768,98304,1024,2629435392,True,True,False,True
region_m768_n98304_k1536,768,98304,1536,3037069312,True,True,False,True
region_m768_n98304_k2048,768,98304,2048,3648126976,True,True,False,True
region_m768_n98304_k3072,768,98304,3072,4065984512,True,True,False,True
region_m768_n98304_k4096,768,98304,4096,5075238912,True,True,False,True
region_m768_n98304_k6144,768,98304,6144,6521225216,True,True,False,True
region_m768_n98304_k8192,768,98304,8192,8539734016,True,True,False,True
region_m768_n98304_k12288,768,98304,12288,11431706624,False,True,False,False
region_m768_n98304_k16384,768,98304,16384,14858452992,False,True,False,False
region_m768_n98304_k24576,768,98304,24576,21252669440,False,True,False,False
region_m768_n98304_k32768,768,98304,32768,28106162176,False,True,False,False
region_m768_n98304_k49152,768,98304,49152,40894595072,False,True,False,False
region_m768_n98304_k65536,768,98304,65536,54023815168,False,False,False,False
region_m768_n98304_k98304,768,98304,98304,80178446336,False,False,False,False
region_m768_n98304_k131072,768,98304,131072,106436886528,False,False,False,False
region_m768_n131072_k256,768,131072,256,3163029504,True,True,False,True
region_m768_n131072_k384,768,131072,384,3196780544,True,True,False,True
region_m768_n131072_k512,768,131072,512,3230531584,True,True,False,True
region_m768_n131072_k768,768,131072,768,3434348544,True,True,False,True
region_m768_n131072_k1024,768,131072,1024,3501850624,True,True,False,True
region_m768_n131072_k1536,768,131072,1536,4043702272,True,True,False,True
region_m768_n131072_k2048,768,131072,2048,4856086528,True,True,False,True
region_m768_n131072_k3072,768,131072,3072,5417598976,True,True,False,True
region_m768_n131072_k4096,768,131072,4096,6752960512,True,True,False,True
region_m768_n131072_k6144,768,131072,6144,8687583232,False,True,False,False
region_m768_n131072_k8192,768,131072,8192,11358306304,False,True,False,False
region_m768_n131072_k12288,768,131072,12288,15227551744,False,True,False,False
region_m768_n131072_k16384,768,131072,16384,19757400064,False,True,False,False
region_m768_n131072_k24576,768,131072,24576,28307488768,False,True,False,False
region_m768_n131072_k32768,768,131072,32768,37367185408,False,True,False,False
region_m768_n131072_k49152,768,131072,49152,54467362816,False,False,False,False
region_m768_n131072_k65536,768,131072,65536,71907278848,False,False,False,False
region_m768_n131072_k98304,768,131072,98304,106787110912,False,False,False,False
region_m768_n131072_k131072,768,131072,131072,141666942976,False,False,False,False
region_m1024_n256_k256,1024,256,256,51118080,True,True,False,True
region_m1024_n256_k384,1024,256,384,51445760,True,True,False,True
region_m1024_n256_k512,1024,256,512,51773440,True,True,False,True
region_m1024_n256_k768,1024,256,768,58720256,True,True,False,True
region_m1024_n256_k1024,1024,256,1024,60162048,True,True,False,True
region_m1024_n256_k1536,1024,256,1536,72220672,True,True,False,True
region_m1024_n256_k2048,1024,256,2048,85065728,True,True,False,True
region_m1024_n256_k3072,1024,256,3072,110755840,True,True,False,True
region_m1024_n256_k4096,1024,256,4096,136445952,True,True,False,True
region_m1024_n256_k6144,1024,256,6144,187826176,True,True,False,True
region_m1024_n256_k8192,1024,256,8192,239206400,True,True,False,True
region_m1024_n256_k12288,1024,256,12288,341966848,True,True,False,True
region_m1024_n256_k16384,1024,256,16384,444727296,True,True,False,True
region_m1024_n256_k24576,1024,256,24576,650248192,True,True,False,True
region_m1024_n256_k32768,1024,256,32768,855769088,True,True,False,True
region_m1024_n256_k49152,1024,256,49152,1266810880,True,True,False,True
region_m1024_n256_k65536,1024,256,65536,1677852672,True,True,False,True
region_m1024_n256_k98304,1024,256,98304,2499936256,True,True,False,True
region_m1024_n256_k131072,1024,256,131072,3322019840,True,True,False,True
region_m1024_n384_k256,1024,384,256,51183616,True,True,False,True
region_m1024_n384_k384,1024,384,384,51544064,True,True,False,True
region_m1024_n384_k512,1024,384,512,51904512,True,True,False,True
region_m1024_n384_k768,1024,384,768,58916864,True,True,False,True
region_m1024_n384_k1024,1024,384,1024,60424192,True,True,False,True
region_m1024_n384_k1536,1024,384,1536,72613888,True,True,False,True
region_m1024_n384_k2048,1024,384,2048,85590016,True,True,False,True
region_m1024_n384_k3072,1024,384,3072,111542272,True,True,False,True
region_m1024_n384_k4096,1024,384,4096,137494528,True,True,False,True
region_m1024_n384_k6144,1024,384,6144,189399040,True,True,False,True
region_m1024_n384_k8192,1024,384,8192,241303552,True,True,False,True
region_m1024_n384_k12288,1024,384,12288,345112576,True,True,False,True
region_m1024_n384_k16384,1024,384,16384,448921600,True,True,False,True
region_m1024_n384_k24576,1024,384,24576,656539648,True,True,False,True
region_m1024_n384_k32768,1024,384,32768,864157696,True,True,False,True
region_m1024_n384_k49152,1024,384,49152,1279393792,True,True,False,True
region_m1024_n384_k65536,1024,384,65536,1694629888,True,True,False,True
region_m1024_n384_k98304,1024,384,98304,2525102080,True,True,False,True
region_m1024_n384_k131072,1024,384,131072,3355574272,True,True,False,True
region_m1024_n512_k256,1024,512,256,51249152,True,True,False,True
region_m1024_n512_k384,1024,512,384,51642368,True,True,False,True
region_m1024_n512_k512,1024,512,512,52035584,True,True,False,True
region_m1024_n512_k768,1024,512,768,59113472,True,True,False,True
region_m1024_n512_k1024,1024,512,1024,60686336,True,True,False,True
region_m1024_n512_k1536,1024,512,1536,73007104,True,True,False,True
region_m1024_n512_k2048,1024,512,2048,86114304,True,True,False,True
region_m1024_n512_k3072,1024,512,3072,112328704,True,True,False,True
region_m1024_n512_k4096,1024,512,4096,138543104,True,True,False,True
region_m1024_n512_k6144,1024,512,6144,190971904,True,True,False,True
region_m1024_n512_k8192,1024,512,8192,243400704,True,True,False,True
region_m1024_n512_k12288,1024,512,12288,348258304,True,True,False,True
region_m1024_n512_k16384,1024,512,16384,453115904,True,True,False,True
region_m1024_n512_k24576,1024,512,24576,662831104,True,True,False,True
region_m1024_n512_k32768,1024,512,32768,872546304,True,True,False,True
region_m1024_n512_k49152,1024,512,49152,1291976704,True,True,False,True
region_m1024_n512_k65536,1024,512,65536,1711407104,True,True,False,True
region_m1024_n512_k98304,1024,512,98304,2550267904,True,True,False,True
region_m1024_n512_k131072,1024,512,131072,3389128704,True,True,False,True
region_m1024_n768_k256,1024,768,256,51380224,True,True,False,True
region_m1024_n768_k384,1024,768,384,51838976,True,True,False,True
region_m1024_n768_k512,1024,768,512,52297728,True,True,False,True
region_m1024_n768_k768,1024,768,768,59506688,True,True,False,True
region_m1024_n768_k1024,1024,768,1024,61210624,True,True,False,True
region_m1024_n768_k1536,1024,768,1536,73793536,True,True,False,True
region_m1024_n768_k2048,1024,768,2048,87162880,True,True,False,True
region_m1024_n768_k3072,1024,768,3072,113901568,True,True,False,True
region_m1024_n768_k4096,1024,768,4096,140640256,True,True,False,True
region_m1024_n768_k6144,1024,768,6144,194117632,True,True,False,True
region_m1024_n768_k8192,1024,768,8192,247595008,True,True,False,True
region_m1024_n768_k12288,1024,768,12288,354549760,True,True,False,True
region_m1024_n768_k16384,1024,768,16384,461504512,True,True,False,True
region_m1024_n768_k24576,1024,768,24576,675414016,True,True,False,True
region_m1024_n768_k32768,1024,768,32768,889323520,True,True,False,True
region_m1024_n768_k49152,1024,768,49152,1317142528,True,True,False,True
region_m1024_n768_k65536,1024,768,65536,1744961536,True,True,False,True
region_m1024_n768_k98304,1024,768,98304,2600599552,True,True,False,True
region_m1024_n768_k131072,1024,768,131072,3456237568,True,True,False,True
region_m1024_n1024_k256,1024,1024,256,51511296,True,True,False,True
region_m1024_n1024_k384,1024,1024,384,52035584,True,True,False,True
region_m1024_n1024_k512,1024,1024,512,52559872,True,True,False,True
region_m1024_n1024_k768,1024,1024,768,59899904,True,True,False,True
region_m1024_n1024_k1024,1024,1024,1024,65142784,True,True,True,False
region_m1024_n1024_k1536,1024,1024,1536,74579968,True,True,False,True
region_m1024_n1024_k2048,1024,1024,2048,89784320,True,True,False,True
region_m1024_n1024_k3072,1024,1024,3072,115474432,True,True,True,False
region_m1024_n1024_k4096,1024,1024,4096,145883136,True,True,False,True
region_m1024_n1024_k6144,1024,1024,6144,197263360,True,True,False,True
region_m1024_n1024_k8192,1024,1024,8192,253362176,True,True,False,True
region_m1024_n1024_k12288,1024,1024,12288,360841216,True,True,False,True
region_m1024_n1024_k16384,1024,1024,16384,473038848,True,True,False,True
region_m1024_n1024_k24576,1024,1024,24576,687996928,True,True,False,True
region_m1024_n1024_k32768,1024,1024,32768,907673600,True,True,False,True
region_m1024_n1024_k49152,1024,1024,49152,1342308352,True,True,False,True
region_m1024_n1024_k65536,1024,1024,65536,1781661696,True,True,False,True
region_m1024_n1024_k98304,1024,1024,98304,2650931200,True,True,False,True
region_m1024_n1024_k131072,1024,1024,131072,3524919296,True,True,False,True
region_m1024_n1536_k256,1024,1536,256,58064896,True,True,False,True
region_m1024_n1536_k384,1024,1536,384,58720256,True,True,False,True
region_m1024_n1536_k512,1024,1536,512,59375616,True,True,False,True
region_m1024_n1536_k768,1024,1536,768,64880640,True,True,False,True
region_m1024_n1536_k1024,1024,1536,1024,66191360,True,True,False,True
region_m1024_n1536_k1536,1024,1536,1536,79298560,True,True,False,True
region_m1024_n1536_k2048,1024,1536,2048,98697216,True,True,False,True
region_m1024_n1536_k3072,1024,1536,3072,118620160,True,True,False,True
region_m1024_n1536_k4096,1024,1536,4096,150077440,True,True,False,True
region_m1024_n1536_k6144,1024,1536,6144,203554816,True,True,False,True
region_m1024_n1536_k8192,1024,1536,8192,266469376,True,True,False,True
region_m1024_n1536_k12288,1024,1536,12288,373424128,True,True,False,True
region_m1024_n1536_k16384,1024,1536,16384,489816064,True,True,False,True
region_m1024_n1536_k24576,1024,1536,24576,713162752,True,True,False,True
region_m1024_n1536_k32768,1024,1536,32768,945946624,True,True,False,True
region_m1024_n1536_k49152,1024,1536,49152,1392640000,True,True,False,True
region_m1024_n1536_k65536,1024,1536,65536,1848770560,True,True,False,True
region_m1024_n1536_k98304,1024,1536,98304,2751594496,True,True,False,True
region_m1024_n1536_k131072,1024,1536,131072,3663855616,True,True,False,True
region_m1024_n2048_k256,1024,2048,256,63045632,True,True,False,True
region_m1024_n2048_k384,1024,2048,384,63832064,True,True,False,True
region_m1024_n2048_k512,1024,2048,512,64618496,True,True,False,True
region_m1024_n2048_k768,1024,2048,768,70909952,True,True,False,True
region_m1024_n2048_k1024,1024,2048,1024,77201408,True,True,False,True
region_m1024_n2048_k1536,1024,2048,1536,88211456,True,True,False,True
region_m1024_n2048_k2048,1024,2048,2048,107085824,True,True,False,True
region_m1024_n2048_k3072,1024,2048,3072,138543104,True,True,False,True
region_m1024_n2048_k4096,1024,2048,4096,173932544,True,True,False,True
region_m1024_n2048_k6144,1024,2048,6144,239206400,True,True,False,True
region_m1024_n2048_k8192,1024,2048,8192,306315264,True,True,False,True
region_m1024_n2048_k12288,1024,2048,12288,440532992,True,True,False,True
region_m1024_n2048_k16384,1024,2048,16384,574750720,True,True,False,True
region_m1024_n2048_k24576,1024,2048,24576,843186176,True,True,False,True
region_m1024_n2048_k32768,1024,2048,32768,1111621632,True,True,False,True
region_m1024_n2048_k49152,1024,2048,49152,1648492544,True,True,False,True
region_m1024_n2048_k65536,1024,2048,65536,2185363456,True,True,False,True
region_m1024_n2048_k98304,1024,2048,98304,3259105280,True,True,False,True
region_m1024_n2048_k131072,1024,2048,131072,4332847104,True,True,False,True
region_m1024_n3072_k256,1024,3072,256,100794368,True,True,False,True
region_m1024_n3072_k384,1024,3072,384,101842944,True,True,False,True
region_m1024_n3072_k512,1024,3072,512,102891520,True,True,False,True
region_m1024_n3072_k768,1024,3072,768,111280128,True,True,False,True
region_m1024_n3072_k1024,1024,3072,1024,116523008,True,True,False,True
region_m1024_n3072_k1536,1024,3072,1536,134348800,True,True,False,True
region_m1024_n3072_k2048,1024,3072,2048,159514624,True,True,False,True
region_m1024_n3072_k3072,1024,3072,3072,199360512,True,True,False,True
region_m1024_n3072_k4096,1024,3072,4096,243924992,True,True,False,True
region_m1024_n3072_k6144,1024,3072,6144,331481088,True,True,False,True
region_m1024_n3072_k8192,1024,3072,8192,419561472,True,True,False,True
region_m1024_n3072_k12288,1024,3072,12288,595722240,True,True,False,True
region_m1024_n3072_k16384,1024,3072,16384,771883008,True,True,False,True
region_m1024_n3072_k24576,1024,3072,24576,1124204544,True,True,False,True
region_m1024_n3072_k32768,1024,3072,32768,1476526080,True,True,False,True
region_m1024_n3072_k49152,1024,3072,49152,2181169152,True,True,False,True
region_m1024_n3072_k65536,1024,3072,65536,2885812224,True,True,False,True
region_m1024_n3072_k98304,1024,3072,98304,4295098368,True,True,False,True
region_m1024_n3072_k131072,1024,3072,131072,5704384512,True,True,False,True
region_m1024_n4096_k256,1024,4096,256,107610112,True,True,False,True
region_m1024_n4096_k384,1024,4096,384,108920832,True,True,False,True
region_m1024_n4096_k512,1024,4096,512,110231552,True,True,False,True
region_m1024_n4096_k768,1024,4096,768,119144448,True,True,False,True
region_m1024_n4096_k1024,1024,4096,1024,128057344,True,True,False,True
region_m1024_n4096_k1536,1024,4096,1536,143785984,True,True,False,True
region_m1024_n4096_k2048,1024,4096,2048,176291840,True,True,False,True
region_m1024_n4096_k3072,1024,4096,3072,211943424,True,True,False,True
region_m1024_n4096_k4096,1024,4096,4096,272760832,True,True,False,True
region_m1024_n4096_k6144,1024,4096,6144,356646912,True,True,False,True
region_m1024_n4096_k8192,1024,4096,8192,459407360,True,True,False,True
region_m1024_n4096_k12288,1024,4096,12288,646053888,True,True,False,True
region_m1024_n4096_k16384,1024,4096,16384,851574784,True,True,False,True
region_m1024_n4096_k24576,1024,4096,24576,1224867840,True,True,False,True
region_m1024_n4096_k32768,1024,4096,32768,1617035264,True,True,False,True
region_m1024_n4096_k49152,1024,4096,49152,2382495744,True,True,False,True
region_m1024_n4096_k65536,1024,4096,65536,3166830592,True,True,False,True
region_m1024_n4096_k98304,1024,4096,98304,4697751552,True,True,False,True
region_m1024_n4096_k131072,1024,4096,131072,6247546880,True,True,False,True
region_m1024_n6144_k256,1024,6144,256,156893184,True,True,False,True
region_m1024_n6144_k384,1024,6144,384,158728192,True,True,False,True
region_m1024_n6144_k512,1024,6144,512,160563200,True,True,False,True
region_m1024_n6144_k768,1024,6144,768,172621824,True,True,False,True
region_m1024_n6144_k1024,1024,6144,1024,179437568,True,True,True,False
region_m1024_n6144_k1536,1024,6144,1536,206700544,True,True,False,True
region_m1024_n6144_k2048,1024,6144,2048,251789312,True,True,False,True
region_m1024_n6144_k3072,1024,6144,3072,292683776,True,True,True,False
region_m1024_n6144_k4096,1024,6144,4096,368181248,True,True,False,True
region_m1024_n6144_k6144,1024,6144,6144,484573184,True,True,False,True
region_m1024_n6144_k8192,1024,6144,8192,618790912,True,True,False,True
region_m1024_n6144_k12288,1024,6144,12288,868352000,True,True,False,True
region_m1024_n6144_k16384,1024,6144,16384,1132068864,True,True,False,True
region_m1024_n6144_k24576,1024,6144,24576,1635909632,True,True,False,True
region_m1024_n6144_k32768,1024,6144,32768,2151546880,True,True,False,True
region_m1024_n6144_k49152,1024,6144,49152,3171024896,True,True,False,True
region_m1024_n6144_k65536,1024,6144,65536,4202299392,True,True,False,True
region_m1024_n6144_k98304,1024,6144,98304,6241255424,True,True,False,True
region_m1024_n6144_k131072,1024,6144,131072,8292007936,True,True,False,True
region_m1024_n8192_k256,1024,8192,256,206176256,True,True,False,True
region_m1024_n8192_k384,1024,8192,384,208535552,True,True,False,True
region_m1024_n8192_k512,1024,8192,512,210894848,True,True,False,True
region_m1024_n8192_k768,1024,8192,768,226099200,True,True,False,True
region_m1024_n8192_k1024,1024,8192,1024,235536384,True,True,False,True
region_m1024_n8192_k1536,1024,8192,1536,269615104,True,True,False,True
region_m1024_n8192_k2048,1024,8192,2048,327286784,True,True,False,True
region_m1024_n8192_k3072,1024,8192,3072,386007040,True,True,False,True
region_m1024_n8192_k4096,1024,8192,4096,477757440,True,True,False,True
region_m1024_n8192_k6144,1024,8192,6144,637665280,True,True,False,True
region_m1024_n8192_k8192,1024,8192,8192,805437440,True,True,False,True
region_m1024_n8192_k12288,1024,8192,12288,1140981760,True,True,False,True
region_m1024_n8192_k16384,1024,8192,16384,1476526080,True,True,False,True
region_m1024_n8192_k24576,1024,8192,24576,2147614720,True,True,False,True
region_m1024_n8192_k32768,1024,8192,32768,2818703360,True,True,False,True
region_m1024_n8192_k49152,1024,8192,49152,4160880640,True,True,False,True
region_m1024_n8192_k65536,1024,8192,65536,5503057920,True,True,False,True
region_m1024_n8192_k98304,1024,8192,98304,8187412480,True,True,False,True
region_m1024_n8192_k131072,1024,8192,131072,10871767040,False,True,False,False
region_m1024_n12288_k256,1024,12288,256,304742400,True,True,False,True
region_m1024_n12288_k384,1024,12288,384,308150272,True,True,False,True
region_m1024_n12288_k512,1024,12288,512,311558144,True,True,False,True
region_m1024_n12288_k768,1024,12288,768,333053952,True,True,False,True
region_m1024_n12288_k1024,1024,12288,1024,343015424,True,True,False,True
region_m1024_n12288_k1536,1024,12288,1536,395444224,True,True,False,True
region_m1024_n12288_k2048,1024,12288,2048,478281728,True,True,False,True
region_m1024_n12288_k3072,1024,12288,3072,544342016,True,True,False,True
region_m1024_n12288_k4096,1024,12288,4096,682754048,True,True,False,True
region_m1024_n12288_k6144,1024,12288,6144,887226368,True,True,False,True
region_m1024_n12288_k8192,1024,12288,8192,1145176064,True,True,False,True
region_m1024_n12288_k12288,1024,12288,12288,1572995072,True,True,False,True
region_m1024_n12288_k16384,1024,12288,16384,2044329984,True,True,False,True
region_m1024_n12288_k24576,1024,12288,24576,2944532480,True,True,False,True
region_m1024_n12288_k32768,1024,12288,32768,3865968640,True,True,False,True
region_m1024_n12288_k49152,1024,12288,49152,5687607296,True,True,False,True
region_m1024_n12288_k65536,1024,12288,65536,7530479616,True,True,False,True
region_m1024_n12288_k98304,1024,12288,98304,11173756928,False,True,False,False
region_m1024_n12288_k131072,1024,12288,131072,14838267904,False,True,False,False
region_m1024_n16384_k256,1024,16384,256,403308544,True,True,False,True
region_m1024_n16384_k384,1024,16384,384,407764992,True,True,False,True
region_m1024_n16384_k512,1024,16384,512,412221440,True,True,False,True
region_m1024_n16384_k768,1024,16384,768,440008704,True,True,False,True
region_m1024_n16384_k1024,1024,16384,1024,455213056,True,True,False,True
region_m1024_n16384_k1536,1024,16384,1536,521273344,True,True,False,True
region_m1024_n16384_k2048,1024,16384,2048,629276672,True,True,False,True
region_m1024_n16384_k3072,1024,16384,3072,715259904,True,True,False,True
region_m1024_n16384_k4096,1024,16384,4096,901906432,True,True,False,True
region_m1024_n16384_k6144,1024,16384,6144,1161953280,True,True,False,True
region_m1024_n16384_k8192,1024,16384,8192,1497497600,True,True,False,True
region_m1024_n16384_k12288,1024,16384,12288,2055340032,True,True,False,True
region_m1024_n16384_k16384,1024,16384,16384,2688679936,True,True,False,True
region_m1024_n16384_k24576,1024,16384,24576,3842113536,True,True,False,True
region_m1024_n16384_k32768,1024,16384,32768,5052170240,True,True,False,True
region_m1024_n16384_k49152,1024,16384,49152,7415660544,True,True,False,True
region_m1024_n16384_k65536,1024,16384,65536,9835773952,False,True,False,False
region_m1024_n16384_k98304,1024,16384,98304,14562754560,False,True,False,False
region_m1024_n16384_k131072,1024,16384,131072,19346358272,False,True,False,False
region_m1024_n24576_k256,1024,24576,256,600440832,True,True,False,True
region_m1024_n24576_k384,1024,24576,384,606994432,True,True,False,True
region_m1024_n24576_k512,1024,24576,512,613548032,True,True,False,True
region_m1024_n24576_k768,1024,24576,768,653918208,True,True,False,True
region_m1024_n24576_k1024,1024,24576,1024,670171136,True,True,False,True
region_m1024_n24576_k1536,1024,24576,1536,772931584,True,True,False,True
region_m1024_n24576_k2048,1024,24576,2048,931266560,True,True,False,True
region_m1024_n24576_k3072,1024,24576,3072,1047658496,True,True,False,True
region_m1024_n24576_k4096,1024,24576,4096,1311899648,True,True,False,True
region_m1024_n24576_k6144,1024,24576,6144,1692532736,True,True,False,True
region_m1024_n24576_k8192,1024,24576,8192,2202140672,True,True,False,True
region_m1024_n24576_k12288,1024,24576,12288,2982281216,True,True,False,True
region_m1024_n24576_k16384,1024,24576,16384,3878813696,True,True,False,True
region_m1024_n24576_k24576,1024,24576,24576,5561778176,True,True,False,True
region_m1024_n24576_k32768,1024,24576,32768,7300317184,True,True,False,True
region_m1024_n24576_k49152,1024,24576,49152,10720772096,False,True,False,False
region_m1024_n24576_k65536,1024,24576,65536,14186840064,False,True,False,False
region_m1024_n24576_k98304,1024,24576,98304,21038759936,False,True,False,False
region_m1024_n24576_k131072,1024,24576,131072,27930787840,False,True,False,False
region_m1024_n32768_k256,1024,32768,256,797573120,True,True,False,True
region_m1024_n32768_k384,1024,32768,384,806223872,True,True,False,True
region_m1024_n32768_k512,1024,32768,512,814874624,True,True,False,True
region_m1024_n32768_k768,1024,32768,768,867827712,True,True,False,True
region_m1024_n32768_k1024,1024,32768,1024,889847808,True,True,False,True
region_m1024_n32768_k1536,1024,32768,1536,1024589824,True,True,False,True
region_m1024_n32768_k2048,1024,32768,2048,1233256448,True,True,False,True
region_m1024_n32768_k3072,1024,32768,3072,1392640000,True,True,False,True
region_m1024_n32768_k4096,1024,32768,4096,1736048640,True,True,False,True
region_m1024_n32768_k6144,1024,32768,6144,2248278016,True,True,False,True
region_m1024_n32768_k8192,1024,32768,8192,2906783744,True,True,False,True
region_m1024_n32768_k12288,1024,32768,12288,3959554048,True,True,False,True
region_m1024_n32768_k16384,1024,32768,16384,5120851968,True,True,False,True
region_m1024_n32768_k24576,1024,32768,24576,7382106112,True,True,False,True
region_m1024_n32768_k32768,1024,32768,32768,9663807488,False,True,False,False
region_m1024_n32768_k49152,1024,32768,49152,14227210240,False,True,False,False
region_m1024_n32768_k65536,1024,32768,65536,18790612992,False,True,False,False
region_m1024_n32768_k98304,1024,32768,98304,27917418496,False,True,False,False
region_m1024_n32768_k131072,1024,32768,131072,37044224000,False,True,False,False
region_m1024_n49152_k256,1024,49152,256,1191837696,True,True,False,True
region_m1024_n49152_k384,1024,49152,384,1204682752,True,True,False,True
region_m1024_n49152_k512,1024,49152,512,1217527808,True,True,False,True
region_m1024_n49152_k768,1024,49152,768,1295646720,True,True,False,True
region_m1024_n49152_k1024,1024,49152,1024,1324482560,True,True,False,True
region_m1024_n49152_k1536,1024,49152,1536,1527906304,True,True,False,True
region_m1024_n49152_k2048,1024,49152,2048,1837236224,True,True,False,True
region_m1024_n49152_k3072,1024,49152,3072,2054291456,True,True,False,True
region_m1024_n49152_k4096,1024,49152,4096,2570190848,True,True,False,True
region_m1024_n49152_k6144,1024,49152,6144,3303145472,True,True,False,True
region_m1024_n49152_k8192,1024,49152,8192,4316069888,True,True,False,True
region_m1024_n49152_k12288,1024,49152,12288,5800853504,True,True,False,True
region_m1024_n49152_k16384,1024,49152,16384,7553024000,True,True,False,True
region_m1024_n49152_k24576,1024,49152,24576,10796269568,False,True,False,False
region_m1024_n49152_k32768,1024,49152,32768,14231404544,False,True,False,False
region_m1024_n49152_k49152,1024,49152,49152,20787101696,False,True,False,False
region_m1024_n49152_k65536,1024,49152,65536,27499560960,False,True,False,False
region_m1024_n49152_k98304,1024,49152,98304,40768765952,False,False,False,False
region_m1024_n49152_k131072,1024,49152,131072,54115827712,False,False,False,False
region_m1024_n65536_k256,1024,65536,256,1586102272,True,True,False,True
region_m1024_n65536_k384,1024,65536,384,1603141632,True,True,False,True
region_m1024_n65536_k512,1024,65536,512,1620180992,True,True,False,True
region_m1024_n65536_k768,1024,65536,768,1723465728,True,True,False,True
region_m1024_n65536_k1024,1024,65536,1024,1763835904,True,True,False,True
region_m1024_n65536_k1536,1024,65536,1536,2031222784,True,True,False,True
region_m1024_n65536_k2048,1024,65536,2048,2441216000,True,True,False,True
region_m1024_n65536_k3072,1024,65536,3072,2728525824,True,True,False,True
region_m1024_n65536_k4096,1024,65536,4096,3418488832,True,True,False,True
region_m1024_n65536_k6144,1024,65536,6144,4383178752,True,True,False,True
region_m1024_n65536_k8192,1024,65536,8192,5725356032,True,True,False,True
region_m1024_n65536_k12288,1024,65536,12288,7692484608,True,True,False,True
region_m1024_n65536_k16384,1024,65536,16384,10037100544,False,True,False,False
region_m1024_n65536_k24576,1024,65536,24576,14311096320,False,True,False,False
region_m1024_n65536_k32768,1024,65536,32768,18861916160,False,True,False,False
region_m1024_n65536_k49152,1024,65536,49152,27548319744,False,True,False,False
region_m1024_n65536_k65536,1024,65536,65536,36511547392,False,True,False,False
region_m1024_n65536_k98304,1024,65536,98304,54022766592,False,False,False,False
region_m1024_n65536_k131072,1024,65536,131072,71741603840,False,False,False,False
region_m1024_n98304_k256,1024,98304,256,2374631424,True,True,False,True
region_m1024_n98304_k384,1024,98304,384,2400059392,True,True,False,True
region_m1024_n98304_k512,1024,98304,512,2425487360,True,True,False,True
region_m1024_n98304_k768,1024,98304,768,2579103744,True,True,False,True
region_m1024_n98304_k1024,1024,98304,1024,2633105408,True,True,False,True
region_m1024_n98304_k1536,1024,98304,1536,3037855744,True,True,False,True
region_m1024_n98304_k2048,1024,98304,2048,3649175552,True,True,False,True
region_m1024_n98304_k3072,1024,98304,3072,4067557376,True,True,False,True
region_m1024_n98304_k4096,1024,98304,4096,5086773248,True,True,False,True
region_m1024_n98304_k6144,1024,98304,6144,6524370944,True,True,False,True
region_m1024_n98304_k8192,1024,98304,8192,8543928320,True,True,False,True
region_m1024_n98304_k12288,1024,98304,12288,11437998080,False,True,False,False
region_m1024_n98304_k16384,1024,98304,16384,14901444608,False,True,False,False
region_m1024_n98304_k24576,1024,98304,24576,21265252352,False,True,False,False
region_m1024_n98304_k32768,1024,98304,32768,28122939392,False,True,False,False
region_m1024_n98304_k49152,1024,98304,49152,40919760896,False,False,False,False
region_m1024_n98304_k65536,1024,98304,65536,54160130048,False,False,False,False
region_m1024_n98304_k98304,1024,98304,98304,80228777984,False,False,False,False
region_m1024_n98304_k131072,1024,98304,131072,106503995392,False,False,False,False
region_m1024_n131072_k256,1024,131072,256,3163160576,True,True,False,True
region_m1024_n131072_k384,1024,131072,384,3196977152,True,True,False,True
region_m1024_n131072_k512,1024,131072,512,3230793728,True,True,False,True
region_m1024_n131072_k768,1024,131072,768,3434741760,True,True,False,True
region_m1024_n131072_k1024,1024,131072,1024,3507093504,True,True,False,True
region_m1024_n131072_k1536,1024,131072,1536,4044488704,True,True,False,True
region_m1024_n131072_k2048,1024,131072,2048,4857135104,True,True,False,True
region_m1024_n131072_k3072,1024,131072,3072,5419171840,True,True,False,True
region_m1024_n131072_k4096,1024,131072,4096,6769213440,True,True,False,True
region_m1024_n131072_k6144,1024,131072,6144,8690728960,False,True,False,False
region_m1024_n131072_k8192,1024,131072,8192,11362500608,False,True,False,False
region_m1024_n131072_k12288,1024,131072,12288,15233843200,False,True,False,False
region_m1024_n131072_k16384,1024,131072,16384,19817693184,False,True,False,False
region_m1024_n131072_k24576,1024,131072,24576,28320071680,False,True,False,False
region_m1024_n131072_k32768,1024,131072,32768,37383962624,False,True,False,False
region_m1024_n131072_k49152,1024,131072,49152,54492528640,False,False,False,False
region_m1024_n131072_k65536,1024,131072,65536,72011612160,False,False,False,False
region_m1024_n131072_k98304,1024,131072,98304,106837442560,False,False,False,False
region_m1024_n131072_k131072,1024,131072,131072,141734051840,False,False,False,False
region_m1536_n256_k256,1536,256,256,57671680,True,True,False,True
region_m1536_n256_k384,1536,256,384,58130432,True,True,False,True
region_m1536_n256_k512,1536,256,512,58589184,True,True,False,True
region_m1536_n256_k768,1536,256,768,63700992,True,True,False,True
region_m1536_n256_k1024,1536,256,1024,64618496,True,True,False,True
region_m1536_n256_k1536,1536,256,1536,76939264,True,True,False,True
region_m1536_n256_k2048,1536,256,2048,95551488,True,True,False,True
region_m1536_n256_k3072,1536,256,3072,113901568,True,True,False,True
region_m1536_n256_k4096,1536,256,4096,143785984,True,True,False,True
region_m1536_n256_k6144,1536,256,6144,194117632,True,True,False,True
region_m1536_n256_k8192,1536,256,8192,253886464,True,True,False,True
region_m1536_n256_k12288,1536,256,12288,354549760,True,True,False,True
region_m1536_n256_k16384,1536,256,16384,464650240,True,True,False,True
region_m1536_n256_k24576,1536,256,24576,675414016,True,True,False,True
region_m1536_n256_k32768,1536,256,32768,895614976,True,True,False,True
region_m1536_n256_k49152,1536,256,49152,1317142528,True,True,False,True
region_m1536_n256_k65536,1536,256,65536,1748107264,True,True,False,True
region_m1536_n256_k98304,1536,256,98304,2600599552,True,True,False,True
region_m1536_n256_k131072,1536,256,131072,3462529024,True,True,False,True
region_m1536_n384_k256,1536,384,256,57737216,True,True,False,True
region_m1536_n384_k384,1536,384,384,58228736,True,True,False,True
region_m1536_n384_k512,1536,384,512,58720256,True,True,False,True
region_m1536_n384_k768,1536,384,768,63897600,True,True,False,True
region_m1536_n384_k1024,1536,384,1024,64880640,True,True,False,True
region_m1536_n384_k1536,1536,384,1536,77332480,True,True,False,True
region_m1536_n384_k2048,1536,384,2048,96075776,True,True,False,True
region_m1536_n384_k3072,1536,384,3072,114688000,True,True,False,True
region_m1536_n384_k4096,1536,384,4096,144834560,True,True,False,True
region_m1536_n384_k6144,1536,384,6144,195690496,True,True,False,True
region_m1536_n384_k8192,1536,384,8192,255983616,True,True,False,True
region_m1536_n384_k12288,1536,384,12288,357695488,True,True,False,True
region_m1536_n384_k16384,1536,384,16384,468844544,True,True,False,True
region_m1536_n384_k24576,1536,384,24576,681705472,True,True,False,True
region_m1536_n384_k32768,1536,384,32768,904003584,True,True,False,True
region_m1536_n384_k49152,1536,384,49152,1329725440,True,True,False,True
region_m1536_n384_k65536,1536,384,65536,1764884480,True,True,False,True
region_m1536_n384_k98304,1536,384,98304,2625765376,True,True,False,True
region_m1536_n384_k131072,1536,384,131072,3496083456,True,True,False,True
region_m1536_n512_k256,1536,512,256,57802752,True,True,False,True
region_m1536_n512_k384,1536,512,384,58327040,True,True,False,True
region_m1536_n512_k512,1536,512,512,58851328,True,True,False,True
region_m1536_n512_k768,1536,512,768,64094208,True,True,False,True
region_m1536_n512_k1024,1536,512,1024,65142784,True,True,False,True
region_m1536_n512_k1536,1536,512,1536,77725696,True,True,False,True
region_m1536_n512_k2048,1536,512,2048,96600064,True,True,False,True
region_m1536_n512_k3072,1536,512,3072,115474432,True,True,False,True
region_m1536_n512_k4096,1536,512,4096,145883136,True,True,False,True
region_m1536_n512_k6144,1536,512,6144,197263360,True,True,False,True
region_m1536_n512_k8192,1536,512,8192,258080768,True,True,False,True
region_m1536_n512_k12288,1536,512,12288,360841216,True,True,False,True
region_m1536_n512_k16384,1536,512,16384,473038848,True,True,False,True
region_m1536_n512_k24576,1536,512,24576,687996928,True,True,False,True
region_m1536_n512_k32768,1536,512,32768,912392192,True,True,False,True
region_m1536_n512_k49152,1536,512,49152,1342308352,True,True,False,True
region_m1536_n512_k65536,1536,512,65536,1781661696,True,True,False,True
region_m1536_n512_k98304,1536,512,98304,2650931200,True,True,False,True
region_m1536_n512_k131072,1536,512,131072,3529637888,True,True,False,True
region_m1536_n768_k256,1536,768,256,57933824,True,True,False,True
region_m1536_n768_k384,1536,768,384,58523648,True,True,False,True
region_m1536_n768_k512,1536,768,512,59113472,True,True,False,True
region_m1536_n768_k768,1536,768,768,64487424,True,True,False,True
region_m1536_n768_k1024,1536,768,1024,65667072,True,True,False,True
region_m1536_n768_k1536,1536,768,1536,78512128,True,True,False,True
region_m1536_n768_k2048,1536,768,2048,97648640,True,True,False,True
region_m1536_n768_k3072,1536,768,3072,117047296,True,True,False,True
region_m1536_n768_k4096,1536,768,4096,147980288,True,True,False,True
region_m1536_n768_k6144,1536,768,6144,200409088,True,True,False,True
region_m1536_n768_k8192,1536,768,8192,262275072,True,True,False,True
region_m1536_n768_k12288,1536,768,12288,367132672,True,True,False,True
region_m1536_n768_k16384,1536,768,16384,481427456,True,True,False,True
region_m1536_n768_k24576,1536,768,24576,700579840,True,True,False,True
region_m1536_n768_k32768,1536,768,32768,929169408,True,True,False,True
region_m1536_n768_k49152,1536,768,49152,1367474176,True,True,False,True
region_m1536_n768_k65536,1536,768,65536,1815216128,True,True,False,True
region_m1536_n768_k98304,1536,768,98304,2701262848,True,True,False,True
region_m1536_n768_k131072,1536,768,131072,3596746752,True,True,False,True
region_m1536_n1024_k256,1536,1024,256,58064896,True,True,False,True
region_m1536_n1024_k384,1536,1024,384,58720256,True,True,False,True
region_m1536_n1024_k512,1536,1024,512,59375616,True,True,False,True
region_m1536_n1024_k768,1536,1024,768,64880640,True,True,False,True
region_m1536_n1024_k1024,1536,1024,1024,66191360,True,True,False,True
region_m1536_n1024_k1536,1536,1024,1536,79298560,True,True,False,True
region_m1536_n1024_k2048,1536,1024,2048,98697216,True,True,False,True
region_m1536_n1024_k3072,1536,1024,3072,118620160,True,True,False,True
region_m1536_n1024_k4096,1536,1024,4096,150077440,True,True,False,True
region_m1536_n1024_k6144,1536,1024,6144,203554816,True,True,False,True
region_m1536_n1024_k8192,1536,1024,8192,266469376,True,True,False,True
region_m1536_n1024_k12288,1536,1024,12288,373424128,True,True,False,True
region_m1536_n1024_k16384,1536,1024,16384,489816064,True,True,False,True
region_m1536_n1024_k24576,1536,1024,24576,713162752,True,True,False,True
region_m1536_n1024_k32768,1536,1024,32768,945946624,True,True,False,True
region_m1536_n1024_k49152,1536,1024,49152,1392640000,True,True,False,True
region_m1536_n1024_k65536,1536,1024,65536,1848770560,True,True,False,True
region_m1536_n1024_k98304,1536,1024,98304,2751594496,True,True,False,True
region_m1536_n1024_k131072,1536,1024,131072,3663855616,True,True,False,True
region_m1536_n1536_k256,1536,1536,256,68812800,True,True,False,True
region_m1536_n1536_k384,1536,1536,384,69599232,True,True,False,True
region_m1536_n1536_k512,1536,1536,512,70385664,True,True,False,True
region_m1536_n1536_k768,1536,1536,768,71958528,True,True,False,True
region_m1536_n1536_k1024,1536,1536,1024,74579968,True,True,False,True
region_m1536_n1536_k1536,1536,1536,1536,91357184,True,True,True,False
region_m1536_n1536_k2048,1536,1536,2048,113377280,True,True,False,True
region_m1536_n1536_k3072,1536,1536,3072,124911616,True,True,False,True
region_m1536_n1536_k4096,1536,1536,4096,167903232,True,True,False,True
region_m1536_n1536_k6144,1536,1536,6144,216137728,True,True,False,True
region_m1536_n1536_k8192,1536,1536,8192,302120960,True,True,False,True
region_m1536_n1536_k12288,1536,1536,12288,398589952,True,True,False,True
region_m1536_n1536_k16384,1536,1536,16384,545390592,True,True,False,True
region_m1536_n1536_k24576,1536,1536,24576,763494400,True,True,False,True
region_m1536_n1536_k32768,1536,1536,32768,1057095680,True,True,False,True
region_m1536_n1536_k49152,1536,1536,49152,1493303296,True,True,False,True
region_m1536_n1536_k65536,1536,1536,65536,2055340032,True,True,False,True
region_m1536_n1536_k98304,1536,1536,98304,2952921088,True,True,False,True
region_m1536_n1536_k131072,1536,1536,131072,4076994560,True,True,False,True
region_m1536_n2048_k256,1536,2048,256,69599232,True,True,False,True
region_m1536_n2048_k384,1536,2048,384,70516736,True,True,False,True
region_m1536_n2048_k512,1536,2048,512,71434240,True,True,False,True
region_m1536_n2048_k768,1536,2048,768,77987840,True,True,False,True
region_m1536_n2048_k1024,1536,2048,1024,79822848,True,True,False,True
region_m1536_n2048_k1536,1536,2048,1536,96600064,True,True,False,True
region_m1536_n2048_k2048,1536,2048,2048,121765888,True,True,False,True
region_m1536_n2048_k3072,1536,2048,3072,141688832,True,True,False,True
region_m1536_n2048_k4096,1536,2048,4096,180486144,True,True,False,True
region_m1536_n2048_k6144,1536,2048,6144,245497856,True,True,False,True
region_m1536_n2048_k8192,1536,2048,8192,323092480,True,True,False,True
region_m1536_n2048_k12288,1536,2048,12288,453115904,True,True,False,True
region_m1536_n2048_k16384,1536,2048,16384,595722240,True,True,False,True
region_m1536_n2048_k24576,1536,2048,24576,868352000,True,True,False,True
region_m1536_n2048_k32768,1536,2048,32768,1153564672,True,True,False,True
region_m1536_n2048_k49152,1536,2048,49152,1698824192,True,True,False,True
region_m1536_n2048_k65536,1536,2048,65536,2256666624,True,True,False,True
region_m1536_n2048_k98304,1536,2048,98304,3359768576,True,True,False,True
region_m1536_n2048_k131072,1536,2048,131072,4475453440,True,True,False,True
region_m1536_n3072_k256,1536,3072,256,107347968,True,True,False,True
region_m1536_n3072_k384,1536,3072,384,108527616,True,True,False,True
region_m1536_n3072_k512,1536,3072,512,109707264,True,True,False,True
region_m1536_n3072_k768,1536,3072,768,118358016,True,True,False,True
region_m1536_n3072_k1024,1536,3072,1024,120717312,True,True,False,True
region_m1536_n3072_k1536,1536,3072,1536,142213120,True,True,False,True
region_m1536_n3072_k2048,1536,3072,2048,174194688,True,True,False,True
region_m1536_n3072_k3072,1536,3072,3072,202506240,True,True,False,True
region_m1536_n3072_k4096,1536,3072,4096,252837888,True,True,False,True
region_m1536_n3072_k6144,1536,3072,6144,337772544,True,True,False,True
region_m1536_n3072_k8192,1536,3072,8192,438435840,True,True,False,True
region_m1536_n3072_k12288,1536,3072,12288,608305152,True,True,False,True
region_m1536_n3072_k16384,1536,3072,16384,793903104,True,True,False,True
region_m1536_n3072_k24576,1536,3072,24576,1149370368,True,True,False,True
region_m1536_n3072_k32768,1536,3072,32768,1520566272,True,True,False,True
region_m1536_n3072_k49152,1536,3072,49152,2231500800,True,True,False,True
region_m1536_n3072_k65536,1536,3072,65536,2958163968,True,True,False,True
region_m1536_n3072_k98304,1536,3072,98304,4395761664,True,True,False,True
region_m1536_n3072_k131072,1536,3072,131072,5849088000,True,True,False,True
region_m1536_n4096_k256,1536,4096,256,120455168,True,True,False,True
region_m1536_n4096_k384,1536,4096,384,121896960,True,True,False,True
region_m1536_n4096_k512,1536,4096,512,123338752,True,True,False,True
region_m1536_n4096_k768,1536,4096,768,126222336,True,True,False,True
region_m1536_n4096_k1024,1536,4096,1024,135397376,True,True,False,True
region_m1536_n4096_k1536,1536,4096,1536,157941760,True,True,False,True
region_m1536_n4096_k2048,1536,4096,2048,194117632,True,True,False,True
region_m1536_n4096_k3072,1536,4096,3072,215089152,True,True,False,True
region_m1536_n4096_k4096,1536,4096,4096,283246592,True,True,False,True
region_m1536_n4096_k6144,1536,4096,6144,362938368,True,True,False,True
region_m1536_n4096_k8192,1536,4096,8192,489816064,True,True,False,True
region_m1536_n4096_k12288,1536,4096,12288,658636800,True,True,False,True
region_m1536_n4096_k16384,1536,4096,16384,874643456,True,True,False,True
region_m1536_n4096_k24576,1536,4096,24576,1250033664,True,True,False,True
region_m1536_n4096_k32768,1536,4096,32768,1672609792,True,True,False,True
region_m1536_n4096_k49152,1536,4096,49152,2432827392,True,True,False,True
region_m1536_n4096_k65536,1536,4096,65536,3240230912,True,True,False,True
region_m1536_n4096_k98304,1536,4096,98304,4798414848,True,True,False,True
region_m1536_n4096_k131072,1536,4096,131072,6403784704,True,True,False,True
region_m1536_n6144_k256,1536,6144,256,171835392,True,True,False,True
region_m1536_n6144_k384,1536,6144,384,173801472,True,True,False,True
region_m1536_n6144_k512,1536,6144,512,175767552,True,True,False,True
region_m1536_n6144_k768,1536,6144,768,179699712,True,True,False,True
region_m1536_n6144_k1024,1536,6144,1024,190447616,True,True,False,True
region_m1536_n6144_k1536,1536,6144,1536,222953472,True,True,False,True
region_m1536_n6144_k2048,1536,6144,2048,268304384,True,True,False,True
region_m1536_n6144_k3072,1536,6144,3072,248643584,True,True,False,True
region_m1536_n6144_k4096,1536,6144,4096,385482752,True,True,False,True
region_m1536_n6144_k6144,1536,6144,6144,396492800,True,True,False,True
region_m1536_n6144_k8192,1536,6144,8192,662831104,True,True,False,True
region_m1536_n6144_k12288,1536,6144,12288,692191232,True,True,False,True
region_m1536_n6144_k16384,1536,6144,16384,1174536192,True,True,False,True
region_m1536_n6144_k24576,1536,6144,24576,1283588096,True,True,True,False
region_m1536_n6144_k32768,1536,6144,32768,2248278016,True,True,False,True
region_m1536_n6144_k49152,1536,6144,49152,2466381824,True,True,False,True
region_m1536_n6144_k65536,1536,6144,65536,4345430016,True,True,False,True
region_m1536_n6144_k98304,1536,6144,98304,4831969280,True,True,False,True
region_m1536_n6144_k131072,1536,6144,131072,8590065664,False,True,False,False
region_m1536_n8192_k256,1536,8192,256,223215616,True,True,False,True
region_m1536_n8192_k384,1536,8192,384,225705984,True,True,False,True
region_m1536_n8192_k512,1536,8192,512,228196352,True,True,False,True
region_m1536_n8192_k768,1536,8192,768,234225664,True,True,False,True
region_m1536_n8192_k1024,1536,8192,1024,247857152,True,True,False,True
region_m1536_n8192_k1536,1536,8192,1536,287965184,True,True,False,True
region_m1536_n8192_k2048,1536,8192,2048,346030080,True,True,False,True
region_m1536_n8192_k3072,1536,8192,3072,389152768,True,True,False,True
region_m1536_n8192_k4096,1536,8192,4096,494796800,True,True,False,True
region_m1536_n8192_k6144,1536,8192,6144,643956736,True,True,False,True
region_m1536_n8192_k8192,1536,8192,8192,847380480,True,True,False,True
region_m1536_n8192_k12288,1536,8192,12288,1153564672,True,True,False,True
region_m1536_n8192_k16384,1536,8192,16384,1503789056,True,True,False,True
region_m1536_n8192_k24576,1536,8192,24576,2172780544,True,True,False,True
region_m1536_n8192_k32768,1536,8192,32768,2873229312,True,True,True,False
region_m1536_n8192_k49152,1536,8192,49152,4211212288,True,True,False,True
region_m1536_n8192_k65536,1536,8192,65536,5580652544,True,True,False,True
region_m1536_n8192_k98304,1536,8192,98304,8288075776,True,True,False,True
region_m1536_n8192_k131072,1536,8192,131072,11026956288,False,True,False,False
region_m1536_n12288_k256,1536,12288,256,325976064,True,True,False,True
region_m1536_n12288_k384,1536,12288,384,329515008,True,True,False,True
region_m1536_n12288_k512,1536,12288,512,333053952,True,True,False,True
region_m1536_n12288_k768,1536,12288,768,340131840,True,True,False,True
region_m1536_n12288_k1024,1536,12288,1024,360316928,True,True,False,True
region_m1536_n12288_k1536,1536,12288,1536,417988608,True,True,False,True
region_m1536_n12288_k2048,1536,12288,2048,497942528,True,True,False,True
region_m1536_n12288_k3072,1536,12288,3072,462553088,True,True,False,True
region_m1536_n12288_k4096,1536,12288,4096,706347008,True,True,False,True
region_m1536_n12288_k6144,1536,12288,6144,723648512,True,True,False,True
region_m1536_n12288_k8192,1536,12288,8192,1191313408,True,True,False,True
region_m1536_n12288_k12288,1536,12288,12288,1245839360,True,True,False,True
region_m1536_n12288_k16384,1536,12288,16384,2093088768,True,True,False,True
region_m1536_n12288_k24576,1536,12288,24576,2290221056,True,True,False,True
region_m1536_n12288_k32768,1536,12288,32768,3984719872,True,True,False,True
region_m1536_n12288_k49152,1536,12288,49152,4378984448,True,True,False,True
region_m1536_n12288_k65536,1536,12288,65536,7679901696,True,True,False,True
region_m1536_n12288_k98304,1536,12288,98304,8556511232,True,True,False,True
region_m1536_n12288_k131072,1536,12288,131072,15158345728,False,True,False,False
region_m1536_n16384_k256,1536,16384,256,428736512,True,True,False,True
region_m1536_n16384_k384,1536,16384,384,433324032,True,True,False,True
region_m1536_n16384_k512,1536,16384,512,437911552,True,True,False,True
region_m1536_n16384_k768,1536,16384,768,447086592,True,True,False,True
region_m1536_n16384_k1024,1536,16384,1024,475136000,True,True,False,True
region_m1536_n16384_k1536,1536,16384,1536,548012032,True,True,False,True
region_m1536_n16384_k2048,1536,16384,2048,653393920,True,True,False,True
region_m1536_n16384_k3072,1536,16384,3072,718405632,True,True,False,True
region_m1536_n16384_k4096,1536,16384,4096,924975104,True,True,False,True
region_m1536_n16384_k6144,1536,16384,6144,1168244736,True,True,False,True
region_m1536_n16384_k8192,1536,16384,8192,1553072128,True,True,False,True
region_m1536_n16384_k12288,1536,16384,12288,2067922944,True,True,False,True
region_m1536_n16384_k16384,1536,16384,16384,2724331520,True,True,False,True
region_m1536_n16384_k24576,1536,16384,24576,3867279360,True,True,False,True
region_m1536_n16384_k32768,1536,16384,32768,5151784960,True,True,False,True
region_m1536_n16384_k49152,1536,16384,49152,7465992192,True,True,False,True
region_m1536_n16384_k65536,1536,16384,65536,9921757184,False,True,False,False
region_m1536_n16384_k98304,1536,16384,98304,14663417856,False,True,False,False
region_m1536_n16384_k131072,1536,16384,131072,19546636288,False,True,False,False
region_m1536_n24576_k256,1536,24576,256,634257408,True,True,False,True
region_m1536_n24576_k384,1536,24576,384,640942080,True,True,False,True
region_m1536_n24576_k512,1536,24576,512,647626752,True,True,False,True
region_m1536_n24576_k768,1536,24576,768,660996096,True,True,False,True
region_m1536_n24576_k1024,1536,24576,1024,700055552,True,True,False,True
region_m1536_n24576_k1536,1536,24576,1536,808058880,True,True,False,True
region_m1536_n24576_k2048,1536,24576,2048,957218816,True,True,False,True
region_m1536_n24576_k3072,1536,24576,3072,890372096,True,True,False,True
region_m1536_n24576_k4096,1536,24576,4096,1348075520,True,True,False,True
region_m1536_n24576_k6144,1536,24576,6144,1377959936,True,True,False,True
region_m1536_n24576_k8192,1536,24576,8192,2253258752,True,True,False,True
region_m1536_n24576_k12288,1536,24576,12288,2353135616,True,True,False,True
region_m1536_n24576_k16384,1536,24576,16384,3940155392,True,True,False,True
region_m1536_n24576_k24576,1536,24576,24576,4303486976,True,True,False,True
region_m1536_n24576_k32768,1536,24576,32768,7457603584,True,True,False,True
region_m1536_n24576_k49152,1536,24576,49152,8204189696,True,True,False,True
region_m1536_n24576_k65536,1536,24576,65536,14348845056,False,True,False,False
region_m1536_n24576_k98304,1536,24576,98304,16005595136,False,True,False,False
region_m1536_n24576_k131072,1536,24576,131072,28294905856,False,False,False,False
region_m1536_n32768_k256,1536,32768,256,839778304,True,True,False,True
region_m1536_n32768_k384,1536,32768,384,848560128,True,True,False,True
region_m1536_n32768_k512,1536,32768,512,857341952,True,True,False,True
region_m1536_n32768_k768,1536,32768,768,875954176,True,True,False,True
region_m1536_n32768_k1024,1536,32768,1024,927334400,True,True,False,True
region_m1536_n32768_k1536,1536,32768,1536,1068105728,True,True,False,True
region_m1536_n32768_k2048,1536,32768,2048,1264582656,True,True,False,True
region_m1536_n32768_k3072,1536,32768,3072,1395785728,True,True,False,True
region_m1536_n32768_k4096,1536,32768,4096,1778253824,True,True,False,True
region_m1536_n32768_k6144,1536,32768,6144,2254569472,True,True,False,True
region_m1536_n32768_k8192,1536,32768,8192,2966421504,True,True,False,True
region_m1536_n32768_k12288,1536,32768,12288,3972136960,True,True,False,True
region_m1536_n32768_k16384,1536,32768,16384,5181931520,True,True,False,True
region_m1536_n32768_k24576,1536,32768,24576,7407271936,True,True,False,True
region_m1536_n32768_k32768,1536,32768,32768,9806413824,False,True,False,False
region_m1536_n32768_k49152,1536,32768,49152,14277541888,False,True,False,False
region_m1536_n32768_k65536,1536,32768,65536,18893373440,False,True,False,False
region_m1536_n32768_k98304,1536,32768,98304,28018081792,False,False,False,False
region_m1536_n32768_k131072,1536,32768,131072,37249744896,False,False,False,False
region_m1536_n49152_k256,1536,49152,256,1250820096,True,True,False,True
region_m1536_n49152_k384,1536,49152,384,1263796224,True,True,False,True
region_m1536_n49152_k512,1536,49152,512,1276772352,True,True,False,True
region_m1536_n49152_k768,1536,49152,768,1302724608,True,True,False,True
region_m1536_n49152_k1024,1536,49152,1024,1379532800,True,True,False,True
region_m1536_n49152_k1536,1536,49152,1536,1588199424,True,True,False,True
region_m1536_n49152_k2048,1536,49152,2048,1875771392,True,True,False,True
region_m1536_n49152_k3072,1536,49152,3072,1746010112,True,True,False,True
region_m1536_n49152_k4096,1536,49152,4096,2631532544,True,True,False,True
region_m1536_n49152_k6144,1536,49152,6144,2686582784,True,True,False,True
region_m1536_n49152_k8192,1536,49152,8192,4379770880,True,True,False,True
region_m1536_n49152_k12288,1536,49152,12288,4567728128,True,True,False,True
region_m1536_n49152_k16384,1536,49152,16384,7639531520,True,True,False,True
region_m1536_n49152_k24576,1536,49152,24576,8330018816,True,True,False,True
region_m1536_n49152_k32768,1536,49152,32768,14403371008,False,True,False,False
region_m1536_n49152_k49152,1536,49152,49152,15854600192,False,True,False,False
region_m1536_n49152_k65536,1536,49152,65536,27686731776,False,False,False,False
region_m1536_n49152_k98304,1536,49152,98304,30903762944,False,False,False,False
region_m1536_n49152_k131072,1536,49152,131072,54568026112,False,False,False,False
region_m1536_n65536_k256,1536,65536,256,1661861888,True,True,False,True
region_m1536_n65536_k384,1536,65536,384,1679032320,True,True,False,True
region_m1536_n65536_k512,1536,65536,512,1696202752,True,True,False,True
region_m1536_n65536_k768,1536,65536,768,1730543616,True,True,False,True
region_m1536_n65536_k1024,1536,65536,1024,1834090496,True,True,False,True
region_m1536_n65536_k1536,1536,65536,1536,2108293120,True,True,False,True
region_m1536_n65536_k2048,1536,65536,2048,2490499072,True,True,False,True
region_m1536_n65536_k3072,1536,65536,3072,2731671552,True,True,False,True
region_m1536_n65536_k4096,1536,65536,4096,3491889152,True,True,False,True
region_m1536_n65536_k6144,1536,65536,6144,4389470208,True,True,False,True
region_m1536_n65536_k8192,1536,65536,8192,5806096384,True,True,False,True
region_m1536_n65536_k12288,1536,65536,12288,7705067520,True,True,False,True
region_m1536_n65536_k16384,1536,65536,16384,10123083776,False,True,False,False
region_m1536_n65536_k24576,1536,65536,24576,14336262144,False,True,False,False
region_m1536_n65536_k32768,1536,65536,32768,19068485632,False,True,False,False
region_m1536_n65536_k49152,1536,65536,49152,27598651392,False,False,False,False
region_m1536_n65536_k65536,1536,65536,65536,36647862272,False,False,False,False
region_m1536_n65536_k98304,1536,65536,98304,54123429888,False,False,False,False
region_m1536_n65536_k131072,1536,65536,131072,72118042624,False,False,False,False
region_m1536_n98304_k256,1536,98304,256,2483945472,True,True,False,True
region_m1536_n98304_k384,1536,98304,384,2509504512,True,True,False,True
region_m1536_n98304_k512,1536,98304,512,2535063552,True,True,False,True
region_m1536_n98304_k768,1536,98304,768,2586181632,True,True,False,True
region_m1536_n98304_k1024,1536,98304,1024,2738487296,True,True,False,True
region_m1536_n98304_k1536,1536,98304,1536,3148480512,True,True,False,True
region_m1536_n98304_k2048,1536,98304,2048,3712876544,True,True,False,True
region_m1536_n98304_k3072,1536,98304,3072,3457286144,True,True,False,True
region_m1536_n98304_k4096,1536,98304,4096,5198446592,True,True,False,True
region_m1536_n98304_k6144,1536,98304,6144,5303828480,True,True,False,True
region_m1536_n98304_k8192,1536,98304,8192,8632795136,False,True,False,False
region_m1536_n98304_k12288,1536,98304,12288,8996913152,False,True,False,False
region_m1536_n98304_k16384,1536,98304,16384,15038283776,False,True,False,False
region_m1536_n98304_k24576,1536,98304,24576,16383082496,False,True,False,False
region_m1536_n98304_k32768,1536,98304,32768,28312469504,False,False,False,False
region_m1536_n98304_k49152,1536,98304,49152,31155421184,False,False,False,False
region_m1536_n98304_k65536,1536,98304,65536,54397632512,False,False,False,False
region_m1536_n98304_k98304,1536,98304,98304,60700098560,False,False,False,False
region_m1536_n98304_k131072,1536,98304,131072,107114266624,False,False,False,False
region_m1536_n131072_k256,1536,131072,256,3306029056,True,True,False,True
region_m1536_n131072_k384,1536,131072,384,3339976704,True,True,False,True
region_m1536_n131072_k512,1536,131072,512,3373924352,True,True,False,True
region_m1536_n131072_k768,1536,131072,768,3442868224,True,True,False,True
region_m1536_n131072_k1024,1536,131072,1024,3645243392,True,True,False,True
region_m1536_n131072_k1536,1536,131072,1536,4188667904,True,True,False,True
region_m1536_n131072_k2048,1536,131072,2048,4938792960,True,True,False,True
region_m1536_n131072_k3072,1536,131072,3072,5422317568,True,True,False,True
region_m1536_n131072_k4096,1536,131072,4096,6912081920,True,True,False,True
region_m1536_n131072_k6144,1536,131072,6144,8697020416,False,True,False,False
region_m1536_n131072_k8192,1536,131072,8192,11472470016,False,True,False,False
region_m1536_n131072_k12288,1536,131072,12288,15246426112,False,True,False,False
region_m1536_n131072_k16384,1536,131072,16384,19979436032,False,True,False,False
region_m1536_n131072_k24576,1536,131072,24576,28345237504,False,False,False,False
region_m1536_n131072_k32768,1536,131072,32768,37607178240,False,False,False,False
region_m1536_n131072_k49152,1536,131072,49152,54542860288,False,False,False,False
region_m1536_n131072_k65536,1536,131072,65536,72248852480,False,False,False,False
region_m1536_n131072_k98304,1536,131072,98304,106938105856,False,False,False,False
region_m1536_n131072_k131072,1536,131072,131072,142279311360,False,False,False,False
region_m2048_n256_k256,2048,256,256,62652416,True,True,False,True
region_m2048_n256_k384,2048,256,384,63242240,True,True,False,True
region_m2048_n256_k512,2048,256,512,63832064,True,True,False,True
region_m2048_n256_k768,2048,256,768,69730304,True,True,False,True
region_m2048_n256_k1024,2048,256,1024,70909952,True,True,False,True
region_m2048_n256_k1536,2048,256,1536,85852160,True,True,False,True
region_m2048_n256_k2048,2048,256,2048,103940096,True,True,True,False
region_m2048_n256_k3072,2048,256,3072,133824512,True,True,False,True
region_m2048_n256_k4096,2048,256,4096,165806080,True,True,False,True
region_m2048_n256_k6144,2048,256,6144,229769216,True,True,False,True
region_m2048_n256_k8192,2048,256,8192,293732352,True,True,False,True
region_m2048_n256_k12288,2048,256,12288,421658624,True,True,False,True
region_m2048_n256_k16384,2048,256,16384,549584896,True,True,False,True
region_m2048_n256_k24576,2048,256,24576,805437440,True,True,False,True
region_m2048_n256_k32768,2048,256,32768,1061289984,True,True,False,True
region_m2048_n256_k49152,2048,256,49152,1572995072,True,True,False,True
region_m2048_n256_k65536,2048,256,65536,2084700160,True,True,False,True
region_m2048_n256_k98304,2048,256,98304,3108110336,True,True,False,True
region_m2048_n256_k131072,2048,256,131072,4131520512,True,True,False,True
region_m2048_n384_k256,2048,384,256,62717952,True,True,False,True
region_m2048_n384_k384,2048,384,384,63340544,True,True,False,True
region_m2048_n384_k512,2048,384,512,63963136,True,True,False,True
region_m2048_n384_k768,2048,384,768,69926912,True,True,False,True
region_m2048_n384_k1024,2048,384,1024,71172096,True,True,False,True
region_m2048_n384_k1536,2048,384,1536,86245376,True,True,False,True
region_m2048_n384_k2048,2048,384,2048,104464384,True,True,False,True
region_m2048_n384_k3072,2048,384,3072,134610944,True,True,False,True
region_m2048_n384_k4096,2048,384,4096,166854656,True,True,False,True
region_m2048_n384_k6144,2048,384,6144,231342080,True,True,False,True
region_m2048_n384_k8192,2048,384,8192,295829504,True,True,False,True
region_m2048_n384_k12288,2048,384,12288,424804352,True,True,False,True
region_m2048_n384_k16384,2048,384,16384,553779200,True,True,False,True
region_m2048_n384_k24576,2048,384,24576,811728896,True,True,False,True
region_m2048_n384_k32768,2048,384,32768,1069678592,True,True,False,True
region_m2048_n384_k49152,2048,384,49152,1585577984,True,True,False,True
region_m2048_n384_k65536,2048,384,65536,2101477376,True,True,False,True
region_m2048_n384_k98304,2048,384,98304,3133276160,True,True,False,True
region_m2048_n384_k131072,2048,384,131072,4165074944,True,True,False,True
region_m2048_n512_k256,2048,512,256,62783488,True,True,False,True
region_m2048_n512_k384,2048,512,384,63438848,True,True,False,True
region_m2048_n512_k512,2048,512,512,64094208,True,True,False,True
region_m2048_n512_k768,2048,512,768,70123520,True,True,False,True
region_m2048_n512_k1024,2048,512,1024,71434240,True,True,False,True
region_m2048_n512_k1536,2048,512,1536,86638592,True,True,False,True
region_m2048_n512_k2048,2048,512,2048,104988672,True,True,True,False
region_m2048_n512_k3072,2048,512,3072,135397376,True,True,False,True
region_m2048_n512_k4096,2048,512,4096,167903232,True,True,False,True
region_m2048_n512_k6144,2048,512,6144,232914944,True,True,False,True
region_m2048_n512_k8192,2048,512,8192,297926656,True,True,True,False
region_m2048_n512_k12288,2048,512,12288,427950080,True,True,False,True
region_m2048_n512_k16384,2048,512,16384,557973504,True,True,False,True
region_m2048_n512_k24576,2048,512,24576,818020352,True,True,False,True
region_m2048_n512_k32768,2048,512,32768,1078067200,True,True,False,True
region_m2048_n512_k49152,2048,512,49152,1598160896,True,True,False,True
region_m2048_n512_k65536,2048,512,65536,2118254592,True,True,False,True
region_m2048_n512_k98304,2048,512,98304,3158441984,True,True,False,True
region_m2048_n512_k131072,2048,512,131072,4198629376,True,True,False,True
region_m2048_n768_k256,2048,768,256,62914560,True,True,False,True
region_m2048_n768_k384,2048,768,384,63635456,True,True,False,True
region_m2048_n768_k512,2048,768,512,64356352,True,True,False,True
region_m2048_n768_k768,2048,768,768,70516736,True,True,False,True
region_m2048_n768_k1024,2048,768,1024,71958528,True,True,False,True
region_m2048_n768_k1536,2048,768,1536,87425024,True,True,False,True
region_m2048_n768_k2048,2048,768,2048,106037248,True,True,False,True
region_m2048_n768_k3072,2048,768,3072,136970240,True,True,False,True
region_m2048_n768_k4096,2048,768,4096,170000384,True,True,False,True
region_m2048_n768_k6144,2048,768,6144,236060672,True,True,False,True
region_m2048_n768_k8192,2048,768,8192,302120960,True,True,False,True
region_m2048_n768_k12288,2048,768,12288,434241536,True,True,False,True
region_m2048_n768_k16384,2048,768,16384,566362112,True,True,False,True
region_m2048_n768_k24576,2048,768,24576,830603264,True,True,False,True
region_m2048_n768_k32768,2048,768,32768,1094844416,True,True,False,True
region_m2048_n768_k49152,2048,768,49152,1623326720,True,True,False,True
region_m2048_n768_k65536,2048,768,65536,2151809024,True,True,False,True
region_m2048_n768_k98304,2048,768,98304,3208773632,True,True,False,True
region_m2048_n768_k131072,2048,768,131072,4265738240,True,True,False,True
region_m2048_n1024_k256,2048,1024,256,63045632,True,True,False,True
region_m2048_n1024_k384,2048,1024,384,63832064,True,True,False,True
region_m2048_n1024_k512,2048,1024,512,64618496,True,True,False,True
region_m2048_n1024_k768,2048,1024,768,70909952,True,True,False,True
region_m2048_n1024_k1024,2048,1024,1024,77201408,True,True,False,True
region_m2048_n1024_k1536,2048,1024,1536,88211456,True,True,False,True
region_m2048_n1024_k2048,2048,1024,2048,107085824,True,True,False,True
region_m2048_n1024_k3072,2048,1024,3072,138543104,True,True,True,False
region_m2048_n1024_k4096,2048,1024,4096,173932544,True,True,False,True
region_m2048_n1024_k6144,2048,1024,6144,239206400,True,True,False,True
region_m2048_n1024_k8192,2048,1024,8192,306315264,True,True,False,True
region_m2048_n1024_k12288,2048,1024,12288,440532992,True,True,False,True
region_m2048_n1024_k16384,2048,1024,16384,574750720,True,True,False,True
region_m2048_n1024_k24576,2048,1024,24576,843186176,True,True,False,True
region_m2048_n1024_k32768,2048,1024,32768,1111621632,True,True,False,True
region_m2048_n1024_k49152,2048,1024,49152,1648492544,True,True,False,True
region_m2048_n1024_k65536,2048,1024,65536,2185363456,True,True,False,True
region_m2048_n1024_k98304,2048,1024,98304,3259105280,True,True,False,True
region_m2048_n1024_k131072,2048,1024,131072,4332847104,True,True,False,True
region_m2048_n1536_k256,2048,1536,256,69599232,True,True,False,True
region_m2048_n1536_k384,2048,1536,384,70516736,True,True,False,True
region_m2048_n1536_k512,2048,1536,512,71434240,True,True,False,True
region_m2048_n1536_k768,2048,1536,768,77987840,True,True,False,True
region_m2048_n1536_k1024,2048,1536,1024,79822848,True,True,False,True
region_m2048_n1536_k1536,2048,1536,1536,96600064,True,True,False,True
region_m2048_n1536_k2048,2048,1536,2048,121765888,True,True,False,True
region_m2048_n1536_k3072,2048,1536,3072,141688832,True,True,False,True
region_m2048_n1536_k4096,2048,1536,4096,180486144,True,True,False,True
region_m2048_n1536_k6144,2048,1536,6144,245497856,True,True,False,True
region_m2048_n1536_k8192,2048,1536,8192,323092480,True,True,False,True
region_m2048_n1536_k12288,2048,1536,12288,453115904,True,True,False,True
region_m2048_n1536_k16384,2048,1536,16384,595722240,True,True,False,True
region_m2048_n1536_k24576,2048,1536,24576,868352000,True,True,False,True
region_m2048_n1536_k32768,2048,1536,32768,1153564672,True,True,False,True
region_m2048_n1536_k49152,2048,1536,49152,1698824192,True,True,False,True
region_m2048_n1536_k65536,2048,1536,65536,2256666624,True,True,False,True
region_m2048_n1536_k98304,2048,1536,98304,3359768576,True,True,False,True
region_m2048_n1536_k131072,2048,1536,131072,4475453440,True,True,False,True
region_m2048_n2048_k256,2048,2048,256,109182976,True,True,True,False
region_m2048_n2048_k384,2048,2048,384,110231552,True,True,False,True
region_m2048_n2048_k512,2048,2048,512,111280128,True,True,True,False
region_m2048_n2048_k768,2048,2048,768,119668736,True,True,False,True
region_m2048_n2048_k1024,2048,2048,1024,124911616,True,True,True,False
region_m2048_n2048_k1536,2048,2048,1536,142737408,True,True,False,True
region_m2048_n2048_k2048,2048,2048,2048,167903232,True,True,True,False
region_m2048_n2048_k3072,2048,2048,3072,207749120,True,True,False,True
region_m2048_n2048_k4096,2048,2048,4096,252313600,True,True,False,True
region_m2048_n2048_k6144,2048,2048,6144,339869696,True,True,False,True
region_m2048_n2048_k8192,2048,2048,8192,427950080,True,True,True,False
region_m2048_n2048_k12288,2048,2048,12288,604110848,True,True,False,True
region_m2048_n2048_k16384,2048,2048,16384,780271616,True,True,True,False
region_m2048_n2048_k24576,2048,2048,24576,1132593152,True,True,False,True
region_m2048_n2048_k32768,2048,2048,32768,1484914688,True,True,True,False
region_m2048_n2048_k49152,2048,2048,49152,2189557760,True,True,True,False
region_m2048_n2048_k65536,2048,2048,65536,2894200832,True,True,True,False
region_m2048_n2048_k98304,2048,2048,98304,4303486976,True,True,True,False
region_m2048_n2048_k131072,2048,2048,131072,5712773120,True,True,True,False
region_m2048_n3072_k256,2048,3072,256,115998720,True,True,False,True
region_m2048_n3072_k384,2048,3072,384,117309440,True,True,False,True
region_m2048_n3072_k512,2048,3072,512,118620160,True,True,False,True
region_m2048_n3072_k768,2048,3072,768,127533056,True,True,False,True
region_m2048_n3072_k1024,2048,3072,1024,131727360,True,True,False,True
region_m2048_n3072_k1536,2048,3072,1536,152174592,True,True,False,True
region_m2048_n3072_k2048,2048,3072,2048,184680448,True,True,False,True
region_m2048_n3072_k3072,2048,3072,3072,220332032,True,True,False,True
region_m2048_n3072_k4096,2048,3072,4096,268566528,True,True,False,True
region_m2048_n3072_k6144,2048,3072,6144,365035520,True,True,False,True
region_m2048_n3072_k8192,2048,3072,8192,461504512,True,True,False,True
region_m2048_n3072_k12288,2048,3072,12288,654442496,True,True,False,True
region_m2048_n3072_k16384,2048,3072,16384,847380480,True,True,False,True
region_m2048_n3072_k24576,2048,3072,24576,1233256448,True,True,False,True
region_m2048_n3072_k32768,2048,3072,32768,1619132416,True,True,False,True
region_m2048_n3072_k49152,2048,3072,49152,2390884352,True,True,False,True
region_m2048_n3072_k65536,2048,3072,65536,3162636288,True,True,False,True
region_m2048_n3072_k98304,2048,3072,98304,4706140160,True,True,False,True
region_m2048_n3072_k131072,2048,3072,131072,6249644032,True,True,False,True
region_m2048_n4096_k256,2048,4096,256,162136064,True,True,False,True
region_m2048_n4096_k384,2048,4096,384,163708928,True,True,False,True
region_m2048_n4096_k512,2048,4096,512,165281792,True,True,False,True
region_m2048_n4096_k768,2048,4096,768,176291840,True,True,False,True
region_m2048_n4096_k1024,2048,4096,1024,184156160,True,True,False,True
region_m2048_n4096_k1536,2048,4096,1536,206176256,True,True,False,True
region_m2048_n4096_k2048,2048,4096,2048,245497856,True,True,False,True
region_m2048_n4096_k3072,2048,4096,3072,289538048,True,True,False,True
region_m2048_n4096_k4096,2048,4096,4096,354025472,True,True,False,True
region_m2048_n4096_k6144,2048,4096,6144,465698816,True,True,False,True
region_m2048_n4096_k8192,2048,4096,8192,583139328,True,True,False,True
region_m2048_n4096_k12288,2048,4096,12288,818020352,True,True,False,True
region_m2048_n4096_k16384,2048,4096,16384,1052901376,True,True,False,True
region_m2048_n4096_k24576,2048,4096,24576,1522663424,True,True,False,True
region_m2048_n4096_k32768,2048,4096,32768,1992425472,True,True,False,True
region_m2048_n4096_k49152,2048,4096,49152,2931949568,True,True,False,True
region_m2048_n4096_k65536,2048,4096,65536,3871473664,True,True,False,True
region_m2048_n4096_k98304,2048,4096,98304,5750521856,True,True,False,True
region_m2048_n4096_k131072,2048,4096,131072,7629570048,True,True,False,True
region_m2048_n6144_k256,2048,6144,256,215089152,True,True,False,True
region_m2048_n6144_k384,2048,6144,384,217186304,True,True,False,True
region_m2048_n6144_k512,2048,6144,512,219283456,True,True,False,True
region_m2048_n6144_k768,2048,6144,768,232914944,True,True,False,True
region_m2048_n6144_k1024,2048,6144,1024,238682112,True,True,True,False
region_m2048_n6144_k1536,2048,6144,1536,271712256,True,True,False,True
region_m2048_n6144_k2048,2048,6144,2048,323092480,True,True,False,True
region_m2048_n6144_k3072,2048,6144,3072,366608384,True,True,False,True
region_m2048_n6144_k4096,2048,6144,4096,449445888,True,True,False,True
region_m2048_n6144_k6144,2048,6144,6144,582090752,True,True,False,True
region_m2048_n6144_k8192,2048,6144,8192,738328576,True,True,False,True
region_m2048_n6144_k12288,2048,6144,12288,1013055488,True,True,False,True
region_m2048_n6144_k16384,2048,6144,16384,1309016064,True,True,False,True
region_m2048_n6144_k24576,2048,6144,24576,1874984960,True,True,False,True
region_m2048_n6144_k32768,2048,6144,32768,2453929984,True,True,False,True
region_m2048_n6144_k49152,2048,6144,49152,3598843904,True,True,False,True
region_m2048_n6144_k65536,2048,6144,65536,4756733952,True,True,False,True
region_m2048_n6144_k98304,2048,6144,98304,7046561792,True,True,False,True
region_m2048_n6144_k131072,2048,6144,131072,9349365760,False,True,False,False
region_m2048_n8192_k256,2048,8192,256,307363840,True,True,False,True
region_m2048_n8192_k384,2048,8192,384,309985280,True,True,False,True
region_m2048_n8192_k512,2048,8192,512,312606720,True,True,True,False
region_m2048_n8192_k768,2048,8192,768,330432512,True,True,False,True
region_m2048_n8192_k1024,2048,8192,1024,338821120,True,True,False,True
region_m2048_n8192_k1536,2048,8192,1536,379715584,True,True,False,True
region_m2048_n8192_k2048,2048,8192,2048,444727296,True,True,True,False
region_m2048_n8192_k3072,2048,8192,3072,509739008,True,True,False,True
region_m2048_n8192_k4096,2048,8192,4096,610926592,True,True,False,True
region_m2048_n8192_k6144,2048,8192,6144,792854528,True,True,False,True
region_m2048_n8192_k8192,2048,8192,8192,985792512,True,True,False,True
region_m2048_n8192_k12288,2048,8192,12288,1359085568,True,True,False,True
region_m2048_n8192_k16384,2048,8192,16384,1736572928,True,True,False,True
region_m2048_n8192_k24576,2048,8192,24576,2491547648,True,True,False,True
region_m2048_n8192_k32768,2048,8192,32768,3246522368,True,True,False,True
region_m2048_n8192_k49152,2048,8192,49152,4756471808,True,True,False,True
region_m2048_n8192_k65536,2048,8192,65536,6266421248,True,True,False,True
region_m2048_n8192_k98304,2048,8192,98304,9286320128,False,True,False,False
region_m2048_n8192_k131072,2048,8192,131072,12306219008,False,True,False,False
region_m2048_n12288_k256,2048,12288,256,413270016,True,True,False,True
region_m2048_n12288_k384,2048,12288,384,416940032,True,True,False,True
region_m2048_n12288_k512,2048,12288,512,420610048,True,True,False,True
region_m2048_n12288_k768,2048,12288,768,443678720,True,True,False,True
region_m2048_n12288_k1024,2048,12288,1024,452591616,True,True,False,True
region_m2048_n12288_k1536,2048,12288,1536,510787584,True,True,False,True
region_m2048_n12288_k2048,2048,12288,2048,599916544,True,True,False,True
region_m2048_n12288_k3072,2048,12288,3072,668598272,True,True,False,True
region_m2048_n12288_k4096,2048,12288,4096,814350336,True,True,False,True
region_m2048_n12288_k6144,2048,12288,6144,1035075584,True,True,False,True
region_m2048_n12288_k8192,2048,12288,8192,1317142528,True,True,False,True
region_m2048_n12288_k12288,2048,12288,12288,1768030208,True,True,False,True
region_m2048_n12288_k16384,2048,12288,16384,2271608832,True,True,False,True
region_m2048_n12288_k24576,2048,12288,24576,3233939456,True,True,False,True
region_m2048_n12288_k32768,2048,12288,32768,4223795200,True,True,False,True
region_m2048_n12288_k49152,2048,12288,49152,6165757952,True,True,False,True
region_m2048_n12288_k65536,2048,12288,65536,8135245824,True,True,False,True
region_m2048_n12288_k98304,2048,12288,98304,12029394944,False,True,False,False
region_m2048_n12288_k131072,2048,12288,131072,15945957376,False,True,False,False
region_m2048_n16384_k256,2048,16384,256,558497792,True,True,False,True
region_m2048_n16384_k384,2048,16384,384,563216384,True,True,False,True
region_m2048_n16384_k512,2048,16384,512,567934976,True,True,False,True
region_m2048_n16384_k768,2048,16384,768,597819392,True,True,False,True
region_m2048_n16384_k1024,2048,16384,1024,611975168,True,True,False,True
region_m2048_n16384_k1536,2048,16384,1536,684326912,True,True,False,True
region_m2048_n16384_k2048,2048,16384,2048,799145984,True,True,True,False
region_m2048_n16384_k3072,2048,16384,3072,893517824,True,True,False,True
region_m2048_n16384_k4096,2048,16384,4096,1083834368,True,True,False,True
region_m2048_n16384_k6144,2048,16384,6144,1371668480,True,True,False,True
region_m2048_n16384_k8192,2048,16384,8192,1723990016,True,True,False,True
region_m2048_n16384_k12288,2048,16384,12288,2327969792,True,True,False,True
region_m2048_n16384_k16384,2048,16384,16384,2976776192,True,True,False,True
region_m2048_n16384_k24576,2048,16384,24576,4240572416,True,True,False,True
region_m2048_n16384_k32768,2048,16384,32768,5515640832,True,True,False,True
region_m2048_n16384_k49152,2048,16384,49152,8065777664,True,True,False,True
region_m2048_n16384_k65536,2048,16384,65536,10615914496,False,True,False,False
region_m2048_n16384_k98304,2048,16384,98304,15716188160,False,True,False,False
region_m2048_n16384_k131072,2048,16384,131072,20816461824,False,True,False,False
region_m2048_n24576_k256,2048,24576,256,809631744,True,True,False,True
region_m2048_n24576_k384,2048,24576,384,816447488,True,True,False,True
region_m2048_n24576_k512,2048,24576,512,823263232,True,True,False,True
region_m2048_n24576_k768,2048,24576,768,865206272,True,True,False,True
region_m2048_n24576_k1024,2048,24576,1024,880410624,True,True,False,True
region_m2048_n24576_k1536,2048,24576,1536,988938240,True,True,False,True
region_m2048_n24576_k2048,2048,24576,2048,1153564672,True,True,False,True
region_m2048_n24576_k3072,2048,24576,3072,1272578048,True,True,False,True
region_m2048_n24576_k4096,2048,24576,4096,1544159232,True,True,False,True
region_m2048_n24576_k6144,2048,24576,6144,1941045248,True,True,False,True
region_m2048_n24576_k8192,2048,24576,8192,2474770432,True,True,False,True
region_m2048_n24576_k12288,2048,24576,12288,3277979648,True,True,False,True
region_m2048_n24576_k16384,2048,24576,16384,4199153664,True,True,False,True
region_m2048_n24576_k24576,2048,24576,24576,5951848448,True,True,False,True
region_m2048_n24576_k32768,2048,24576,32768,7772176384,True,True,False,True
region_m2048_n24576_k49152,2048,24576,49152,11299586048,False,True,False,False
region_m2048_n24576_k65536,2048,24576,65536,14892269568,False,True,False,False
region_m2048_n24576_k98304,2048,24576,98304,21995061248,False,False,False,False
region_m2048_n24576_k131072,2048,24576,131072,29139140608,False,False,False,False
region_m2048_n32768_k256,2048,32768,256,1100087296,True,True,False,True
region_m2048_n32768_k384,2048,32768,384,1109000192,True,True,False,True
region_m2048_n32768_k512,2048,32768,512,1117913088,True,True,False,True
region_m2048_n32768_k768,2048,32768,768,1173487616,True,True,False,True
region_m2048_n32768_k1024,2048,32768,1024,1194459136,True,True,False,True
region_m2048_n32768_k1536,2048,32768,1536,1336016896,True,True,False,True
region_m2048_n32768_k2048,2048,32768,2048,1552023552,True,True,True,False
region_m2048_n32768_k3072,2048,32768,3072,1717698560,True,True,False,True
region_m2048_n32768_k4096,2048,32768,4096,2068971520,True,True,False,True
region_m2048_n32768_k6144,2048,32768,6144,2604793856,True,True,False,True
region_m2048_n32768_k8192,2048,32768,8192,3288465408,True,True,False,True
region_m2048_n32768_k12288,2048,32768,12288,4378984448,True,True,False,True
region_m2048_n32768_k16384,2048,32768,16384,5581176832,True,True,False,True
region_m2048_n32768_k24576,2048,32768,24576,7927365632,True,True,False,True
region_m2048_n32768_k32768,2048,32768,32768,10297147392,False,True,False,False
region_m2048_n32768_k49152,2048,32768,49152,15024128000,False,True,False,False
region_m2048_n32768_k65536,2048,32768,65536,19755302912,False,True,False,False
region_m2048_n32768_k98304,2048,32768,98304,29217652736,False,False,False,False
region_m2048_n32768_k131072,2048,32768,131072,38680002560,False,False,False,False
region_m2048_n49152_k256,2048,49152,256,1602355200,True,True,False,True
region_m2048_n49152_k384,2048,49152,384,1615462400,True,True,False,True
region_m2048_n49152_k512,2048,49152,512,1628569600,True,True,False,True
region_m2048_n49152_k768,2048,49152,768,1708261376,True,True,False,True
region_m2048_n49152_k1024,2048,49152,1024,1736048640,True,True,False,True
region_m2048_n49152_k1536,2048,49152,1536,1945239552,True,True,False,True
region_m2048_n49152_k2048,2048,49152,2048,2260860928,True,True,True,False
region_m2048_n49152_k3072,2048,49152,3072,2480537600,True,True,False,True
region_m2048_n49152_k4096,2048,49152,4096,3003777024,True,True,False,True
region_m2048_n49152_k6144,2048,49152,6144,3752984576,True,True,False,True
region_m2048_n49152_k8192,2048,49152,8192,4790026240,True,True,False,True
region_m2048_n49152_k12288,2048,49152,12288,6297878528,True,True,False,True
region_m2048_n49152_k16384,2048,49152,16384,8074690560,True,True,False,True
region_m2048_n49152_k24576,2048,49152,24576,11387666432,False,True,False,False
region_m2048_n49152_k32768,2048,49152,32768,14906687488,False,True,False,False
region_m2048_n49152_k49152,2048,49152,49152,21567242240,False,False,False,False
region_m2048_n49152_k65536,2048,49152,65536,28406317056,False,False,False,False
region_m2048_n49152_k98304,2048,49152,98304,41926393856,False,False,False,False
region_m2048_n49152_k131072,2048,49152,131072,55536910336,False,False,False,False
region_m2048_n65536_k256,2048,65536,256,2143944704,True,True,False,True
region_m2048_n65536_k384,2048,65536,384,2161246208,True,True,False,True
region_m2048_n65536_k512,2048,65536,512,2178547712,True,True,False,True
region_m2048_n65536_k768,2048,65536,768,2283929600,True,True,False,True
region_m2048_n65536_k1024,2048,65536,1024,2323251200,True,True,False,True
region_m2048_n65536_k1536,2048,65536,1536,2596929536,True,True,False,True
region_m2048_n65536_k2048,2048,65536,2048,3013738496,True,True,True,False
region_m2048_n65536_k3072,2048,65536,3072,3309436928,True,True,False,True
region_m2048_n65536_k4096,2048,65536,4096,4003069952,True,True,False,True
region_m2048_n65536_k6144,2048,65536,6144,4995547136,True,True,False,True
region_m2048_n65536_k8192,2048,65536,8192,6354501632,True,True,False,True
region_m2048_n65536_k12288,2048,65536,12288,8367767552,True,True,False,True
region_m2048_n65536_k16384,2048,65536,16384,10722344960,False,True,False,False
region_m2048_n65536_k24576,2048,65536,24576,15112208384,False,True,False,False
region_m2048_n65536_k32768,2048,65536,32768,19717554176,False,True,False,False
region_m2048_n65536_k49152,2048,65536,49152,28601090048,False,False,False,False
region_m2048_n65536_k65536,2048,65536,65536,37630115840,False,False,False,False
region_m2048_n65536_k98304,2048,65536,98304,55578853376,False,False,False,False
region_m2048_n65536_k131072,2048,65536,131072,73564028928,False,False,False,False
region_m2048_n98304_k256,2048,98304,256,3187802112,True,True,False,True
region_m2048_n98304_k384,2048,98304,384,3213492224,True,True,False,True
region_m2048_n98304_k512,2048,98304,512,3239182336,True,True,False,True
region_m2048_n98304_k768,2048,98304,768,3394371584,True,True,False,True
region_m2048_n98304_k1024,2048,98304,1024,3447324672,True,True,False,True
region_m2048_n98304_k1536,2048,98304,1536,3857842176,True,True,False,True
region_m2048_n98304_k2048,2048,98304,2048,4475453440,True,True,True,False
region_m2048_n98304_k3072,2048,98304,3072,4896456704,True,True,False,True
region_m2048_n98304_k4096,2048,98304,4096,5923012608,True,True,False,True
region_m2048_n98304_k6144,2048,98304,6144,7376863232,True,True,False,True
region_m2048_n98304_k8192,2048,98304,8192,9420537856,False,True,False,False
region_m2048_n98304_k12288,2048,98304,12288,12337676288,False,True,False,False
region_m2048_n98304_k16384,2048,98304,16384,15825764352,False,True,False,False
region_m2048_n98304_k24576,2048,98304,24576,22259302400,False,False,False,False
region_m2048_n98304_k32768,2048,98304,32768,29200875520,False,False,False,False
region_m2048_n98304_k49152,2048,98304,49152,42102554624,False,False,False,False
region_m2048_n98304_k65536,2048,98304,65536,55436771328,False,False,False,False
region_m2048_n98304_k98304,2048,98304,98304,81789059072,False,False,False,False
region_m2048_n98304_k131072,2048,98304,131072,108385140736,False,False,False,False
region_m2048_n131072_k256,2048,131072,256,4270981120,True,True,False,True
region_m2048_n131072_k384,2048,131072,384,4305059840,True,True,False,True
region_m2048_n131072_k512,2048,131072,512,4339138560,True,True,False,True
region_m2048_n131072_k768,2048,131072,768,4545708032,True,True,False,True
region_m2048_n131072_k1024,2048,131072,1024,4617011200,True,True,False,True
region_m2048_n131072_k1536,2048,131072,1536,5161222144,True,True,False,True
region_m2048_n131072_k2048,2048,131072,2048,5981208576,True,True,True,False
region_m2048_n131072_k3072,2048,131072,3072,6549536768,True,True,False,True
region_m2048_n131072_k4096,2048,131072,4096,7907442688,True,True,False,True
region_m2048_n131072_k6144,2048,131072,6144,9852551168,False,True,False,False
region_m2048_n131072_k8192,2048,131072,8192,12549488640,False,True,False,False
region_m2048_n131072_k12288,2048,131072,12288,16458579968,False,True,False,False
region_m2048_n131072_k16384,2048,131072,16384,21069168640,False,True,False,False
region_m2048_n131072_k24576,2048,131072,24576,29670637568,False,False,False,False
region_m2048_n131072_k32768,2048,131072,32768,38822608896,False,False,False,False
region_m2048_n131072_k49152,2048,131072,49152,56094752768,False,False,False,False
region_m2048_n131072_k65536,2048,131072,65536,73780559872,False,False,False,False
region_m2048_n131072_k98304,2048,131072,98304,108942983168,False,False,False,False
region_m2048_n131072_k131072,2048,131072,131072,144179331072,False,False,False,False
region_m3072_n256_k256,3072,256,256,100401152,True,True,False,True
region_m3072_n256_k384,3072,256,384,101253120,True,True,False,True
region_m3072_n256_k512,3072,256,512,102105088,True,True,False,True
region_m3072_n256_k768,3072,256,768,110100480,True,True,False,True
region_m3072_n256_k1024,3072,256,1024,111804416,True,True,False,True
region_m3072_n256_k1536,3072,256,1536,131989504,True,True,False,True
region_m3072_n256_k2048,3072,256,2048,156368896,True,True,False,True
region_m3072_n256_k3072,3072,256,3072,194641920,True,True,False,True
region_m3072_n256_k4096,3072,256,4096,237109248,True,True,False,True
region_m3072_n256_k6144,3072,256,6144,322043904,True,True,False,True
region_m3072_n256_k8192,3072,256,8192,406978560,True,True,False,True
region_m3072_n256_k12288,3072,256,12288,576847872,True,True,False,True
region_m3072_n256_k16384,3072,256,16384,746717184,True,True,False,True
region_m3072_n256_k24576,3072,256,24576,1086455808,True,True,False,True
region_m3072_n256_k32768,3072,256,32768,1426194432,True,True,False,True
region_m3072_n256_k49152,3072,256,49152,2105671680,True,True,False,True
region_m3072_n256_k65536,3072,256,65536,2785148928,True,True,False,True
region_m3072_n256_k98304,3072,256,98304,4144103424,True,True,False,True
region_m3072_n256_k131072,3072,256,131072,5503057920,True,True,False,True
region_m3072_n384_k256,3072,384,256,100466688,True,True,False,True
region_m3072_n384_k384,3072,384,384,101351424,True,True,False,True
region_m3072_n384_k512,3072,384,512,102236160,True,True,False,True
region_m3072_n384_k768,3072,384,768,110297088,True,True,False,True
region_m3072_n384_k1024,3072,384,1024,112066560,True,True,False,True
region_m3072_n384_k1536,3072,384,1536,132382720,True,True,False,True
region_m3072_n384_k2048,3072,384,2048,156893184,True,True,False,True
region_m3072_n384_k3072,3072,384,3072,195428352,True,True,False,True
region_m3072_n384_k4096,3072,384,4096,238157824,True,True,False,True
region_m3072_n384_k6144,3072,384,6144,323616768,True,True,False,True
region_m3072_n384_k8192,3072,384,8192,409075712,True,True,False,True
region_m3072_n384_k12288,3072,384,12288,579993600,True,True,False,True
region_m3072_n384_k16384,3072,384,16384,750911488,True,True,False,True
region_m3072_n384_k24576,3072,384,24576,1092747264,True,True,False,True
region_m3072_n384_k32768,3072,384,32768,1434583040,True,True,False,True
region_m3072_n384_k49152,3072,384,49152,2118254592,True,True,False,True
region_m3072_n384_k65536,3072,384,65536,2801926144,True,True,False,True
region_m3072_n384_k98304,3072,384,98304,4169269248,True,True,False,True
region_m3072_n384_k131072,3072,384,131072,5536612352,True,True,False,True
region_m3072_n512_k256,3072,512,256,100532224,True,True,False,True
region_m3072_n512_k384,3072,512,384,101449728,True,True,False,True
region_m3072_n512_k512,3072,512,512,102367232,True,True,False,True
region_m3072_n512_k768,3072,512,768,110493696,True,True,False,True
region_m3072_n512_k1024,3072,512,1024,112328704,True,True,False,True
region_m3072_n512_k1536,3072,512,1536,132775936,True,True,False,True
region_m3072_n512_k2048,3072,512,2048,157417472,True,True,False,True
region_m3072_n512_k3072,3072,512,3072,196214784,True,True,False,True
region_m3072_n512_k4096,3072,512,4096,239206400,True,True,False,True
region_m3072_n512_k6144,3072,512,6144,325189632,True,True,False,True
region_m3072_n512_k8192,3072,512,8192,411172864,True,True,False,True
region_m3072_n512_k12288,3072,512,12288,583139328,True,True,False,True
region_m3072_n512_k16384,3072,512,16384,755105792,True,True,False,True
region_m3072_n512_k24576,3072,512,24576,1099038720,True,True,False,True
region_m3072_n512_k32768,3072,512,32768,1442971648,True,True,False,True
region_m3072_n512_k49152,3072,512,49152,2130837504,True,True,False,True
region_m3072_n512_k65536,3072,512,65536,2818703360,True,True,False,True
region_m3072_n512_k98304,3072,512,98304,4194435072,True,True,False,True
region_m3072_n512_k131072,3072,512,131072,5570166784,True,True,False,True
region_m3072_n768_k256,3072,768,256,100663296,True,True,False,True
region_m3072_n768_k384,3072,768,384,101646336,True,True,False,True
region_m3072_n768_k512,3072,768,512,102629376,True,True,False,True
region_m3072_n768_k768,3072,768,768,110886912,True,True,False,True
region_m3072_n768_k1024,3072,768,1024,112852992,True,True,False,True
region_m3072_n768_k1536,3072,768,1536,133562368,True,True,False,True
region_m3072_n768_k2048,3072,768,2048,158466048,True,True,False,True
region_m3072_n768_k3072,3072,768,3072,197787648,True,True,False,True
region_m3072_n768_k4096,3072,768,4096,241303552,True,True,False,True
region_m3072_n768_k6144,3072,768,6144,328335360,True,True,False,True
region_m3072_n768_k8192,3072,768,8192,415367168,True,True,False,True
region_m3072_n768_k12288,3072,768,12288,589430784,True,True,True,False
region_m3072_n768_k16384,3072,768,16384,763494400,True,True,False,True
region_m3072_n768_k24576,3072,768,24576,1111621632,True,True,False,True
region_m3072_n768_k32768,3072,768,32768,1459748864,True,True,False,True
region_m3072_n768_k49152,3072,768,49152,2156003328,True,True,False,True
region_m3072_n768_k65536,3072,768,65536,2852257792,True,True,False,True
region_m3072_n768_k98304,3072,768,98304,4244766720,True,True,False,True
region_m3072_n768_k131072,3072,768,131072,5637275648,True,True,False,True
region_m3072_n1024_k256,3072,1024,256,100794368,True,True,False,True
region_m3072_n1024_k384,3072,1024,384,101842944,True,True,False,True
region_m3072_n1024_k512,3072,1024,512,102891520,True,True,False,True
region_m3072_n1024_k768,3072,1024,768,111280128,True,True,False,True
region_m3072_n1024_k1024,3072,1024,1024,116523008,True,True,False,True
region_m3072_n1024_k1536,3072,1024,1536,134348800,True,True,False,True
region_m3072_n1024_k2048,3072,1024,2048,159514624,True,True,False,True
region_m3072_n1024_k3072,3072,1024,3072,199360512,True,True,False,True
region_m3072_n1024_k4096,3072,1024,4096,243924992,True,True,False,True
region_m3072_n1024_k6144,3072,1024,6144,331481088,True,True,True,False
region_m3072_n1024_k8192,3072,1024,8192,419561472,True,True,False,True
region_m3072_n1024_k12288,3072,1024,12288,595722240,True,True,False,True
region_m3072_n1024_k16384,3072,1024,16384,771883008,True,True,False,True
region_m3072_n1024_k24576,3072,1024,24576,1124204544,True,True,False,True
region_m3072_n1024_k32768,3072,1024,32768,1476526080,True,True,False,True
region_m3072_n1024_k49152,3072,1024,49152,2181169152,True,True,False,True
region_m3072_n1024_k65536,3072,1024,65536,2885812224,True,True,False,True
region_m3072_n1024_k98304,3072,1024,98304,4295098368,True,True,False,True
region_m3072_n1024_k131072,3072,1024,131072,5704384512,True,True,False,True
region_m3072_n1536_k256,3072,1536,256,107347968,True,True,False,True
region_m3072_n1536_k384,3072,1536,384,108527616,True,True,False,True
region_m3072_n1536_k512,3072,1536,512,109707264,True,True,False,True
region_m3072_n1536_k768,3072,1536,768,118358016,True,True,False,True
region_m3072_n1536_k1024,3072,1536,1024,120717312,True,True,False,True
region_m3072_n1536_k1536,3072,1536,1536,142213120,True,True,False,True
region_m3072_n1536_k2048,3072,1536,2048,174194688,True,True,False,True
region_m3072_n1536_k3072,3072,1536,3072,202506240,True,True,False,True
region_m3072_n1536_k4096,3072,1536,4096,252837888,True,True,False,True
region_m3072_n1536_k6144,3072,1536,6144,337772544,True,True,False,True
region_m3072_n1536_k8192,3072,1536,8192,438435840,True,True,False,True
region_m3072_n1536_k12288,3072,1536,12288,608305152,True,True,False,True
region_m3072_n1536_k16384,3072,1536,16384,793903104,True,True,False,True
region_m3072_n1536_k24576,3072,1536,24576,1149370368,True,True,False,True
region_m3072_n1536_k32768,3072,1536,32768,1520566272,True,True,False,True
region_m3072_n1536_k49152,3072,1536,49152,2231500800,True,True,False,True
region_m3072_n1536_k65536,3072,1536,65536,2958163968,True,True,False,True
region_m3072_n1536_k98304,3072,1536,98304,4395761664,True,True,False,True
region_m3072_n1536_k131072,3072,1536,131072,5849088000,True,True,False,True
region_m3072_n2048_k256,3072,2048,256,115998720,True,True,False,True
region_m3072_n2048_k384,3072,2048,384,117309440,True,True,False,True
region_m3072_n2048_k512,3072,2048,512,118620160,True,True,False,True
region_m3072_n2048_k768,3072,2048,768,127533056,True,True,False,True
region_m3072_n2048_k1024,3072,2048,1024,131727360,True,True,False,True
region_m3072_n2048_k1536,3072,2048,1536,152174592,True,True,False,True
region_m3072_n2048_k2048,3072,2048,2048,184680448,True,True,False,True
region_m3072_n2048_k3072,3072,2048,3072,220332032,True,True,False,True
region_m3072_n2048_k4096,3072,2048,4096,268566528,True,True,False,True
region_m3072_n2048_k6144,3072,2048,6144,365035520,True,True,False,True
region_m3072_n2048_k8192,3072,2048,8192,461504512,True,True,False,True
region_m3072_n2048_k12288,3072,2048,12288,654442496,True,True,False,True
region_m3072_n2048_k16384,3072,2048,16384,847380480,True,True,False,True
region_m3072_n2048_k24576,3072,2048,24576,1233256448,True,True,False,True
region_m3072_n2048_k32768,3072,2048,32768,1619132416,True,True,False,True
region_m3072_n2048_k49152,3072,2048,49152,2390884352,True,True,False,True
region_m3072_n2048_k65536,3072,2048,65536,3162636288,True,True,False,True
region_m3072_n2048_k98304,3072,2048,98304,4706140160,True,True,False,True
region_m3072_n2048_k131072,3072,2048,131072,6249644032,True,True,False,True
region_m3072_n3072_k256,3072,3072,256,183631872,True,True,False,True
region_m3072_n3072_k384,3072,3072,384,185204736,True,True,False,True
region_m3072_n3072_k512,3072,3072,512,186777600,True,True,False,True
region_m3072_n3072_k768,3072,3072,768,198311936,True,True,False,True
region_m3072_n3072_k1024,3072,3072,1024,201457664,True,True,False,True
region_m3072_n3072_k1536,3072,3072,1536,228720640,True,True,True,False
region_m3072_n3072_k2048,3072,3072,2048,268566528,True,True,False,True
region_m3072_n3072_k3072,3072,3072,3072,316801024,True,True,True,False
region_m3072_n3072_k4096,3072,3072,4096,377618432,True,True,False,True
region_m3072_n3072_k6144,3072,3072,6144,499253248,True,True,False,True
region_m3072_n3072_k8192,3072,3072,8192,620888064,True,True,False,True
region_m3072_n3072_k12288,3072,3072,12288,864157696,True,True,False,True
region_m3072_n3072_k16384,3072,3072,16384,1107427328,True,True,False,True
region_m3072_n3072_k24576,3072,3072,24576,1593966592,True,True,False,True
region_m3072_n3072_k32768,3072,3072,32768,2080505856,True,True,False,True
region_m3072_n3072_k49152,3072,3072,49152,3053584384,True,True,False,True
region_m3072_n3072_k65536,3072,3072,65536,4026662912,True,True,False,True
region_m3072_n3072_k98304,3072,3072,98304,5972819968,True,True,False,True
region_m3072_n3072_k131072,3072,3072,131072,7918977024,True,True,False,True
region_m3072_n4096_k256,3072,4096,256,190447616,True,True,False,True
region_m3072_n4096_k384,3072,4096,384,192282624,True,True,False,True
region_m3072_n4096_k512,3072,4096,512,194117632,True,True,False,True
region_m3072_n4096_k768,3072,4096,768,206176256,True,True,False,True
region_m3072_n4096_k1024,3072,4096,1024,212992000,True,True,False,True
region_m3072_n4096_k1536,3072,4096,1536,240254976,True,True,False,True
region_m3072_n4096_k2048,3072,4096,2048,285343744,True,True,False,True
region_m3072_n4096_k3072,3072,4096,3072,326238208,True,True,False,True
region_m3072_n4096_k4096,3072,4096,4096,401735680,True,True,False,True
region_m3072_n4096_k6144,3072,4096,6144,518127616,True,True,False,True
region_m3072_n4096_k8192,3072,4096,8192,652345344,True,True,False,True
region_m3072_n4096_k12288,3072,4096,12288,901906432,True,True,False,True
region_m3072_n4096_k16384,3072,4096,16384,1165623296,True,True,False,True
region_m3072_n4096_k24576,3072,4096,24576,1669464064,True,True,False,True
region_m3072_n4096_k32768,3072,4096,32768,2185101312,True,True,False,True
region_m3072_n4096_k49152,3072,4096,49152,3204579328,True,True,False,True
region_m3072_n4096_k65536,3072,4096,65536,4235853824,True,True,False,True
region_m3072_n4096_k98304,3072,4096,98304,6274809856,True,True,False,True
region_m3072_n4096_k131072,3072,4096,131072,8325562368,True,True,False,True
region_m3072_n6144_k256,3072,6144,256,273285120,True,True,False,True
region_m3072_n6144_k384,3072,6144,384,275644416,True,True,False,True
region_m3072_n6144_k512,3072,6144,512,278003712,True,True,False,True
region_m3072_n6144_k768,3072,6144,768,293208064,True,True,False,True
region_m3072_n6144_k1024,3072,6144,1024,297926656,True,True,True,False
region_m3072_n6144_k1536,3072,6144,1536,336723968,True,True,False,True
region_m3072_n6144_k2048,3072,6144,2048,394395648,True,True,False,True
region_m3072_n6144_k3072,3072,6144,3072,383909888,True,True,False,True
region_m3072_n6144_k4096,3072,6144,4096,530710528,True,True,False,True
region_m3072_n6144_k6144,3072,6144,6144,566362112,True,True,False,True
region_m3072_n6144_k8192,3072,6144,8192,859963392,True,True,False,True
region_m3072_n6144_k12288,3072,6144,12288,931266560,True,True,False,True
region_m3072_n6144_k16384,3072,6144,16384,1485963264,True,True,False,True
region_m3072_n6144_k24576,3072,6144,24576,1661075456,True,True,False,True
region_m3072_n6144_k32768,3072,6144,32768,2770468864,True,True,False,True
region_m3072_n6144_k49152,3072,6144,49152,3120693248,True,True,False,True
region_m3072_n6144_k65536,3072,6144,65536,5311168512,True,True,False,True
region_m3072_n6144_k98304,3072,6144,98304,6039928832,True,True,False,True
region_m3072_n6144_k131072,3072,6144,131072,10420879360,False,True,False,False
region_m3072_n8192_k256,3072,8192,256,356122624,True,True,False,True
region_m3072_n8192_k384,3072,8192,384,359006208,True,True,False,True
region_m3072_n8192_k512,3072,8192,512,361889792,True,True,False,True
region_m3072_n8192_k768,3072,8192,768,380239872,True,True,False,True
region_m3072_n8192_k1024,3072,8192,1024,387579904,True,True,False,True
region_m3072_n8192_k1536,3072,8192,1536,433192960,True,True,False,True
region_m3072_n8192_k2048,3072,8192,2048,503447552,True,True,False,True
region_m3072_n8192_k3072,3072,8192,3072,564264960,True,True,False,True
region_m3072_n8192_k4096,3072,8192,4096,673841152,True,True,False,True
region_m3072_n8192_k6144,3072,8192,6144,859963392,True,True,False,True
region_m3072_n8192_k8192,3072,8192,8192,1069678592,True,True,False,True
region_m3072_n8192_k12288,3072,8192,12288,1451360256,True,True,False,True
region_m3072_n8192_k16384,3072,8192,16384,1845624832,True,True,False,True
region_m3072_n8192_k24576,3072,8192,24576,2634153984,True,True,False,True
region_m3072_n8192_k32768,3072,8192,32768,3422683136,True,True,False,True
region_m3072_n8192_k49152,3072,8192,49152,4999741440,True,True,False,True
region_m3072_n8192_k65536,3072,8192,65536,6576799744,True,True,False,True
region_m3072_n8192_k98304,3072,8192,98304,9730916352,False,True,False,False
region_m3072_n8192_k131072,3072,8192,131072,12885032960,False,True,False,False
region_m3072_n12288_k256,3072,12288,256,521797632,True,True,False,True
region_m3072_n12288_k384,3072,12288,384,525729792,True,True,False,True
region_m3072_n12288_k512,3072,12288,512,529661952,True,True,False,True
region_m3072_n12288_k768,3072,12288,768,554303488,True,True,True,False
region_m3072_n12288_k1024,3072,12288,1024,562167808,True,True,False,True
region_m3072_n12288_k1536,3072,12288,1536,626130944,True,True,False,True
region_m3072_n12288_k2048,3072,12288,2048,721551360,True,True,False,True
region_m3072_n12288_k3072,3072,12288,3072,698482688,True,True,False,True
region_m3072_n12288_k4096,3072,12288,4096,945946624,True,True,False,True
region_m3072_n12288_k6144,3072,12288,6144,994181120,True,True,False,True
region_m3072_n12288_k8192,3072,12288,8192,1489108992,True,True,False,True
region_m3072_n12288_k12288,3072,12288,12288,1585577984,True,True,False,True
region_m3072_n12288_k16384,3072,12288,16384,2498887680,True,True,False,True
region_m3072_n12288_k24576,3072,12288,24576,2768371712,True,True,False,True
region_m3072_n12288_k32768,3072,12288,32768,4594991104,True,True,False,True
region_m3072_n12288_k49152,3072,12288,49152,5133959168,True,True,False,True
region_m3072_n12288_k65536,3072,12288,65536,8740012032,False,True,False,False
region_m3072_n12288_k98304,3072,12288,98304,9865134080,False,True,False,False
region_m3072_n12288_k131072,3072,12288,131072,17077239808,False,False,False,False
region_m3072_n16384_k256,3072,16384,256,687472640,True,True,False,True
region_m3072_n16384_k384,3072,16384,384,692453376,True,True,False,True
region_m3072_n16384_k512,3072,16384,512,697434112,True,True,False,True
region_m3072_n16384_k768,3072,16384,768,728367104,True,True,False,True
region_m3072_n16384_k1024,3072,16384,1024,741474304,True,True,False,True
region_m3072_n16384_k1536,3072,16384,1536,819068928,True,True,False,True
region_m3072_n16384_k2048,3072,16384,2048,939655168,True,True,False,True
region_m3072_n16384_k3072,3072,16384,3072,1030881280,True,True,False,True
region_m3072_n16384_k4096,3072,16384,4096,1232207872,True,True,False,True
region_m3072_n16384_k6144,3072,16384,6144,1524760576,True,True,False,True
region_m3072_n16384_k8192,3072,16384,8192,1908539392,True,True,False,True
region_m3072_n16384_k12288,3072,16384,12288,2512519168,True,True,False,True
region_m3072_n16384_k16384,3072,16384,16384,3195142144,True,True,False,True
region_m3072_n16384_k24576,3072,16384,24576,4488036352,True,True,False,True
region_m3072_n16384_k32768,3072,16384,32768,5815271424,True,True,False,True
region_m3072_n16384_k49152,3072,16384,49152,8439070720,True,True,False,True
region_m3072_n16384_k65536,3072,16384,65536,11093540864,False,True,False,False
region_m3072_n16384_k98304,3072,16384,98304,16341139456,False,False,False,False
region_m3072_n16384_k131072,3072,16384,131072,21619408896,False,False,False,False
region_m3072_n24576_k256,3072,24576,256,1018822656,True,True,False,True
region_m3072_n24576_k384,3072,24576,384,1025900544,True,True,False,True
region_m3072_n24576_k512,3072,24576,512,1032978432,True,True,False,True
region_m3072_n24576_k768,3072,24576,768,1076494336,True,True,False,True
region_m3072_n24576_k1024,3072,24576,1024,1090650112,True,True,False,True
region_m3072_n24576_k1536,3072,24576,1536,1204944896,True,True,False,True
region_m3072_n24576_k2048,3072,24576,2048,1375862784,True,True,False,True
region_m3072_n24576_k3072,3072,24576,3072,1327628288,True,True,False,True
region_m3072_n24576_k4096,3072,24576,4096,1776418816,True,True,False,True
region_m3072_n24576_k6144,3072,24576,6144,1849819136,True,True,False,True
region_m3072_n24576_k8192,3072,24576,8192,2747400192,True,True,False,True
region_m3072_n24576_k12288,3072,24576,12288,2894200832,True,True,False,True
region_m3072_n24576_k16384,3072,24576,16384,4524736512,True,True,False,True
region_m3072_n24576_k24576,3072,24576,24576,4982964224,True,True,False,True
region_m3072_n24576_k32768,3072,24576,32768,8244035584,True,True,False,True
region_m3072_n24576_k49152,3072,24576,49152,9160491008,False,True,False,False
region_m3072_n24576_k65536,3072,24576,65536,15597699072,False,False,False,False
region_m3072_n24576_k98304,3072,24576,98304,17515544576,False,False,False,False
region_m3072_n24576_k131072,3072,24576,131072,30389960704,False,False,False,False
region_m3072_n32768_k256,3072,32768,256,1350172672,True,True,False,True
region_m3072_n32768_k384,3072,32768,384,1359347712,True,True,False,True
region_m3072_n32768_k512,3072,32768,512,1368522752,True,True,False,True
region_m3072_n32768_k768,3072,32768,768,1424621568,True,True,False,True
region_m3072_n32768_k1024,3072,32768,1024,1444544512,True,True,False,True
region_m3072_n32768_k1536,3072,32768,1536,1590820864,True,True,False,True
region_m3072_n32768_k2048,3072,32768,2048,1812070400,True,True,False,True
region_m3072_n32768_k3072,3072,32768,3072,1973551104,True,True,False,True
region_m3072_n32768_k4096,3072,32768,4096,2334785536,True,True,False,True
region_m3072_n32768_k6144,3072,32768,6144,2873229312,True,True,False,True
region_m3072_n32768_k8192,3072,32768,8192,3586260992,True,True,False,True
region_m3072_n32768_k12288,3072,32768,12288,4672585728,True,True,False,True
region_m3072_n32768_k16384,3072,32768,16384,5895749632,True,True,False,True
region_m3072_n32768_k24576,3072,32768,24576,8271298560,True,True,False,True
region_m3072_n32768_k32768,3072,32768,32768,10683023360,False,True,False,False
region_m3072_n32768_k49152,3072,32768,49152,15468724224,False,False,False,False
region_m3072_n32768_k65536,3072,32768,65536,20267008000,False,False,False,False
region_m3072_n32768_k98304,3072,32768,98304,29863575552,False,False,False,False
region_m3072_n32768_k131072,3072,32768,131072,39460143104,False,False,False,False
region_m3072_n49152_k256,3072,49152,256,2012872704,True,True,False,True
region_m3072_n49152_k384,3072,49152,384,2026242048,True,True,False,True
region_m3072_n49152_k512,3072,49152,512,2039611392,True,True,False,True
region_m3072_n49152_k768,3072,49152,768,2120876032,True,True,False,True
region_m3072_n49152_k1024,3072,49152,1024,2147614720,True,True,False,True
region_m3072_n49152_k1536,3072,49152,1536,2362572800,True,True,False,True
region_m3072_n49152_k2048,3072,49152,2048,2684485632,True,True,False,True
region_m3072_n49152_k3072,3072,49152,3072,2585919488,True,True,False,True
region_m3072_n49152_k4096,3072,49152,4096,3437363200,True,True,False,True
region_m3072_n49152_k6144,3072,49152,6144,3561095168,True,True,False,True
region_m3072_n49152_k8192,3072,49152,8192,5263982592,True,True,False,True
region_m3072_n49152_k12288,3072,49152,12288,5511446528,True,True,False,True
region_m3072_n49152_k16384,3072,49152,16384,8596357120,False,True,False,False
region_m3072_n49152_k24576,3072,49152,24576,9412149248,False,True,False,False
region_m3072_n49152_k32768,3072,49152,32768,15581970432,False,False,False,False
region_m3072_n49152_k49152,3072,49152,49152,17213554688,False,False,False,False
region_m3072_n49152_k65536,3072,49152,65536,29313073152,False,False,False,False
region_m3072_n49152_k98304,3072,49152,98304,32816365568,False,False,False,False
region_m3072_n49152_k131072,3072,49152,131072,57015402496,False,False,False,False
region_m3072_n65536_k256,3072,65536,256,2675572736,True,True,False,True
region_m3072_n65536_k384,3072,65536,384,2693136384,True,True,False,True
region_m3072_n65536_k512,3072,65536,512,2710700032,True,True,False,True
region_m3072_n65536_k768,3072,65536,768,2817130496,True,True,False,True
region_m3072_n65536_k1024,3072,65536,1024,2855403520,True,True,False,True
region_m3072_n65536_k1536,3072,65536,1536,3134324736,True,True,False,True
region_m3072_n65536_k2048,3072,65536,2048,3556900864,True,True,False,True
region_m3072_n65536_k3072,3072,65536,3072,3849453568,True,True,False,True
region_m3072_n65536_k4096,3072,65536,4096,4554096640,True,True,False,True
region_m3072_n65536_k6144,3072,65536,6144,5551292416,True,True,False,True
region_m3072_n65536_k8192,3072,65536,8192,6941704192,True,True,False,True
region_m3072_n65536_k12288,3072,65536,12288,8954970112,False,True,False,False
region_m3072_n65536_k16384,3072,65536,16384,11348869120,False,True,False,False
region_m3072_n65536_k24576,3072,65536,24576,15762325504,False,False,False,False
region_m3072_n65536_k32768,3072,65536,32768,20480917504,False,False,False,False
region_m3072_n65536_k49152,3072,65536,49152,29377036288,False,False,False,False
region_m3072_n65536_k65536,3072,65536,65536,38527959040,False,False,False,False
region_m3072_n65536_k98304,3072,65536,98304,56606457856,False,False,False,False
region_m3072_n65536_k131072,3072,65536,131072,74794795008,False,False,False,False
region_m3072_n98304_k256,3072,98304,256,4000972800,True,True,False,True
region_m3072_n98304_k384,3072,98304,384,4026925056,True,True,False,True
region_m3072_n98304_k512,3072,98304,512,4052877312,True,True,False,True
region_m3072_n98304_k768,3072,98304,768,4209639424,True,True,False,True
region_m3072_n98304_k1024,3072,98304,1024,4261543936,True,True,False,True
region_m3072_n98304_k1536,3072,98304,1536,4677828608,True,True,False,True
region_m3072_n98304_k2048,3072,98304,2048,5301731328,True,True,False,True
region_m3072_n98304_k3072,3072,98304,3072,5102501888,True,True,False,True
region_m3072_n98304_k4096,3072,98304,4096,6759251968,True,True,False,True
region_m3072_n98304_k6144,3072,98304,6144,6983647232,True,True,False,True
region_m3072_n98304_k8192,3072,98304,8192,10297147392,False,True,False,False
region_m3072_n98304_k12288,3072,98304,12288,10745937920,False,True,False,False
region_m3072_n98304_k16384,3072,98304,16384,16750084096,False,False,False,False
region_m3072_n98304_k24576,3072,98304,24576,18270519296,False,False,False,False
region_m3072_n98304_k32768,3072,98304,32768,30278811648,False,False,False,False
region_m3072_n98304_k49152,3072,98304,49152,33319682048,False,False,False,False
region_m3072_n98304_k65536,3072,98304,65536,56743821312,False,False,False,False
region_m3072_n98304_k98304,3072,98304,98304,63418007552,False,False,False,False
region_m3072_n98304_k131072,3072,98304,131072,110266286080,False,False,False,False
region_m3072_n131072_k256,3072,131072,256,5326372864,True,True,False,True
region_m3072_n131072_k384,3072,131072,384,5360713728,True,True,False,True
region_m3072_n131072_k512,3072,131072,512,5395054592,True,True,False,True
region_m3072_n131072_k768,3072,131072,768,5602148352,True,True,False,True
region_m3072_n131072_k1024,3072,131072,1024,5672402944,True,True,False,True
region_m3072_n131072_k1536,3072,131072,1536,6221332480,True,True,False,True
region_m3072_n131072_k2048,3072,131072,2048,7046561792,True,True,False,True
region_m3072_n131072_k3072,3072,131072,3072,7610695680,True,True,False,True
region_m3072_n131072_k4096,3072,131072,4096,8978563072,False,True,False,False
region_m3072_n131072_k6144,3072,131072,6144,10926292992,False,True,False,False
region_m3072_n131072_k8192,3072,131072,8192,13652590592,False,True,False,False
region_m3072_n131072_k12288,3072,131072,12288,17557487616,False,False,False,False
region_m3072_n131072_k16384,3072,131072,16384,22203203584,False,False,False,False
region_m3072_n131072_k24576,3072,131072,24576,30819876864,False,False,False,False
region_m3072_n131072_k32768,3072,131072,32768,40076705792,False,False,False,False
region_m3072_n131072_k49152,3072,131072,49152,57344655360,False,False,False,False
region_m3072_n131072_k65536,3072,131072,65536,75101765632,False,False,False,False
region_m3072_n131072_k98304,3072,131072,98304,110394212352,False,False,False,False
region_m3072_n131072_k131072,3072,131072,131072,145773166592,False,False,False,False
region_m4096_n256_k256,4096,256,256,107216896,True,True,False,True
region_m4096_n256_k384,4096,256,384,108331008,True,True,False,True
region_m4096_n256_k512,4096,256,512,109445120,True,True,False,True
region_m4096_n256_k768,4096,256,768,117964800,True,True,False,True
region_m4096_n256_k1024,4096,256,1024,121765888,True,True,False,True
region_m4096_n256_k1536,4096,256,1536,141426688,True,True,False,True
region_m4096_n256_k2048,4096,256,2048,173146112,True,True,False,True
region_m4096_n256_k3072,4096,256,3072,207224832,True,True,False,True
region_m4096_n256_k4096,4096,256,4096,253886464,True,True,False,True
region_m4096_n256_k6144,4096,256,6144,347209728,True,True,False,True
region_m4096_n256_k8192,4096,256,8192,440532992,True,True,False,True
region_m4096_n256_k12288,4096,256,12288,627179520,True,True,False,True
region_m4096_n256_k16384,4096,256,16384,813826048,True,True,False,True
region_m4096_n256_k24576,4096,256,24576,1187119104,True,True,False,True
region_m4096_n256_k32768,4096,256,32768,1560412160,True,True,False,True
region_m4096_n256_k49152,4096,256,49152,2306998272,True,True,False,True
region_m4096_n256_k65536,4096,256,65536,3053584384,True,True,False,True
region_m4096_n256_k98304,4096,256,98304,4546756608,True,True,False,True
region_m4096_n256_k131072,4096,256,131072,6039928832,True,True,False,True
region_m4096_n384_k256,4096,384,256,107282432,True,True,False,True
region_m4096_n384_k384,4096,384,384,108429312,True,True,False,True
region_m4096_n384_k512,4096,384,512,109576192,True,True,False,True
region_m4096_n384_k768,4096,384,768,118161408,True,True,False,True
region_m4096_n384_k1024,4096,384,1024,122028032,True,True,False,True
region_m4096_n384_k1536,4096,384,1536,141819904,True,True,False,True
region_m4096_n384_k2048,4096,384,2048,173670400,True,True,False,True
region_m4096_n384_k3072,4096,384,3072,208011264,True,True,False,True
region_m4096_n384_k4096,4096,384,4096,254935040,True,True,False,True
region_m4096_n384_k6144,4096,384,6144,348782592,True,True,False,True
region_m4096_n384_k8192,4096,384,8192,442630144,True,True,False,True
region_m4096_n384_k12288,4096,384,12288,630325248,True,True,False,True
region_m4096_n384_k16384,4096,384,16384,818020352,True,True,False,True
region_m4096_n384_k24576,4096,384,24576,1193410560,True,True,False,True
region_m4096_n384_k32768,4096,384,32768,1568800768,True,True,False,True
region_m4096_n384_k49152,4096,384,49152,2319581184,True,True,False,True
region_m4096_n384_k65536,4096,384,65536,3070361600,True,True,False,True
region_m4096_n384_k98304,4096,384,98304,4571922432,True,True,False,True
region_m4096_n384_k131072,4096,384,131072,6073483264,True,True,False,True
region_m4096_n512_k256,4096,512,256,107347968,True,True,False,True
region_m4096_n512_k384,4096,512,384,108527616,True,True,False,True
region_m4096_n512_k512,4096,512,512,109707264,True,True,False,True
region_m4096_n512_k768,4096,512,768,118358016,True,True,False,True
region_m4096_n512_k1024,4096,512,1024,122290176,True,True,False,True
region_m4096_n512_k1536,4096,512,1536,142213120,True,True,False,True
region_m4096_n512_k2048,4096,512,2048,174194688,True,True,False,True
region_m4096_n512_k3072,4096,512,3072,208797696,True,True,False,True
region_m4096_n512_k4096,4096,512,4096,255983616,True,True,False,True
region_m4096_n512_k6144,4096,512,6144,350355456,True,True,False,True
region_m4096_n512_k8192,4096,512,8192,444727296,True,True,False,True
region_m4096_n512_k12288,4096,512,12288,633470976,True,True,False,True
region_m4096_n512_k16384,4096,512,16384,822214656,True,True,True,False
region_m4096_n512_k24576,4096,512,24576,1199702016,True,True,False,True
region_m4096_n512_k32768,4096,512,32768,1577189376,True,True,False,True
region_m4096_n512_k49152,4096,512,49152,2332164096,True,True,False,True
region_m4096_n512_k65536,4096,512,65536,3087138816,True,True,False,True
region_m4096_n512_k98304,4096,512,98304,4597088256,True,True,False,True
region_m4096_n512_k131072,4096,512,131072,6107037696,True,True,False,True
region_m4096_n768_k256,4096,768,256,107479040,True,True,False,True
region_m4096_n768_k384,4096,768,384,108724224,True,True,False,True
region_m4096_n768_k512,4096,768,512,109969408,True,True,False,True
region_m4096_n768_k768,4096,768,768,118751232,True,True,False,True
region_m4096_n768_k1024,4096,768,1024,122814464,True,True,False,True
region_m4096_n768_k1536,4096,768,1536,142999552,True,True,False,True
region_m4096_n768_k2048,4096,768,2048,175243264,True,True,False,True
region_m4096_n768_k3072,4096,768,3072,210370560,True,True,False,True
region_m4096_n768_k4096,4096,768,4096,258080768,True,True,False,True
region_m4096_n768_k6144,4096,768,6144,353501184,True,True,False,True
region_m4096_n768_k8192,4096,768,8192,448921600,True,True,False,True
region_m4096_n768_k12288,4096,768,12288,639762432,True,True,False,True
region_m4096_n768_k16384,4096,768,16384,830603264,True,True,False,True
region_m4096_n768_k24576,4096,768,24576,1212284928,True,True,False,True
region_m4096_n768_k32768,4096,768,32768,1593966592,True,True,False,True
region_m4096_n768_k49152,4096,768,49152,2357329920,True,True,False,True
region_m4096_n768_k65536,4096,768,65536,3120693248,True,True,False,True
region_m4096_n768_k98304,4096,768,98304,4647419904,True,True,False,True
region_m4096_n768_k131072,4096,768,131072,6174146560,True,True,False,True
region_m4096_n1024_k256,4096,1024,256,107610112,True,True,False,True
region_m4096_n1024_k384,4096,1024,384,108920832,True,True,False,True
region_m4096_n1024_k512,4096,1024,512,110231552,True,True,False,True
region_m4096_n1024_k768,4096,1024,768,119144448,True,True,False,True
region_m4096_n1024_k1024,4096,1024,1024,128057344,True,True,False,True
region_m4096_n1024_k1536,4096,1024,1536,143785984,True,True,False,True
region_m4096_n1024_k2048,4096,1024,2048,176291840,True,True,False,True
region_m4096_n1024_k3072,4096,1024,3072,211943424,True,True,False,True
region_m4096_n1024_k4096,4096,1024,4096,272760832,True,True,False,True
region_m4096_n1024_k6144,4096,1024,6144,356646912,True,True,False,True
region_m4096_n1024_k8192,4096,1024,8192,459407360,True,True,False,True
region_m4096_n1024_k12288,4096,1024,12288,646053888,True,True,False,True
region_m4096_n1024_k16384,4096,1024,16384,851574784,True,True,False,True
region_m4096_n1024_k24576,4096,1024,24576,1224867840,True,True,False,True
region_m4096_n1024_k32768,4096,1024,32768,1617035264,True,True,False,True
region_m4096_n1024_k49152,4096,1024,49152,2382495744,True,True,False,True
region_m4096_n1024_k65536,4096,1024,65536,3166830592,True,True,False,True
region_m4096_n1024_k98304,4096,1024,98304,4697751552,True,True,False,True
region_m4096_n1024_k131072,4096,1024,131072,6247546880,True,True,False,True
region_m4096_n1536_k256,4096,1536,256,120455168,True,True,False,True
region_m4096_n1536_k384,4096,1536,384,121896960,True,True,False,True
region_m4096_n1536_k512,4096,1536,512,123338752,True,True,False,True
region_m4096_n1536_k768,4096,1536,768,126222336,True,True,False,True
region_m4096_n1536_k1024,4096,1536,1024,135397376,True,True,False,True
region_m4096_n1536_k1536,4096,1536,1536,157941760,True,True,False,True
region_m4096_n1536_k2048,4096,1536,2048,194117632,True,True,False,True
region_m4096_n1536_k3072,4096,1536,3072,215089152,True,True,False,True
region_m4096_n1536_k4096,4096,1536,4096,283246592,True,True,False,True
region_m4096_n1536_k6144,4096,1536,6144,362938368,True,True,False,True
region_m4096_n1536_k8192,4096,1536,8192,489816064,True,True,False,True
region_m4096_n1536_k12288,4096,1536,12288,658636800,True,True,False,True
region_m4096_n1536_k16384,4096,1536,16384,874643456,True,True,False,True
region_m4096_n1536_k24576,4096,1536,24576,1250033664,True,True,False,True
region_m4096_n1536_k32768,4096,1536,32768,1672609792,True,True,False,True
region_m4096_n1536_k49152,4096,1536,49152,2432827392,True,True,False,True
region_m4096_n1536_k65536,4096,1536,65536,3240230912,True,True,False,True
region_m4096_n1536_k98304,4096,1536,98304,4798414848,True,True,False,True
region_m4096_n1536_k131072,4096,1536,131072,6403784704,True,True,False,True
region_m4096_n2048_k256,4096,2048,256,162136064,True,True,False,True
region_m4096_n2048_k384,4096,2048,384,163708928,True,True,False,True
region_m4096_n2048_k512,4096,2048,512,165281792,True,True,False,True
region_m4096_n2048_k768,4096,2048,768,176291840,True,True,False,True
region_m4096_n2048_k1024,4096,2048,1024,184156160,True,True,False,True
region_m4096_n2048_k1536,4096,2048,1536,206176256,True,True,False,True
region_m4096_n2048_k2048,4096,2048,2048,245497856,True,True,False,True
region_m4096_n2048_k3072,4096,2048,3072,289538048,True,True,False,True
region_m4096_n2048_k4096,4096,2048,4096,354025472,True,True,False,True
region_m4096_n2048_k6144,4096,2048,6144,465698816,True,True,False,True
region_m4096_n2048_k8192,4096,2048,8192,583139328,True,True,False,True
region_m4096_n2048_k12288,4096,2048,12288,818020352,True,True,False,True
region_m4096_n2048_k16384,4096,2048,16384,1052901376,True,True,False,True
region_m4096_n2048_k24576,4096,2048,24576,1522663424,True,True,False,True
region_m4096_n2048_k32768,4096,2048,32768,1992425472,True,True,False,True
region_m4096_n2048_k49152,4096,2048,49152,2931949568,True,True,False,True
region_m4096_n2048_k65536,4096,2048,65536,3871473664,True,True,False,True
region_m4096_n2048_k98304,4096,2048,98304,5750521856,True,True,False,True
region_m4096_n2048_k131072,4096,2048,131072,7629570048,True,True,False,True
region_m4096_n3072_k256,4096,3072,256,190447616,True,True,False,True
region_m4096_n3072_k384,4096,3072,384,192282624,True,True,False,True
region_m4096_n3072_k512,4096,3072,512,194117632,True,True,False,True
region_m4096_n3072_k768,4096,3072,768,206176256,True,True,False,True
region_m4096_n3072_k1024,4096,3072,1024,212992000,True,True,False,True
region_m4096_n3072_k1536,4096,3072,1536,240254976,True,True,False,True
region_m4096_n3072_k2048,4096,3072,2048,285343744,True,True,False,True
region_m4096_n3072_k3072,4096,3072,3072,326238208,True,True,False,True
region_m4096_n3072_k4096,4096,3072,4096,401735680,True,True,False,True
region_m4096_n3072_k6144,4096,3072,6144,518127616,True,True,False,True
region_m4096_n3072_k8192,4096,3072,8192,652345344,True,True,False,True
region_m4096_n3072_k12288,4096,3072,12288,901906432,True,True,False,True
region_m4096_n3072_k16384,4096,3072,16384,1165623296,True,True,False,True
region_m4096_n3072_k24576,4096,3072,24576,1669464064,True,True,False,True
region_m4096_n3072_k32768,4096,3072,32768,2185101312,True,True,False,True
region_m4096_n3072_k49152,4096,3072,49152,3204579328,True,True,False,True
region_m4096_n3072_k65536,4096,3072,65536,4235853824,True,True,False,True
region_m4096_n3072_k98304,4096,3072,98304,6274809856,True,True,False,True
region_m4096_n3072_k131072,4096,3072,131072,8325562368,True,True,False,True
region_m4096_n4096_k256,4096,4096,256,238682112,True,True,False,True
region_m4096_n4096_k384,4096,4096,384,240779264,True,True,False,True
region_m4096_n4096_k512,4096,4096,512,242876416,True,True,False,True
region_m4096_n4096_k768,4096,4096,768,251789312,True,True,False,True
region_m4096_n4096_k1024,4096,4096,1024,268566528,True,True,False,True
region_m4096_n4096_k1536,4096,4096,1536,290586624,True,True,False,True
region_m4096_n4096_k2048,4096,4096,2048,346685440,True,True,False,True
region_m4096_n4096_k3072,4096,4096,3072,387055616,True,True,False,True
region_m4096_n4096_k4096,4096,4096,4096,482476032,True,True,True,False
region_m4096_n4096_k6144,4096,4096,6144,604110848,True,True,False,True
region_m4096_n4096_k8192,4096,4096,8192,766640128,True,True,False,True
region_m4096_n4096_k12288,4096,4096,12288,1038221312,True,True,False,True
region_m4096_n4096_k16384,4096,4096,16384,1363279872,True,True,False,True
region_m4096_n4096_k24576,4096,4096,24576,1906442240,True,True,False,True
region_m4096_n4096_k32768,4096,4096,32768,2528247808,True,True,False,True
region_m4096_n4096_k49152,4096,4096,49152,3642884096,True,True,False,True
region_m4096_n4096_k65536,4096,4096,65536,4886495232,True,True,False,True
region_m4096_n4096_k98304,4096,4096,98304,7115767808,True,True,False,True
region_m4096_n4096_k131072,4096,4096,131072,9574678528,False,True,False,False
region_m4096_n6144_k256,4096,6144,256,311296000,True,True,False,True
region_m4096_n6144_k384,4096,6144,384,313917440,True,True,False,True
region_m4096_n6144_k512,4096,6144,512,316538880,True,True,False,True
region_m4096_n6144_k768,4096,6144,768,327286784,True,True,False,True
region_m4096_n6144_k1024,4096,6144,1024,345112576,True,True,False,True
region_m4096_n6144_k1536,4096,6144,1536,374996992,True,True,False,True
region_m4096_n6144_k2048,4096,6144,2048,443940864,True,True,False,True
region_m4096_n6144_k3072,4096,6144,3072,485359616,True,True,False,True
region_m4096_n6144_k4096,4096,6144,4096,603062272,True,True,False,True
region_m4096_n6144_k6144,4096,6144,6144,744095744,True,True,False,True
region_m4096_n6144_k8192,4096,6144,8192,953548800,True,True,False,True
region_m4096_n6144_k12288,4096,6144,12288,1261568000,True,True,False,True
region_m4096_n6144_k16384,4096,6144,16384,1641152512,True,True,False,True
region_m4096_n6144_k24576,4096,6144,24576,2296512512,True,True,False,True
region_m4096_n6144_k32768,4096,6144,32768,3022651392,True,True,False,True
region_m4096_n6144_k49152,4096,6144,49152,4366401536,True,True,False,True
region_m4096_n6144_k65536,4096,6144,65536,5818679296,True,True,False,True
region_m4096_n6144_k98304,4096,6144,98304,8506179584,True,True,False,True
region_m4096_n6144_k131072,4096,6144,131072,11377704960,False,True,False,False
region_m4096_n8192_k256,4096,8192,256,435814400,True,True,False,True
region_m4096_n8192_k384,4096,8192,384,438960128,True,True,False,True
region_m4096_n8192_k512,4096,8192,512,442105856,True,True,False,True
region_m4096_n8192_k768,4096,8192,768,462553088,True,True,False,True
region_m4096_n8192_k1024,4096,8192,1024,473563136,True,True,False,True
region_m4096_n8192_k1536,4096,8192,1536,520749056,True,True,False,True
region_m4096_n8192_k2048,4096,8192,2048,597819392,True,True,False,True
region_m4096_n8192_k3072,4096,8192,3072,667025408,True,True,False,True
region_m4096_n8192_k4096,4096,8192,4096,794427392,True,True,False,True
region_m4096_n8192_k6144,4096,8192,6144,994181120,True,True,False,True
region_m4096_n8192_k8192,4096,8192,8192,1220673536,True,True,False,True
region_m4096_n8192_k12288,4096,8192,12288,1648492544,True,True,False,True
region_m4096_n8192_k16384,4096,8192,16384,2089680896,True,True,False,True
region_m4096_n8192_k24576,4096,8192,24576,2957115392,True,True,False,True
region_m4096_n8192_k32768,4096,8192,32768,3829530624,True,True,False,True
region_m4096_n8192_k49152,4096,8192,49152,5574361088,True,True,False,True
region_m4096_n8192_k65536,4096,8192,65536,7319191552,True,True,False,True
region_m4096_n8192_k98304,4096,8192,98304,10808852480,False,True,False,False
region_m4096_n8192_k131072,4096,8192,131072,14298513408,False,True,False,False
region_m4096_n12288_k256,4096,12288,256,588120064,True,True,False,True
region_m4096_n12288_k384,4096,12288,384,592314368,True,True,False,True
region_m4096_n12288_k512,4096,12288,512,596508672,True,True,False,True
region_m4096_n12288_k768,4096,12288,768,613548032,True,True,False,True
region_m4096_n12288_k1024,4096,12288,1024,640811008,True,True,False,True
region_m4096_n12288_k1536,4096,12288,1536,689569792,True,True,False,True
region_m4096_n12288_k2048,4096,12288,2048,799408128,True,True,False,True
region_m4096_n12288_k3072,4096,12288,3072,862846976,True,True,False,True
region_m4096_n12288_k4096,4096,12288,4096,1049755648,True,True,False,True
region_m4096_n12288_k6144,4096,12288,6144,1272578048,True,True,False,True
region_m4096_n12288_k8192,4096,12288,8192,1611005952,True,True,False,True
region_m4096_n12288_k12288,4096,12288,12288,2092040192,True,True,False,True
region_m4096_n12288_k16384,4096,12288,16384,2685534208,True,True,False,True
region_m4096_n12288_k24576,4096,12288,24576,3730964480,True,True,False,True
region_m4096_n12288_k32768,4096,12288,32768,4866048000,True,True,False,True
region_m4096_n12288_k49152,4096,12288,49152,7008813056,True,True,False,True
region_m4096_n12288_k65536,4096,12288,65536,9278980096,False,True,False,False
region_m4096_n12288_k98304,4096,12288,98304,13564510208,False,False,False,False
region_m4096_n12288_k131072,4096,12288,131072,18052939776,False,False,False,False
region_m4096_n16384_k256,4096,16384,256,792330240,True,True,True,False
region_m4096_n16384_k384,4096,16384,384,797573120,True,True,False,True
region_m4096_n16384_k512,4096,16384,512,802816000,True,True,True,False
region_m4096_n16384_k768,4096,16384,768,824311808,True,True,False,True
region_m4096_n16384_k1024,4096,16384,1024,859963392,True,True,False,True
region_m4096_n16384_k1536,4096,16384,1536,919732224,True,True,False,True
region_m4096_n16384_k2048,4096,16384,2048,1057619968,True,True,False,True
region_m4096_n16384_k3072,4096,16384,3072,1142030336,True,True,False,True
region_m4096_n16384_k4096,4096,16384,4096,1375862784,True,True,False,True
region_m4096_n16384_k6144,4096,16384,6144,1661075456,True,True,False,True
region_m4096_n16384_k8192,4096,16384,8192,2076835840,True,True,False,True
region_m4096_n16384_k12288,4096,16384,12288,2699165696,True,True,False,True
region_m4096_n16384_k16384,4096,16384,16384,3452043264,True,True,False,True
region_m4096_n16384_k24576,4096,16384,24576,4775346176,True,True,False,True
region_m4096_n16384_k32768,4096,16384,32768,6215041024,True,True,False,True
region_m4096_n16384_k49152,4096,16384,49152,8927707136,False,True,False,False
region_m4096_n16384_k65536,4096,16384,65536,11807096832,False,True,False,False
region_m4096_n16384_k98304,4096,16384,98304,17232429056,False,False,False,False
region_m4096_n16384_k131072,4096,16384,131072,22925148160,False,False,False,False
region_m4096_n24576_k256,4096,24576,256,1141768192,True,True,False,True
region_m4096_n24576_k384,4096,24576,384,1149108224,True,True,False,True
region_m4096_n24576_k512,4096,24576,512,1156448256,True,True,False,True
region_m4096_n24576_k768,4096,24576,768,1186070528,True,True,False,True
region_m4096_n24576_k1024,4096,24576,1024,1232207872,True,True,False,True
region_m4096_n24576_k1536,4096,24576,1536,1318715392,True,True,False,True
region_m4096_n24576_k2048,4096,24576,2048,1510342656,True,True,False,True
region_m4096_n24576_k3072,4096,24576,3072,1617821696,True,True,False,True
region_m4096_n24576_k4096,4096,24576,4096,1943142400,True,True,False,True
region_m4096_n24576_k6144,4096,24576,6144,2329542656,True,True,False,True
region_m4096_n24576_k8192,4096,24576,8192,2925920256,True,True,False,True
region_m4096_n24576_k12288,4096,24576,12288,3752984576,True,True,False,True
region_m4096_n24576_k16384,4096,24576,16384,4786880512,True,True,False,True
region_m4096_n24576_k24576,4096,24576,24576,6599868416,True,True,False,True
region_m4096_n24576_k32768,4096,24576,32768,8588230656,True,True,False,True
region_m4096_n24576_k49152,4096,24576,49152,12293636096,False,False,False,False
region_m4096_n24576_k65536,4096,24576,65536,16199581696,False,False,False,False
region_m4096_n24576_k98304,4096,24576,98304,23681171456,False,False,False,False
region_m4096_n24576_k131072,4096,24576,131072,31403409408,False,False,False,False
region_m4096_n32768_k256,4096,32768,256,1530527744,True,True,False,True
region_m4096_n32768_k384,4096,32768,384,1539964928,True,True,False,True
region_m4096_n32768_k512,4096,32768,512,1549402112,True,True,False,True
region_m4096_n32768_k768,4096,32768,768,1607598080,True,True,False,True
region_m4096_n32768_k1024,4096,32768,1024,1637482496,True,True,False,True
region_m4096_n32768_k1536,4096,32768,1536,1779040256,True,True,False,True
region_m4096_n32768_k2048,4096,32768,2048,2007105536,True,True,False,True
region_m4096_n32768_k3072,4096,32768,3072,2176974848,True,True,False,True
region_m4096_n32768_k4096,4096,32768,4096,2556035072,True,True,False,True
region_m4096_n32768_k6144,4096,32768,6144,3108110336,True,True,False,True
region_m4096_n32768_k8192,4096,32768,8192,3837919232,True,True,False,True
region_m4096_n32768_k12288,4096,32768,12288,4970381312,True,True,False,True
region_m4096_n32768_k16384,4096,32768,16384,6255411200,True,True,False,True
region_m4096_n32768_k24576,4096,32768,24576,8694923264,False,True,False,False
region_m4096_n32768_k32768,4096,32768,32768,11186339840,False,True,False,False
region_m4096_n32768_k49152,4096,32768,49152,16144007168,False,False,False,False
region_m4096_n32768_k65536,4096,32768,65536,21115043840,False,False,False,False
region_m4096_n32768_k98304,4096,32768,98304,31042174976,False,False,False,False
region_m4096_n32768_k131072,4096,32768,131072,40974286848,False,False,False,False
region_m4096_n49152_k256,4096,49152,256,2249064448,True,True,False,True
region_m4096_n49152_k384,4096,49152,384,2262695936,True,True,False,True
region_m4096_n49152_k512,4096,49152,512,2276327424,True,True,False,True
region_m4096_n49152_k768,4096,49152,768,2331115520,True,True,False,True
region_m4096_n49152_k1024,4096,49152,1024,2415001600,True,True,False,True
region_m4096_n49152_k1536,4096,49152,1536,2577006592,True,True,False,True
region_m4096_n49152_k2048,4096,49152,2048,2932211712,True,True,False,True
region_m4096_n49152_k3072,4096,49152,3072,3127771136,True,True,False,True
region_m4096_n49152_k4096,4096,49152,4096,3729915904,True,True,False,True
region_m4096_n49152_k6144,4096,49152,6144,4443471872,True,True,False,True
region_m4096_n49152_k8192,4096,49152,8192,5555748864,True,True,False,True
region_m4096_n49152_k12288,4096,49152,12288,7074873344,True,True,False,True
region_m4096_n49152_k16384,4096,49152,16384,8989573120,False,True,False,False
region_m4096_n49152_k24576,4096,49152,24576,12337676288,False,False,False,False
region_m4096_n49152_k32768,4096,49152,32768,16049897472,False,False,False,False
region_m4096_n49152_k49152,4096,49152,49152,22863282176,False,False,False,False
region_m4096_n49152_k65536,4096,49152,65536,30040784896,False,False,False,False
region_m4096_n49152_k98304,4096,49152,98304,43914493952,False,False,False,False
region_m4096_n49152_k131072,4096,49152,131072,58104348672,False,False,False,False
region_m4096_n65536_k256,4096,65536,256,3006922752,True,True,False,True
region_m4096_n65536_k384,4096,65536,384,3024748544,True,True,False,True
region_m4096_n65536_k512,4096,65536,512,3042574336,True,True,False,True
region_m4096_n65536_k768,4096,65536,768,3114401792,True,True,False,True
region_m4096_n65536_k1024,4096,65536,1024,3225550848,True,True,False,True
region_m4096_n65536_k1536,4096,65536,1536,3436314624,True,True,False,True
region_m4096_n65536_k2048,4096,65536,2048,3901358080,True,True,False,True
region_m4096_n65536_k3072,4096,65536,3072,4161929216,True,True,False,True
region_m4096_n65536_k4096,4096,65536,4096,4949409792,True,True,False,True
region_m4096_n65536_k6144,4096,65536,6144,5888933888,True,True,False,True
region_m4096_n65536_k8192,4096,65536,8192,7336493056,True,True,False,True
region_m4096_n65536_k12288,4096,65536,12288,9342943232,False,True,False,False
region_m4096_n65536_k16384,4096,65536,16384,11844845568,False,True,False,False
region_m4096_n65536_k24576,4096,65536,24576,16250961920,False,False,False,False
region_m4096_n65536_k32768,4096,65536,32768,21077032960,False,False,False,False
region_m4096_n65536_k49152,4096,65536,49152,30066999296,False,False,False,False
region_m4096_n65536_k65536,4096,65536,65536,39489503232,False,False,False,False
region_m4096_n65536_k98304,4096,65536,98304,57699074048,False,False,False,False
region_m4096_n65536_k131072,4096,65536,131072,76327026688,False,False,False,False
region_m4096_n98304_k256,4096,98304,256,4463656960,True,True,False,True
region_m4096_n98304_k384,4096,98304,384,4489871360,True,True,False,True
region_m4096_n98304_k512,4096,98304,512,4516085760,True,True,False,True
region_m4096_n98304_k768,4096,98304,768,4621205504,True,True,False,True
region_m4096_n98304_k1024,4096,98304,1024,4780589056,True,True,False,True
region_m4096_n98304_k1536,4096,98304,1536,5093588992,True,True,False,True
region_m4096_n98304_k2048,4096,98304,2048,5775949824,True,True,False,True
region_m4096_n98304_k3072,4096,98304,3072,6147670016,True,True,False,True
region_m4096_n98304_k4096,4096,98304,4096,7303462912,True,True,False,True
region_m4096_n98304_k6144,4096,98304,6144,8671330304,False,True,False,False
region_m4096_n98304_k8192,4096,98304,8192,10815406080,False,True,False,False
region_m4096_n98304_k12288,4096,98304,12288,13718650880,False,False,False,False
region_m4096_n98304_k16384,4096,98304,16384,17394958336,False,False,False,False
region_m4096_n98304_k24576,4096,98304,24576,23813292032,False,False,False,False
region_m4096_n98304_k32768,4096,98304,32768,30973231104,False,False,False,False
region_m4096_n98304_k49152,4096,98304,49152,44002574336,False,False,False,False
region_m4096_n98304_k65536,4096,98304,65536,57760940032,False,False,False,False
region_m4096_n98304_k98304,4096,98304,98304,84381138944,False,False,False,False
region_m4096_n98304_k131072,4096,98304,131072,111604531200,False,False,False,False
region_m4096_n131072_k256,4096,131072,256,5949882368,True,True,False,True
region_m4096_n131072_k384,4096,131072,384,5984485376,True,True,False,True
region_m4096_n131072_k512,4096,131072,512,6019088384,True,True,False,True
region_m4096_n131072_k768,4096,131072,768,6187778048,True,True,False,True
region_m4096_n131072_k1024,4096,131072,1024,6368657408,True,True,False,True
region_m4096_n131072_k1536,4096,131072,1536,6812205056,True,True,False,True
region_m4096_n131072_k2048,4096,131072,2048,7682392064,True,True,False,True
region_m4096_n131072_k3072,4096,131072,3072,8216772608,True,True,False,True
region_m4096_n131072_k4096,4096,131072,4096,9699983360,False,True,False,False
region_m4096_n131072_k6144,4096,131072,6144,11563827200,False,True,False,False
region_m4096_n131072_k8192,4096,131072,8192,14335606784,False,True,False,False
region_m4096_n131072_k12288,4096,131072,12288,18257936384,False,False,False,False
region_m4096_n131072_k16384,4096,131072,16384,23025287168,False,False,False,False
region_m4096_n131072_k24576,4096,131072,24576,31646154752,False,False,False,False
region_m4096_n131072_k32768,4096,131072,32768,40957509632,False,False,False,False
region_m4096_n131072_k49152,4096,131072,49152,58422591488,False,False,False,False
region_m4096_n131072_k65536,4096,131072,65536,76417728512,False,False,False,False
region_m4096_n131072_k98304,4096,131072,98304,111975464960,False,False,False,False
region_m4096_n131072_k131072,4096,131072,131072,147685769216,False,False,False,False
region_m6144_n256_k256,6144,256,256,156499968,True,True,False,True
region_m6144_n256_k384,6144,256,384,158138368,True,True,False,True
region_m6144_n256_k512,6144,256,512,159776768,True,True,False,True
region_m6144_n256_k768,6144,256,768,171442176,True,True,False,True
region_m6144_n256_k1024,6144,256,1024,174718976,True,True,False,True
region_m6144_n256_k1536,6144,256,1536,204341248,True,True,False,True
region_m6144_n256_k2048,6144,256,2048,248643584,True,True,False,True
region_m6144_n256_k3072,6144,256,3072,287965184,True,True,False,True
region_m6144_n256_k4096,6144,256,4096,353501184,True,True,False,True
region_m6144_n256_k6144,6144,256,6144,475136000,True,True,False,True
region_m6144_n256_k8192,6144,256,8192,606208000,True,True,False,True
region_m6144_n256_k12288,6144,256,12288,849477632,True,True,False,True
region_m6144_n256_k16384,6144,256,16384,1099038720,True,True,False,True
region_m6144_n256_k24576,6144,256,24576,1598160896,True,True,False,True
region_m6144_n256_k32768,6144,256,32768,2097283072,True,True,False,True
region_m6144_n256_k49152,6144,256,49152,3095527424,True,True,False,True
region_m6144_n256_k65536,6144,256,65536,4093771776,True,True,False,True
region_m6144_n256_k98304,6144,256,98304,6090260480,True,True,False,True
region_m6144_n256_k131072,6144,256,131072,8086749184,True,True,False,True
region_m6144_n384_k256,6144,384,256,156565504,True,True,False,True
region_m6144_n384_k384,6144,384,384,158236672,True,True,False,True
region_m6144_n384_k512,6144,384,512,159907840,True,True,False,True
region_m6144_n384_k768,6144,384,768,171638784,True,True,False,True
region_m6144_n384_k1024,6144,384,1024,174981120,True,True,False,True
region_m6144_n384_k1536,6144,384,1536,204734464,True,True,False,True
region_m6144_n384_k2048,6144,384,2048,249167872,True,True,False,True
region_m6144_n384_k3072,6144,384,3072,288751616,True,True,False,True
region_m6144_n384_k4096,6144,384,4096,354549760,True,True,False,True
region_m6144_n384_k6144,6144,384,6144,476708864,True,True,False,True
region_m6144_n384_k8192,6144,384,8192,608305152,True,True,False,True
region_m6144_n384_k12288,6144,384,12288,852623360,True,True,False,True
region_m6144_n384_k16384,6144,384,16384,1103233024,True,True,False,True
region_m6144_n384_k24576,6144,384,24576,1604452352,True,True,False,True
region_m6144_n384_k32768,6144,384,32768,2105671680,True,True,False,True
region_m6144_n384_k49152,6144,384,49152,3108110336,True,True,False,True
region_m6144_n384_k65536,6144,384,65536,4110548992,True,True,False,True
region_m6144_n384_k98304,6144,384,98304,6115426304,True,True,False,True
region_m6144_n384_k131072,6144,384,131072,8120303616,True,True,False,True
region_m6144_n512_k256,6144,512,256,156631040,True,True,False,True
region_m6144_n512_k384,6144,512,384,158334976,True,True,False,True
region_m6144_n512_k512,6144,512,512,160038912,True,True,False,True
region_m6144_n512_k768,6144,512,768,171835392,True,True,False,True
region_m6144_n512_k1024,6144,512,1024,175243264,True,True,False,True
region_m6144_n512_k1536,6144,512,1536,205127680,True,True,False,True
region_m6144_n512_k2048,6144,512,2048,249692160,True,True,False,True
region_m6144_n512_k3072,6144,512,3072,289538048,True,True,False,True
region_m6144_n512_k4096,6144,512,4096,355598336,True,True,False,True
region_m6144_n512_k6144,6144,512,6144,478281728,True,True,False,True
region_m6144_n512_k8192,6144,512,8192,610402304,True,True,False,True
region_m6144_n512_k12288,6144,512,12288,855769088,True,True,False,True
region_m6144_n512_k16384,6144,512,16384,1107427328,True,True,False,True
region_m6144_n512_k24576,6144,512,24576,1610743808,True,True,False,True
region_m6144_n512_k32768,6144,512,32768,2114060288,True,True,False,True
region_m6144_n512_k49152,6144,512,49152,3120693248,True,True,False,True
region_m6144_n512_k65536,6144,512,65536,4127326208,True,True,False,True
region_m6144_n512_k98304,6144,512,98304,6140592128,True,True,False,True
region_m6144_n512_k131072,6144,512,131072,8153858048,True,True,False,True
region_m6144_n768_k256,6144,768,256,156762112,True,True,False,True
region_m6144_n768_k384,6144,768,384,158531584,True,True,False,True
region_m6144_n768_k512,6144,768,512,160301056,True,True,False,True
region_m6144_n768_k768,6144,768,768,172228608,True,True,False,True
region_m6144_n768_k1024,6144,768,1024,175767552,True,True,False,True
region_m6144_n768_k1536,6144,768,1536,205914112,True,True,False,True
region_m6144_n768_k2048,6144,768,2048,250740736,True,True,False,True
region_m6144_n768_k3072,6144,768,3072,291110912,True,True,False,True
region_m6144_n768_k4096,6144,768,4096,357695488,True,True,False,True
region_m6144_n768_k6144,6144,768,6144,481427456,True,True,False,True
region_m6144_n768_k8192,6144,768,8192,614596608,True,True,False,True
region_m6144_n768_k12288,6144,768,12288,862060544,True,True,False,True
region_m6144_n768_k16384,6144,768,16384,1115815936,True,True,False,True
region_m6144_n768_k24576,6144,768,24576,1623326720,True,True,False,True
region_m6144_n768_k32768,6144,768,32768,2130837504,True,True,False,True
region_m6144_n768_k49152,6144,768,49152,3145859072,True,True,False,True
region_m6144_n768_k65536,6144,768,65536,4160880640,True,True,False,True
region_m6144_n768_k98304,6144,768,98304,6190923776,True,True,False,True
region_m6144_n768_k131072,6144,768,131072,8220966912,True,True,False,True
region_m6144_n1024_k256,6144,1024,256,156893184,True,True,False,True
region_m6144_n1024_k384,6144,1024,384,158728192,True,True,False,True
region_m6144_n1024_k512,6144,1024,512,160563200,True,True,False,True
region_m6144_n1024_k768,6144,1024,768,172621824,True,True,False,True
region_m6144_n1024_k1024,6144,1024,1024,179437568,True,True,False,True
region_m6144_n1024_k1536,6144,1024,1536,206700544,True,True,False,True
region_m6144_n1024_k2048,6144,1024,2048,251789312,True,True,False,True
region_m6144_n1024_k3072,6144,1024,3072,292683776,True,True,True,False
region_m6144_n1024_k4096,6144,1024,4096,368181248,True,True,False,True
region_m6144_n1024_k6144,6144,1024,6144,484573184,True,True,False,True
region_m6144_n1024_k8192,6144,1024,8192,618790912,True,True,False,True
region_m6144_n1024_k12288,6144,1024,12288,868352000,True,True,False,True
region_m6144_n1024_k16384,6144,1024,16384,1132068864,True,True,False,True
region_m6144_n1024_k24576,6144,1024,24576,1635909632,True,True,False,True
region_m6144_n1024_k32768,6144,1024,32768,2151546880,True,True,False,True
region_m6144_n1024_k49152,6144,1024,49152,3171024896,True,True,False,True
region_m6144_n1024_k65536,6144,1024,65536,4202299392,True,True,False,True
region_m6144_n1024_k98304,6144,1024,98304,6241255424,True,True,False,True
region_m6144_n1024_k131072,6144,1024,131072,8292007936,True,True,False,True
region_m6144_n1536_k256,6144,1536,256,171835392,True,True,False,True
region_m6144_n1536_k384,6144,1536,384,173801472,True,True,False,True
region_m6144_n1536_k512,6144,1536,512,175767552,True,True,False,True
region_m6144_n1536_k768,6144,1536,768,179699712,True,True,False,True
region_m6144_n1536_k1024,6144,1536,1024,190447616,True,True,False,True
region_m6144_n1536_k1536,6144,1536,1536,222953472,True,True,False,True
region_m6144_n1536_k2048,6144,1536,2048,268304384,True,True,False,True
region_m6144_n1536_k3072,6144,1536,3072,248643584,True,True,False,True
region_m6144_n1536_k4096,6144,1536,4096,385482752,True,True,False,True
region_m6144_n1536_k6144,6144,1536,6144,396492800,True,True,False,True
region_m6144_n1536_k8192,6144,1536,8192,662831104,True,True,False,True
region_m6144_n1536_k12288,6144,1536,12288,692191232,True,True,False,True
region_m6144_n1536_k16384,6144,1536,16384,1174536192,True,True,False,True
region_m6144_n1536_k24576,6144,1536,24576,1283588096,True,True,False,True
region_m6144_n1536_k32768,6144,1536,32768,2248278016,True,True,False,True
region_m6144_n1536_k49152,6144,1536,49152,2466381824,True,True,False,True
region_m6144_n1536_k65536,6144,1536,65536,4345430016,True,True,False,True
region_m6144_n1536_k98304,6144,1536,98304,4831969280,True,True,False,True
region_m6144_n1536_k131072,6144,1536,131072,8590065664,False,True,False,False
region_m6144_n2048_k256,6144,2048,256,215089152,True,True,False,True
region_m6144_n2048_k384,6144,2048,384,217186304,True,True,False,True
region_m6144_n2048_k512,6144,2048,512,219283456,True,True,False,True
region_m6144_n2048_k768,6144,2048,768,232914944,True,True,False,True
region_m6144_n2048_k1024,6144,2048,1024,238682112,True,True,False,True
region_m6144_n2048_k1536,6144,2048,1536,271712256,True,True,False,True
region_m6144_n2048_k2048,6144,2048,2048,323092480,True,True,False,True
region_m6144_n2048_k3072,6144,2048,3072,366608384,True,True,False,True
region_m6144_n2048_k4096,6144,2048,4096,449445888,True,True,False,True
region_m6144_n2048_k6144,6144,2048,6144,582090752,True,True,False,True
region_m6144_n2048_k8192,6144,2048,8192,738328576,True,True,False,True
region_m6144_n2048_k12288,6144,2048,12288,1013055488,True,True,False,True
region_m6144_n2048_k16384,6144,2048,16384,1309016064,True,True,False,True
region_m6144_n2048_k24576,6144,2048,24576,1874984960,True,True,False,True
region_m6144_n2048_k32768,6144,2048,32768,2453929984,True,True,False,True
region_m6144_n2048_k49152,6144,2048,49152,3598843904,True,True,False,True
region_m6144_n2048_k65536,6144,2048,65536,4756733952,True,True,False,True
region_m6144_n2048_k98304,6144,2048,98304,7046561792,True,True,False,True
region_m6144_n2048_k131072,6144,2048,131072,9349365760,False,True,False,False
region_m6144_n3072_k256,6144,3072,256,273285120,True,True,False,True
region_m6144_n3072_k384,6144,3072,384,275644416,True,True,False,True
region_m6144_n3072_k512,6144,3072,512,278003712,True,True,False,True
region_m6144_n3072_k768,6144,3072,768,293208064,True,True,False,True
region_m6144_n3072_k1024,6144,3072,1024,297926656,True,True,False,True
region_m6144_n3072_k1536,6144,3072,1536,336723968,True,True,False,True
region_m6144_n3072_k2048,6144,3072,2048,394395648,True,True,False,True
region_m6144_n3072_k3072,6144,3072,3072,383909888,True,True,False,True
region_m6144_n3072_k4096,6144,3072,4096,530710528,True,True,False,True
region_m6144_n3072_k6144,6144,3072,6144,566362112,True,True,False,True
region_m6144_n3072_k8192,6144,3072,8192,859963392,True,True,False,True
region_m6144_n3072_k12288,6144,3072,12288,931266560,True,True,False,True
region_m6144_n3072_k16384,6144,3072,16384,1485963264,True,True,False,True
region_m6144_n3072_k24576,6144,3072,24576,1661075456,True,True,False,True
region_m6144_n3072_k32768,6144,3072,32768,2770468864,True,True,False,True
region_m6144_n3072_k49152,6144,3072,49152,3120693248,True,True,False,True
region_m6144_n3072_k65536,6144,3072,65536,5311168512,True,True,False,True
region_m6144_n3072_k98304,6144,3072,98304,6039928832,True,True,False,True
region_m6144_n3072_k131072,6144,3072,131072,10420879360,False,True,False,False
region_m6144_n4096_k256,6144,4096,256,311296000,True,True,False,True
region_m6144_n4096_k384,6144,4096,384,313917440,True,True,False,True
region_m6144_n4096_k512,6144,4096,512,316538880,True,True,False,True
region_m6144_n4096_k768,6144,4096,768,327286784,True,True,False,True
region_m6144_n4096_k1024,6144,4096,1024,345112576,True,True,False,True
region_m6144_n4096_k1536,6144,4096,1536,374996992,True,True,False,True
region_m6144_n4096_k2048,6144,4096,2048,443940864,True,True,False,True
region_m6144_n4096_k3072,6144,4096,3072,485359616,True,True,False,True
region_m6144_n4096_k4096,6144,4096,4096,603062272,True,True,False,True
region_m6144_n4096_k6144,6144,4096,6144,744095744,True,True,False,True
region_m6144_n4096_k8192,6144,4096,8192,953548800,True,True,False,True
region_m6144_n4096_k12288,6144,4096,12288,1261568000,True,True,False,True
region_m6144_n4096_k16384,6144,4096,16384,1641152512,True,True,False,True
region_m6144_n4096_k24576,6144,4096,24576,2296512512,True,True,False,True
region_m6144_n4096_k32768,6144,4096,32768,3022651392,True,True,False,True
region_m6144_n4096_k49152,6144,4096,49152,4366401536,True,True,False,True
region_m6144_n4096_k65536,6144,4096,65536,5818679296,True,True,False,True
region_m6144_n4096_k98304,6144,4096,98304,8506179584,True,True,False,True
region_m6144_n4096_k131072,6144,4096,131072,11377704960,False,True,False,False
region_m6144_n6144_k256,6144,6144,256,409075712,True,True,False,True
region_m6144_n6144_k384,6144,6144,384,412221440,True,True,False,True
region_m6144_n6144_k512,6144,6144,512,415367168,True,True,False,True
region_m6144_n6144_k768,6144,6144,768,421658624,True,True,False,True
region_m6144_n6144_k1024,6144,6144,1024,431095808,True,True,False,True
region_m6144_n6144_k1536,6144,6144,1536,440532992,True,True,False,True
region_m6144_n6144_k2048,6144,6144,2048,560070656,True,True,False,True
region_m6144_n6144_k3072,6144,6144,3072,453115904,True,True,True,False
region_m6144_n6144_k4096,6144,6144,4096,733085696,True,True,False,True
region_m6144_n6144_k6144,6144,6144,6144,604110848,True,True,True,False
region_m6144_n6144_k8192,6144,6144,8192,1164050432,True,True,False,True
region_m6144_n6144_k12288,6144,6144,12288,906100736,True,True,False,True
region_m6144_n6144_k16384,6144,6144,16384,1941045248,True,True,False,True
region_m6144_n6144_k24576,6144,6144,24576,1510080512,True,True,False,True
region_m6144_n6144_k32768,6144,6144,32768,3579969536,True,True,False,True
region_m6144_n6144_k49152,6144,6144,49152,2718040064,True,True,False,True
region_m6144_n6144_k65536,6144,6144,65536,6772883456,True,True,False,True
region_m6144_n6144_k98304,6144,6144,98304,5133959168,True,True,False,True
region_m6144_n6144_k131072,6144,6144,131072,13243645952,False,False,False,False
region_m6144_n8192_k256,6144,8192,256,564264960,True,True,False,True
region_m6144_n8192_k384,6144,8192,384,567934976,True,True,False,True
region_m6144_n8192_k512,6144,8192,512,571604992,True,True,False,True
region_m6144_n8192_k768,6144,8192,768,594673664,True,True,False,True
region_m6144_n8192_k1024,6144,8192,1024,603586560,True,True,False,True
region_m6144_n8192_k1536,6144,8192,1536,661782528,True,True,False,True
region_m6144_n8192_k2048,6144,8192,2048,750911488,True,True,False,True
region_m6144_n8192_k3072,6144,8192,3072,819593216,True,True,False,True
region_m6144_n8192_k4096,6144,8192,4096,965345280,True,True,False,True
region_m6144_n8192_k6144,6144,8192,6144,1186070528,True,True,False,True
region_m6144_n8192_k8192,6144,8192,8192,1468137472,True,True,False,True
region_m6144_n8192_k12288,6144,8192,12288,1919025152,True,True,False,True
region_m6144_n8192_k16384,6144,8192,16384,2422603776,True,True,False,True
region_m6144_n8192_k24576,6144,8192,24576,3384934400,True,True,False,True
region_m6144_n8192_k32768,6144,8192,32768,4374790144,True,True,False,True
region_m6144_n8192_k49152,6144,8192,49152,6316752896,True,True,False,True
region_m6144_n8192_k65536,6144,8192,65536,8286240768,True,True,False,True
region_m6144_n8192_k98304,6144,8192,98304,12180389888,False,False,False,False
region_m6144_n8192_k131072,6144,8192,131072,16096952320,False,False,False,False
region_m6144_n12288_k256,6144,12288,256,764542976,True,True,False,True
region_m6144_n12288_k384,6144,12288,384,769261568,True,True,False,True
region_m6144_n12288_k512,6144,12288,512,773980160,True,True,False,True
region_m6144_n12288_k768,6144,12288,768,783417344,True,True,False,True
region_m6144_n12288_k1024,6144,12288,1024,797573120,True,True,False,True
region_m6144_n12288_k1536,6144,12288,1536,811728896,True,True,False,True
region_m6144_n12288_k2048,6144,12288,2048,991035392,True,True,False,True
region_m6144_n12288_k3072,6144,12288,3072,830603264,True,True,False,True
region_m6144_n12288_k4096,6144,12288,4096,1250557952,True,True,False,True
region_m6144_n12288_k6144,6144,12288,6144,1057095680,True,True,False,True
region_m6144_n12288_k8192,6144,12288,8192,1897005056,True,True,False,True
region_m6144_n12288_k12288,6144,12288,12288,1510080512,True,True,False,True
region_m6144_n12288_k16384,6144,12288,16384,3062497280,True,True,False,True
region_m6144_n12288_k24576,6144,12288,24576,2416050176,True,True,False,True
region_m6144_n12288_k32768,6144,12288,32768,5520883712,True,True,False,True
region_m6144_n12288_k49152,6144,12288,49152,4227989504,True,True,False,True
region_m6144_n12288_k65536,6144,12288,65536,10310254592,False,False,False,False
region_m6144_n12288_k98304,6144,12288,98304,7851868160,True,False,False,False
region_m6144_n12288_k131072,6144,12288,131072,20016398336,False,False,False,False
region_m6144_n16384_k256,6144,16384,256,1015939072,True,True,False,True
region_m6144_n16384_k384,6144,16384,384,1021706240,True,True,False,True
region_m6144_n16384_k512,6144,16384,512,1027473408,True,True,False,True
region_m6144_n16384_k768,6144,16384,768,1050804224,True,True,False,True
region_m6144_n16384_k1024,6144,16384,1024,1087504384,True,True,False,True
region_m6144_n16384_k1536,6144,16384,1536,1155137536,True,True,False,True
region_m6144_n16384_k2048,6144,16384,2048,1305870336,True,True,False,True
region_m6144_n16384_k3072,6144,16384,3072,1391329280,True,True,False,True
region_m6144_n16384_k4096,6144,16384,4096,1647443968,True,True,False,True
region_m6144_n16384_k6144,6144,16384,6144,1952055296,True,True,False,True
region_m6144_n16384_k8192,6144,16384,8192,2419458048,True,True,False,True
region_m6144_n16384_k12288,6144,16384,12288,3073507328,True,True,False,True
region_m6144_n16384_k16384,6144,16384,16384,3887202304,True,True,False,True
region_m6144_n16384_k24576,6144,16384,24576,5316411392,True,True,False,True
region_m6144_n16384_k32768,6144,16384,32768,6873808896,True,True,False,True
region_m6144_n16384_k49152,6144,16384,49152,9802219520,False,False,False,False
region_m6144_n16384_k65536,6144,16384,65536,12890275840,False,False,False,False
region_m6144_n16384_k98304,6144,16384,98304,18773835776,False,False,False,False
region_m6144_n16384_k131072,6144,16384,131072,24879169536,False,False,False,False
region_m6144_n24576_k256,6144,24576,256,1475477504,True,True,False,True
region_m6144_n24576_k384,6144,24576,384,1483341824,True,True,False,True
region_m6144_n24576_k512,6144,24576,512,1491206144,True,True,False,True
region_m6144_n24576_k768,6144,24576,768,1506934784,True,True,False,True
region_m6144_n24576_k1024,6144,24576,1024,1530527744,True,True,False,True
region_m6144_n24576_k1536,6144,24576,1536,1554120704,True,True,False,True
region_m6144_n24576_k2048,6144,24576,2048,1852964864,True,True,False,True
region_m6144_n24576_k3072,6144,24576,3072,1585577984,True,True,False,True
region_m6144_n24576_k4096,6144,24576,4096,2285502464,True,True,False,True
region_m6144_n24576_k6144,6144,24576,6144,1963065344,True,True,False,True
region_m6144_n24576_k8192,6144,24576,8192,3362914304,True,True,False,True
region_m6144_n24576_k12288,6144,24576,12288,2718040064,True,True,False,True
region_m6144_n24576_k16384,6144,24576,16384,5305401344,True,True,False,True
region_m6144_n24576_k24576,6144,24576,24576,4227989504,True,True,False,True
region_m6144_n24576_k32768,6144,24576,32768,9402712064,False,False,False,False
region_m6144_n24576_k49152,6144,24576,49152,7247888384,True,False,False,False
region_m6144_n24576_k65536,6144,24576,65536,17384996864,False,False,False,False
region_m6144_n24576_k98304,6144,24576,98304,13287686144,False,False,False,False
region_m6144_n24576_k131072,6144,24576,131072,33561903104,False,False,False,False
region_m6144_n32768_k256,6144,32768,256,1960968192,True,True,False,True
region_m6144_n32768_k384,6144,32768,384,1970929664,True,True,False,True
region_m6144_n32768_k512,6144,32768,512,1980891136,True,True,False,True
region_m6144_n32768_k768,6144,32768,768,2041708544,True,True,False,True
region_m6144_n32768_k1024,6144,32768,1024,2063204352,True,True,False,True
region_m6144_n32768_k1536,6144,32768,1536,2222063616,True,True,False,True
region_m6144_n32768_k2048,6144,32768,2048,2462187520,True,True,False,True
region_m6144_n32768_k3072,6144,32768,3072,2631532544,True,True,False,True
region_m6144_n32768_k4096,6144,32768,4096,3028942848,True,True,False,True
region_m6144_n32768_k6144,6144,32768,6144,3601989632,True,True,False,True
region_m6144_n32768_k8192,6144,32768,8192,4387373056,True,True,False,True
region_m6144_n32768_k12288,6144,32768,12288,5542903808,True,True,False,True
region_m6144_n32768_k16384,6144,32768,16384,6891896832,True,True,False,True
region_m6144_n32768_k24576,6144,32768,24576,9424732160,False,False,False,False
region_m6144_n32768_k32768,6144,32768,32768,12088115200,False,False,False,False
region_m6144_n32768_k49152,6144,32768,49152,17188388864,False,False,False,False
region_m6144_n32768_k65536,6144,32768,65536,22404268032,False,False,False,False
region_m6144_n32768_k98304,6144,32768,98304,32715702272,False,False,False,False
region_m6144_n32768_k131072,6144,32768,131072,43087298560,False,False,False,False
region_m6144_n49152_k256,6144,49152,256,2897346560,True,True,False,True
region_m6144_n49152_k384,6144,49152,384,2911502336,True,True,False,True
region_m6144_n49152_k512,6144,49152,512,2925658112,True,True,False,True
region_m6144_n49152_k768,6144,49152,768,2953969664,True,True,False,True
region_m6144_n49152_k1024,6144,49152,1024,2996436992,True,True,False,True
region_m6144_n49152_k1536,6144,49152,1536,3038904320,True,True,False,True
region_m6144_n49152_k2048,6144,49152,2048,3576823808,True,True,False,True
region_m6144_n49152_k3072,6144,49152,3072,3095527424,True,True,False,True
region_m6144_n49152_k4096,6144,49152,4096,4355391488,True,True,False,True
region_m6144_n49152_k6144,6144,49152,6144,3775004672,True,True,False,True
region_m6144_n49152_k8192,6144,49152,8192,6294732800,True,True,False,True
region_m6144_n49152_k12288,6144,49152,12288,5133959168,True,True,False,True
region_m6144_n49152_k16384,6144,49152,16384,9791209472,False,False,False,False
region_m6144_n49152_k24576,6144,49152,24576,7851868160,True,False,False,False
region_m6144_n49152_k32768,6144,49152,32768,17166368768,False,False,False,False
region_m6144_n49152_k49152,6144,49152,49152,13287686144,False,False,False,False
region_m6144_n49152_k65536,6144,49152,65536,31534481408,False,False,False,False
region_m6144_n49152_k98304,6144,49152,98304,24159322112,False,False,False,False
region_m6144_n49152_k131072,6144,49152,131072,60652912640,False,False,False,False
region_m6144_n65536_k256,6144,65536,256,3845259264,True,True,False,True
region_m6144_n65536_k384,6144,65536,384,3863609344,True,True,False,True
region_m6144_n65536_k512,6144,65536,512,3881959424,True,True,False,True
region_m6144_n65536_k768,6144,65536,768,3944873984,True,True,False,True
region_m6144_n65536_k1024,6144,65536,1024,4057071616,True,True,False,True
region_m6144_n65536_k1536,6144,65536,1536,4275699712,True,True,False,True
region_m6144_n65536_k2048,6144,65536,2048,4753588224,True,True,False,True
region_m6144_n65536_k3072,6144,65536,3072,5015207936,True,True,False,True
region_m6144_n65536_k4096,6144,65536,4096,5824970752,True,True,False,True
region_m6144_n65536_k6144,6144,65536,6144,6783893504,True,True,False,True
region_m6144_n65536_k8192,6144,65536,8192,8283095040,True,True,False,True
region_m6144_n65536_k12288,6144,65536,12288,10321264640,False,False,False,False
region_m6144_n65536_k16384,6144,65536,16384,12896567296,False,False,False,False
region_m6144_n65536_k24576,6144,65536,24576,17396006912,False,False,False,False
region_m6144_n65536_k32768,6144,65536,32768,22401122304,False,False,False,False
region_m6144_n65536_k49152,6144,65536,49152,31545491456,False,False,False,False
region_m6144_n65536_k65536,6144,65536,65536,41182953472,False,False,False,False
region_m6144_n65536_k98304,6144,65536,98304,59844460544,False,False,False,False
region_m6144_n65536_k131072,6144,65536,131072,78897610752,False,False,False,False
region_m6144_n98304_k256,6144,98304,256,5741084672,True,True,False,True
region_m6144_n98304_k384,6144,98304,384,5767823360,True,True,False,True
region_m6144_n98304_k512,6144,98304,512,5794562048,True,True,False,True
region_m6144_n98304_k768,6144,98304,768,5848039424,True,True,False,True
region_m6144_n98304_k1024,6144,98304,1024,5928255488,True,True,False,True
region_m6144_n98304_k1536,6144,98304,1536,6008471552,True,True,False,True
region_m6144_n98304_k2048,6144,98304,2048,7024541696,True,True,False,True
region_m6144_n98304_k3072,6144,98304,3072,6115426304,True,True,False,True
region_m6144_n98304_k4096,6144,98304,4096,8495169536,True,True,False,True
region_m6144_n98304_k6144,6144,98304,6144,7398883328,True,True,False,True
region_m6144_n98304_k8192,6144,98304,8192,12158369792,False,False,False,False
region_m6144_n98304_k12288,6144,98304,12288,9965797376,False,False,False,False
region_m6144_n98304_k16384,6144,98304,16384,18762825728,False,False,False,False
region_m6144_n98304_k24576,6144,98304,24576,15099625472,False,False,False,False
region_m6144_n98304_k32768,6144,98304,32768,32693682176,False,False,False,False
region_m6144_n98304_k49152,6144,98304,49152,25367281664,False,False,False,False
region_m6144_n98304_k65536,6144,98304,65536,59833450496,False,False,False,False
region_m6144_n98304_k98304,6144,98304,98304,45902594048,False,False,False,False
region_m6144_n98304_k131072,6144,98304,131072,114834931712,False,False,False,False
region_m6144_n131072_k256,6144,131072,256,7636910080,True,True,False,True
region_m6144_n131072_k384,6144,131072,384,7672037376,True,True,False,True
region_m6144_n131072_k512,6144,131072,512,7707164672,True,True,False,True
region_m6144_n131072_k768,6144,131072,768,7829848064,True,True,False,True
region_m6144_n131072_k1024,6144,131072,1024,8002338816,True,True,False,True
region_m6144_n131072_k1536,6144,131072,1536,8463187968,True,True,False,True
region_m6144_n131072_k2048,6144,131072,2048,9336782848,False,True,False,False
region_m6144_n131072_k3072,6144,131072,3072,9879289856,False,True,False,False
region_m6144_n131072_k4096,6144,131072,4096,11377704960,False,True,False,False
region_m6144_n131072_k6144,6144,131072,6144,13265666048,False,False,False,False
region_m6144_n131072_k8192,6144,131072,8192,16084369408,False,False,False,False
region_m6144_n131072_k12288,6144,131072,12288,20038418432,False,False,False,False
region_m6144_n131072_k16384,6144,131072,16384,24879169536,False,False,False,False
region_m6144_n131072_k24576,6144,131072,24576,33583923200,False,False,False,False
region_m6144_n131072_k32768,6144,131072,32768,43092410368,False,False,False,False
region_m6144_n131072_k49152,6144,131072,49152,60674932736,False,False,False,False
region_m6144_n131072_k65536,6144,131072,65536,78916485120,False,False,False,False
region_m6144_n131072_k98304,6144,131072,98304,114856951808,False,False,False,False
region_m6144_n131072_k131072,6144,131072,131072,151204790272,False,False,False,False
region_m8192_n256_k256,8192,256,256,205783040,True,True,False,True
region_m8192_n256_k384,8192,256,384,207945728,True,True,False,True
region_m8192_n256_k512,8192,256,512,210108416,True,True,False,True
region_m8192_n256_k768,8192,256,768,224919552,True,True,False,True
region_m8192_n256_k1024,8192,256,1024,229244928,True,True,False,True
region_m8192_n256_k1536,8192,256,1536,267255808,True,True,False,True
region_m8192_n256_k2048,8192,256,2048,324141056,True,True,False,True
region_m8192_n256_k3072,8192,256,3072,381288448,True,True,False,True
region_m8192_n256_k4096,8192,256,4096,463601664,True,True,False,True
region_m8192_n256_k6144,8192,256,6144,628228096,True,True,False,True
region_m8192_n256_k8192,8192,256,8192,792854528,True,True,False,True
region_m8192_n256_k12288,8192,256,12288,1122107392,True,True,False,True
region_m8192_n256_k16384,8192,256,16384,1451360256,True,True,False,True
region_m8192_n256_k24576,8192,256,24576,2109865984,True,True,False,True
region_m8192_n256_k32768,8192,256,32768,2768371712,True,True,False,True
region_m8192_n256_k49152,8192,256,49152,4085383168,True,True,False,True
region_m8192_n256_k65536,8192,256,65536,5402394624,True,True,False,True
region_m8192_n256_k98304,8192,256,98304,8036417536,True,True,False,True
region_m8192_n256_k131072,8192,256,131072,10670440448,False,True,False,False
region_m8192_n384_k256,8192,384,256,205848576,True,True,False,True
region_m8192_n384_k384,8192,384,384,208044032,True,True,False,True
region_m8192_n384_k512,8192,384,512,210239488,True,True,False,True
region_m8192_n384_k768,8192,384,768,225116160,True,True,False,True
region_m8192_n384_k1024,8192,384,1024,229507072,True,True,False,True
region_m8192_n384_k1536,8192,384,1536,267649024,True,True,False,True
region_m8192_n384_k2048,8192,384,2048,324665344,True,True,False,True
region_m8192_n384_k3072,8192,384,3072,382074880,True,True,False,True
region_m8192_n384_k4096,8192,384,4096,464650240,True,True,False,True
region_m8192_n384_k6144,8192,384,6144,629800960,True,True,False,True
region_m8192_n384_k8192,8192,384,8192,794951680,True,True,False,True
region_m8192_n384_k12288,8192,384,12288,1125253120,True,True,False,True
region_m8192_n384_k16384,8192,384,16384,1455554560,True,True,False,True
region_m8192_n384_k24576,8192,384,24576,2116157440,True,True,False,True
region_m8192_n384_k32768,8192,384,32768,2776760320,True,True,False,True
region_m8192_n384_k49152,8192,384,49152,4097966080,True,True,False,True
region_m8192_n384_k65536,8192,384,65536,5419171840,True,True,False,True
region_m8192_n384_k98304,8192,384,98304,8061583360,True,True,False,True
region_m8192_n384_k131072,8192,384,131072,10703994880,False,True,False,False
region_m8192_n512_k256,8192,512,256,205914112,True,True,False,True
region_m8192_n512_k384,8192,512,384,208142336,True,True,False,True
region_m8192_n512_k512,8192,512,512,210370560,True,True,False,True
region_m8192_n512_k768,8192,512,768,225312768,True,True,False,True
region_m8192_n512_k1024,8192,512,1024,229769216,True,True,False,True
region_m8192_n512_k1536,8192,512,1536,268042240,True,True,False,True
region_m8192_n512_k2048,8192,512,2048,325189632,True,True,True,False
region_m8192_n512_k3072,8192,512,3072,382861312,True,True,False,True
region_m8192_n512_k4096,8192,512,4096,465698816,True,True,False,True
region_m8192_n512_k6144,8192,512,6144,631373824,True,True,False,True
region_m8192_n512_k8192,8192,512,8192,797048832,True,True,False,True
region_m8192_n512_k12288,8192,512,12288,1128398848,True,True,False,True
region_m8192_n512_k16384,8192,512,16384,1459748864,True,True,False,True
region_m8192_n512_k24576,8192,512,24576,2122448896,True,True,False,True
region_m8192_n512_k32768,8192,512,32768,2785148928,True,True,False,True
region_m8192_n512_k49152,8192,512,49152,4110548992,True,True,False,True
region_m8192_n512_k65536,8192,512,65536,5435949056,True,True,False,True
region_m8192_n512_k98304,8192,512,98304,8086749184,True,True,False,True
region_m8192_n512_k131072,8192,512,131072,10737549312,False,True,False,False
region_m8192_n768_k256,8192,768,256,206045184,True,True,False,True
region_m8192_n768_k384,8192,768,384,208338944,True,True,False,True
region_m8192_n768_k512,8192,768,512,210632704,True,True,False,True
region_m8192_n768_k768,8192,768,768,225705984,True,True,False,True
region_m8192_n768_k1024,8192,768,1024,230293504,True,True,False,True
region_m8192_n768_k1536,8192,768,1536,268828672,True,True,False,True
region_m8192_n768_k2048,8192,768,2048,326238208,True,True,False,True
region_m8192_n768_k3072,8192,768,3072,384434176,True,True,False,True
region_m8192_n768_k4096,8192,768,4096,467795968,True,True,False,True
region_m8192_n768_k6144,8192,768,6144,634519552,True,True,False,True
region_m8192_n768_k8192,8192,768,8192,801243136,True,True,False,True
region_m8192_n768_k12288,8192,768,12288,1134690304,True,True,False,True
region_m8192_n768_k16384,8192,768,16384,1468137472,True,True,False,True
region_m8192_n768_k24576,8192,768,24576,2135031808,True,True,False,True
region_m8192_n768_k32768,8192,768,32768,2801926144,True,True,False,True
region_m8192_n768_k49152,8192,768,49152,4135714816,True,True,False,True
region_m8192_n768_k65536,8192,768,65536,5469503488,True,True,False,True
region_m8192_n768_k98304,8192,768,98304,8137080832,True,True,False,True
region_m8192_n768_k131072,8192,768,131072,10804658176,False,True,False,False
region_m8192_n1024_k256,8192,1024,256,206176256,True,True,False,True
region_m8192_n1024_k384,8192,1024,384,208535552,True,True,False,True
region_m8192_n1024_k512,8192,1024,512,210894848,True,True,False,True
region_m8192_n1024_k768,8192,1024,768,226099200,True,True,False,True
region_m8192_n1024_k1024,8192,1024,1024,235536384,True,True,False,True
region_m8192_n1024_k1536,8192,1024,1536,269615104,True,True,False,True
region_m8192_n1024_k2048,8192,1024,2048,327286784,True,True,False,True
region_m8192_n1024_k3072,8192,1024,3072,386007040,True,True,False,True
region_m8192_n1024_k4096,8192,1024,4096,477757440,True,True,False,True
region_m8192_n1024_k6144,8192,1024,6144,637665280,True,True,False,True
region_m8192_n1024_k8192,8192,1024,8192,805437440,True,True,False,True
region_m8192_n1024_k12288,8192,1024,12288,1140981760,True,True,False,True
region_m8192_n1024_k16384,8192,1024,16384,1476526080,True,True,False,True
region_m8192_n1024_k24576,8192,1024,24576,2147614720,True,True,False,True
region_m8192_n1024_k32768,8192,1024,32768,2818703360,True,True,False,True
region_m8192_n1024_k49152,8192,1024,49152,4160880640,True,True,False,True
region_m8192_n1024_k65536,8192,1024,65536,5503057920,True,True,False,True
region_m8192_n1024_k98304,8192,1024,98304,8187412480,True,True,False,True
region_m8192_n1024_k131072,8192,1024,131072,10871767040,False,True,False,False
region_m8192_n1536_k256,8192,1536,256,223215616,True,True,False,True
region_m8192_n1536_k384,8192,1536,384,225705984,True,True,False,True
region_m8192_n1536_k512,8192,1536,512,228196352,True,True,False,True
region_m8192_n1536_k768,8192,1536,768,234225664,True,True,False,True
region_m8192_n1536_k1024,8192,1536,1024,247857152,True,True,False,True
region_m8192_n1536_k1536,8192,1536,1536,287965184,True,True,False,True
region_m8192_n1536_k2048,8192,1536,2048,346030080,True,True,False,True
region_m8192_n1536_k3072,8192,1536,3072,389152768,True,True,False,True
region_m8192_n1536_k4096,8192,1536,4096,494796800,True,True,False,True
region_m8192_n1536_k6144,8192,1536,6144,643956736,True,True,False,True
region_m8192_n1536_k8192,8192,1536,8192,847380480,True,True,False,True
region_m8192_n1536_k12288,8192,1536,12288,1153564672,True,True,False,True
region_m8192_n1536_k16384,8192,1536,16384,1503789056,True,True,False,True
region_m8192_n1536_k24576,8192,1536,24576,2172780544,True,True,False,True
region_m8192_n1536_k32768,8192,1536,32768,2873229312,True,True,True,False
region_m8192_n1536_k49152,8192,1536,49152,4211212288,True,True,False,True
region_m8192_n1536_k65536,8192,1536,65536,5580652544,True,True,False,True
region_m8192_n1536_k98304,8192,1536,98304,8288075776,True,True,False,True
region_m8192_n1536_k131072,8192,1536,131072,11026956288,False,True,False,False
region_m8192_n2048_k256,8192,2048,256,307363840,True,True,False,True
region_m8192_n2048_k384,8192,2048,384,309985280,True,True,False,True
region_m8192_n2048_k512,8192,2048,512,312606720,True,True,True,False
region_m8192_n2048_k768,8192,2048,768,330432512,True,True,False,True
region_m8192_n2048_k1024,8192,2048,1024,338821120,True,True,False,True
region_m8192_n2048_k1536,8192,2048,1536,379715584,True,True,False,True
region_m8192_n2048_k2048,8192,2048,2048,444727296,True,True,True,False
region_m8192_n2048_k3072,8192,2048,3072,509739008,True,True,False,True
region_m8192_n2048_k4096,8192,2048,4096,610926592,True,True,False,True
region_m8192_n2048_k6144,8192,2048,6144,792854528,True,True,False,True
region_m8192_n2048_k8192,8192,2048,8192,985792512,True,True,False,True
region_m8192_n2048_k12288,8192,2048,12288,1359085568,True,True,False,True
region_m8192_n2048_k16384,8192,2048,16384,1736572928,True,True,False,True
region_m8192_n2048_k24576,8192,2048,24576,2491547648,True,True,False,True
region_m8192_n2048_k32768,8192,2048,32768,3246522368,True,True,False,True
region_m8192_n2048_k49152,8192,2048,49152,4756471808,True,True,False,True
region_m8192_n2048_k65536,8192,2048,65536,6266421248,True,True,False,True
region_m8192_n2048_k98304,8192,2048,98304,9286320128,False,True,False,False
region_m8192_n2048_k131072,8192,2048,131072,12306219008,False,True,False,False
region_m8192_n3072_k256,8192,3072,256,356122624,True,True,False,True
region_m8192_n3072_k384,8192,3072,384,359006208,True,True,False,True
region_m8192_n3072_k512,8192,3072,512,361889792,True,True,False,True
region_m8192_n3072_k768,8192,3072,768,380239872,True,True,False,True
region_m8192_n3072_k1024,8192,3072,1024,387579904,True,True,False,True
region_m8192_n3072_k1536,8192,3072,1536,433192960,True,True,False,True
region_m8192_n3072_k2048,8192,3072,2048,503447552,True,True,False,True
region_m8192_n3072_k3072,8192,3072,3072,564264960,True,True,False,True
region_m8192_n3072_k4096,8192,3072,4096,673841152,True,True,False,True
region_m8192_n3072_k6144,8192,3072,6144,859963392,True,True,False,True
region_m8192_n3072_k8192,8192,3072,8192,1069678592,True,True,False,True
region_m8192_n3072_k12288,8192,3072,12288,1451360256,True,True,False,True
region_m8192_n3072_k16384,8192,3072,16384,1845624832,True,True,False,True
region_m8192_n3072_k24576,8192,3072,24576,2634153984,True,True,False,True
region_m8192_n3072_k32768,8192,3072,32768,3422683136,True,True,False,True
region_m8192_n3072_k49152,8192,3072,49152,4999741440,True,True,False,True
region_m8192_n3072_k65536,8192,3072,65536,6576799744,True,True,False,True
region_m8192_n3072_k98304,8192,3072,98304,9730916352,False,True,False,False
region_m8192_n3072_k131072,8192,3072,131072,12885032960,False,True,False,False
region_m8192_n4096_k256,8192,4096,256,435814400,True,True,False,True
region_m8192_n4096_k384,8192,4096,384,438960128,True,True,False,True
region_m8192_n4096_k512,8192,4096,512,442105856,True,True,False,True
region_m8192_n4096_k768,8192,4096,768,462553088,True,True,False,True
region_m8192_n4096_k1024,8192,4096,1024,473563136,True,True,False,True
region_m8192_n4096_k1536,8192,4096,1536,520749056,True,True,False,True
region_m8192_n4096_k2048,8192,4096,2048,597819392,True,True,False,True
region_m8192_n4096_k3072,8192,4096,3072,667025408,True,True,False,True
region_m8192_n4096_k4096,8192,4096,4096,794427392,True,True,False,True
region_m8192_n4096_k6144,8192,4096,6144,994181120,True,True,False,True
region_m8192_n4096_k8192,8192,4096,8192,1220673536,True,True,False,True
region_m8192_n4096_k12288,8192,4096,12288,1648492544,True,True,False,True
region_m8192_n4096_k16384,8192,4096,16384,2089680896,True,True,False,True
region_m8192_n4096_k24576,8192,4096,24576,2957115392,True,True,False,True
region_m8192_n4096_k32768,8192,4096,32768,3829530624,True,True,False,True
region_m8192_n4096_k49152,8192,4096,49152,5574361088,True,True,False,True
region_m8192_n4096_k65536,8192,4096,65536,7319191552,True,True,False,True
region_m8192_n4096_k98304,8192,4096,98304,10808852480,False,True,False,False
region_m8192_n4096_k131072,8192,4096,131072,14298513408,False,True,False,False
region_m8192_n6144_k256,8192,6144,256,564264960,True,True,False,True
region_m8192_n6144_k384,8192,6144,384,567934976,True,True,False,True
region_m8192_n6144_k512,8192,6144,512,571604992,True,True,False,True
region_m8192_n6144_k768,8192,6144,768,594673664,True,True,False,True
region_m8192_n6144_k1024,8192,6144,1024,603586560,True,True,False,True
region_m8192_n6144_k1536,8192,6144,1536,661782528,True,True,False,True
region_m8192_n6144_k2048,8192,6144,2048,750911488,True,True,False,True
region_m8192_n6144_k3072,8192,6144,3072,819593216,True,True,False,True
region_m8192_n6144_k4096,8192,6144,4096,965345280,True,True,False,True
region_m8192_n6144_k6144,8192,6144,6144,1186070528,True,True,False,True
region_m8192_n6144_k8192,8192,6144,8192,1468137472,True,True,False,True
region_m8192_n6144_k12288,8192,6144,12288,1919025152,True,True,False,True
region_m8192_n6144_k16384,8192,6144,16384,2422603776,True,True,False,True
region_m8192_n6144_k24576,8192,6144,24576,3384934400,True,True,False,True
region_m8192_n6144_k32768,8192,6144,32768,4374790144,True,True,False,True
region_m8192_n6144_k49152,8192,6144,49152,6316752896,True,True,False,True
region_m8192_n6144_k65536,8192,6144,65536,8286240768,True,True,False,True
region_m8192_n6144_k98304,8192,6144,98304,12180389888,False,False,False,False
region_m8192_n6144_k131072,8192,6144,131072,16096952320,False,False,False,False
region_m8192_n8192_k256,8192,8192,256,807534592,True,True,False,True
region_m8192_n8192_k384,8192,8192,384,811728896,True,True,False,True
region_m8192_n8192_k512,8192,8192,512,815923200,True,True,False,True
region_m8192_n8192_k768,8192,8192,768,843186176,True,True,False,True
region_m8192_n8192_k1024,8192,8192,1024,854720512,True,True,False,True
region_m8192_n8192_k1536,8192,8192,1536,920780800,True,True,False,True
region_m8192_n8192_k2048,8192,8192,2048,1023541248,True,True,False,True
region_m8192_n8192_k3072,8192,8192,3072,1113718784,True,True,False,True
region_m8192_n8192_k4096,8192,8192,4096,1276248064,True,True,False,True
region_m8192_n8192_k6144,8192,8192,6144,1547829248,True,True,False,True
region_m8192_n8192_k8192,8192,8192,8192,1854013440,True,True,True,False
region_m8192_n8192_k12288,8192,8192,12288,2416050176,True,True,False,True
region_m8192_n8192_k16384,8192,8192,16384,2995388416,True,True,False,True
region_m8192_n8192_k24576,8192,8192,24576,4152492032,True,True,False,True
region_m8192_n8192_k32768,8192,8192,32768,5310119936,True,True,False,True
region_m8192_n8192_k49152,8192,8192,49152,7625375744,True,True,False,True
region_m8192_n8192_k65536,8192,8192,65536,9940631552,False,True,False,False
region_m8192_n8192_k98304,8192,8192,98304,14571143168,False,False,False,False
region_m8192_n8192_k131072,8192,8192,131072,19201654784,False,False,False,False
region_m8192_n12288_k256,8192,12288,256,1064435712,True,True,False,True
region_m8192_n12288_k384,8192,12288,384,1069678592,True,True,False,True
region_m8192_n12288_k512,8192,12288,512,1074921472,True,True,False,True
region_m8192_n12288_k768,8192,12288,768,1107427328,True,True,False,True
region_m8192_n12288_k1024,8192,12288,1024,1119485952,True,True,False,True
region_m8192_n12288_k1536,8192,12288,1536,1202847744,True,True,False,True
region_m8192_n12288_k2048,8192,12288,2048,1329725440,True,True,False,True
region_m8192_n12288_k3072,8192,12288,3072,1423572992,True,True,False,True
region_m8192_n12288_k4096,8192,12288,4096,1632239616,True,True,False,True
region_m8192_n12288_k6144,8192,12288,6144,1941045248,True,True,False,True
region_m8192_n12288_k8192,8192,12288,8192,2348941312,True,True,False,True
region_m8192_n12288_k12288,8192,12288,12288,2975989760,True,True,False,True
region_m8192_n12288_k16384,8192,12288,16384,3687186432,True,True,False,True
region_m8192_n12288_k24576,8192,12288,24576,5045878784,True,True,False,True
region_m8192_n12288_k32768,8192,12288,32768,6450970624,True,True,False,True
region_m8192_n12288_k49152,8192,12288,49152,9185656832,False,False,False,False
region_m8192_n12288_k65536,8192,12288,65536,11966742528,False,False,False,False
region_m8192_n12288_k98304,8192,12288,98304,17465212928,False,False,False,False
region_m8192_n12288_k131072,8192,12288,131072,22995533824,False,False,False,False
region_m8192_n16384_k256,8192,16384,256,1436155904,True,True,False,True
region_m8192_n16384_k384,8192,16384,384,1442447360,True,True,False,True
region_m8192_n16384_k512,8192,16384,512,1448738816,True,True,False,True
region_m8192_n16384_k768,8192,16384,768,1488060416,True,True,False,True
region_m8192_n16384_k1024,8192,16384,1024,1505361920,True,True,False,True
region_m8192_n16384_k1536,8192,16384,1536,1602879488,True,True,False,True
region_m8192_n16384_k2048,8192,16384,2048,1755447296,True,True,False,True
region_m8192_n16384_k3072,8192,16384,3072,1874984960,True,True,False,True
region_m8192_n16384_k4096,8192,16384,4096,2128216064,True,True,False,True
region_m8192_n16384_k6144,8192,16384,6144,2504130560,True,True,False,True
region_m8192_n16384_k8192,8192,16384,8192,2982281216,True,True,False,True
region_m8192_n16384_k12288,8192,16384,12288,3762421760,True,True,False,True
region_m8192_n16384_k16384,8192,16384,16384,4619632640,True,True,False,True
region_m8192_n16384_k24576,8192,16384,24576,6279004160,True,True,False,True
region_m8192_n16384_k32768,8192,16384,32768,7956725760,True,True,False,True
region_m8192_n16384_k49152,8192,16384,49152,11312168960,False,False,False,False
region_m8192_n16384_k65536,8192,16384,65536,14667612160,False,False,False,False
region_m8192_n16384_k98304,8192,16384,98304,21378498560,False,False,False,False
region_m8192_n16384_k131072,8192,16384,131072,28089384960,False,False,False,False
region_m8192_n24576_k256,8192,24576,256,2064777216,True,True,False,True
region_m8192_n24576_k384,8192,24576,384,2073165824,True,True,False,True
region_m8192_n24576_k512,8192,24576,512,2081554432,True,True,False,True
region_m8192_n24576_k768,8192,24576,768,2132934656,True,True,False,True
region_m8192_n24576_k1024,8192,24576,1024,2151284736,True,True,False,True
region_m8192_n24576_k1536,8192,24576,1536,2284978176,True,True,False,True
region_m8192_n24576_k2048,8192,24576,2048,2487353344,True,True,False,True
region_m8192_n24576_k3072,8192,24576,3072,2631532544,True,True,False,True
region_m8192_n24576_k4096,8192,24576,4096,2966028288,True,True,False,True
region_m8192_n24576_k6144,8192,24576,6144,3450994688,True,True,False,True
region_m8192_n24576_k8192,8192,24576,8192,4110548992,True,True,False,True
region_m8192_n24576_k12288,8192,24576,12288,5089918976,True,True,False,True
region_m8192_n24576_k16384,8192,24576,16384,6225002496,True,True,False,True
region_m8192_n24576_k24576,8192,24576,24576,8367767552,True,False,False,False
region_m8192_n24576_k32768,8192,24576,32768,10603331584,False,False,False,False
region_m8192_n24576_k49152,8192,24576,49152,14923464704,False,False,False,False
region_m8192_n24576_k65536,8192,24576,65536,19327746048,False,False,False,False
region_m8192_n24576_k98304,8192,24576,98304,28034859008,False,False,False,False
region_m8192_n24576_k131072,8192,24576,131072,36792696832,False,False,False,False
region_m8192_n32768_k256,8192,32768,256,2808217600,True,True,False,True
region_m8192_n32768_k384,8192,32768,384,2818703360,True,True,False,True
region_m8192_n32768_k512,8192,32768,512,2829189120,True,True,False,True
region_m8192_n32768_k768,8192,32768,768,2894200832,True,True,False,True
region_m8192_n32768_k1024,8192,32768,1024,2918318080,True,True,False,True
region_m8192_n32768_k1536,8192,32768,1536,3085041664,True,True,False,True
region_m8192_n32768_k2048,8192,32768,2048,3338797056,True,True,False,True
region_m8192_n32768_k3072,8192,32768,3072,3529637888,True,True,False,True
region_m8192_n32768_k4096,8192,32768,4096,3943825408,True,True,False,True
region_m8192_n32768_k6144,8192,32768,6144,4567728128,True,True,False,True
region_m8192_n32768_k8192,8192,32768,8192,5377228800,True,True,False,True
region_m8192_n32768_k12288,8192,32768,12288,6643908608,True,True,False,True
region_m8192_n32768_k16384,8192,32768,16384,8053719040,True,True,False,True
region_m8192_n32768_k24576,8192,32768,24576,10796269568,False,False,False,False
region_m8192_n32768_k32768,8192,32768,32768,13581287424,False,False,False,False
region_m8192_n32768_k49152,8192,32768,49152,19100991488,False,False,False,False
region_m8192_n32768_k65536,8192,32768,65536,24637472768,False,False,False,False
region_m8192_n32768_k98304,8192,32768,98304,35710435328,False,False,False,False
region_m8192_n32768_k131072,8192,32768,131072,46783397888,False,False,False,False
region_m8192_n49152_k256,8192,49152,256,4065460224,True,True,False,True
region_m8192_n49152_k384,8192,49152,384,4080140288,True,True,False,True
region_m8192_n49152_k512,8192,49152,512,4094820352,True,True,False,True
region_m8192_n49152_k768,8192,49152,768,4183949312,True,True,False,True
region_m8192_n49152_k1024,8192,49152,1024,4214882304,True,True,False,True
region_m8192_n49152_k1536,8192,49152,1536,4449239040,True,True,False,True
region_m8192_n49152_k2048,8192,49152,2048,4802609152,True,True,False,True
region_m8192_n49152_k3072,8192,49152,3072,5047451648,True,True,False,True
region_m8192_n49152_k4096,8192,49152,4096,5633605632,True,True,False,True
region_m8192_n49152_k6144,8192,49152,6144,6470893568,True,True,False,True
region_m8192_n49152_k8192,8192,49152,8192,7633764352,True,True,False,True
region_m8192_n49152_k12288,8192,49152,12288,9317777408,False,False,False,False
region_m8192_n49152_k16384,8192,49152,16384,11308498944,False,False,False,False
region_m8192_n49152_k24576,8192,49152,24576,15011545088,False,False,False,False
region_m8192_n49152_k32768,8192,49152,32768,18958385152,False,False,False,False
region_m8192_n49152_k49152,8192,49152,49152,26399080448,False,False,False,False
region_m8192_n49152_k65536,8192,49152,65536,34049753088,False,False,False,False
region_m8192_n49152_k98304,8192,49152,98304,49174151168,False,False,False,False
region_m8192_n49152_k131072,8192,49152,131072,64407863296,False,False,False,False
region_m8192_n65536_k256,8192,65536,256,5437521920,True,True,False,True
region_m8192_n65536_k384,8192,65536,384,5456396288,True,True,False,True
region_m8192_n65536_k512,8192,65536,512,5475270656,True,True,False,True
region_m8192_n65536_k768,8192,65536,768,5590089728,True,True,False,True
region_m8192_n65536_k1024,8192,65536,1024,5632557056,True,True,False,True
region_m8192_n65536_k1536,8192,65536,1536,5931401216,True,True,False,True
region_m8192_n65536_k2048,8192,65536,2048,6385958912,True,True,False,True
region_m8192_n65536_k3072,8192,65536,3072,6706823168,True,True,False,True
region_m8192_n65536_k4096,8192,65536,4096,7463370752,True,True,False,True
region_m8192_n65536_k6144,8192,65536,6144,8543928320,True,True,False,True
region_m8192_n65536_k8192,8192,65536,8192,10028711936,False,True,False,False
region_m8192_n65536_k12288,8192,65536,12288,12218138624,False,False,False,False
region_m8192_n65536_k16384,8192,65536,16384,14786625536,False,False,False,False
region_m8192_n65536_k24576,8192,65536,24576,19566559232,False,False,False,False
region_m8192_n65536_k32768,8192,65536,32768,24599724032,False,False,False,False
region_m8192_n65536_k49152,8192,65536,49152,34263400448,False,False,False,False
region_m8192_n65536_k65536,8192,65536,65536,44104024064,False,False,False,False
region_m8192_n65536_k98304,8192,65536,98304,63657082880,False,False,False,False
region_m8192_n65536_k131072,8192,65536,131072,83252871168,False,False,False,False
region_m8192_n98304_k256,8192,98304,256,8066826240,True,True,False,True
region_m8192_n98304_k384,8192,98304,384,8094089216,True,True,False,True
region_m8192_n98304_k512,8192,98304,512,8121352192,True,True,False,True
region_m8192_n98304_k768,8192,98304,768,8285978624,True,True,False,True
region_m8192_n98304_k1024,8192,98304,1024,8342077440,True,True,False,True
region_m8192_n98304_k1536,8192,98304,1536,8777760768,False,True,False,False
region_m8192_n98304_k2048,8192,98304,2048,9433120768,False,True,False,False
region_m8192_n98304_k3072,8192,98304,3072,9879289856,False,True,False,False
region_m8192_n98304_k4096,8192,98304,4096,10968760320,False,True,False,False
region_m8192_n98304_k6144,8192,98304,6144,12510691328,False,False,False,False
region_m8192_n98304_k8192,8192,98304,8192,14680195072,False,False,False,False
region_m8192_n98304_k12288,8192,98304,12288,17773494272,False,False,False,False
region_m8192_n98304_k16384,8192,98304,16384,21475491840,False,False,False,False
region_m8192_n98304_k24576,8192,98304,24576,28299100160,False,False,False,False
region_m8192_n98304_k32768,8192,98304,32768,35668492288,False,False,False,False
region_m8192_n98304_k49152,8192,98304,49152,49350311936,False,False,False,False
region_m8192_n98304_k65536,8192,98304,65536,63502417920,False,False,False,False
region_m8192_n98304_k98304,8192,98304,98304,91452735488,False,False,False,False
region_m8192_n98304_k131072,8192,98304,131072,119672012800,False,False,False,False
region_m8192_n131072_k256,8192,131072,256,10810949632,False,True,False,False
region_m8192_n131072_k384,8192,131072,384,10846601216,False,True,False,False
region_m8192_n131072_k512,8192,131072,512,10882252800,False,True,False,False
region_m8192_n131072_k768,8192,131072,768,11098259456,False,True,False,False
region_m8192_n131072_k1024,8192,131072,1024,11172708352,False,True,False,False
region_m8192_n131072_k1536,8192,131072,1536,11742085120,False,True,False,False
region_m8192_n131072_k2048,8192,131072,2048,12599820288,False,True,False,False
region_m8192_n131072_k3072,8192,131072,3072,13193314304,False,True,False,False
region_m8192_n131072_k4096,8192,131072,4096,14614134784,False,True,False,False
region_m8192_n131072_k6144,8192,131072,6144,16647323648,False,False,False,False
region_m8192_n131072_k8192,8192,131072,8192,19470090240,False,False,False,False
region_m8192_n131072_k12288,8192,131072,12288,23555342336,False,False,False,False
region_m8192_n131072_k16384,8192,131072,16384,28379840512,False,False,False,False
region_m8192_n131072_k24576,8192,131072,24576,37371379712,False,False,False,False
region_m8192_n131072_k32768,8192,131072,32768,46951170048,False,False,False,False
region_m8192_n131072_k49152,8192,131072,49152,65003454464,False,False,False,False
region_m8192_n131072_k65536,8192,131072,65536,83500859392,False,False,False,False
region_m8192_n131072_k98304,8192,131072,98304,120267603968,False,False,False,False
region_m8192_n131072_k131072,8192,131072,131072,157127147520,False,False,False,False
region_m12288_n256_k256,12288,256,256,304349184,True,True,False,True
region_m12288_n256_k384,12288,256,384,307560448,True,True,False,True
region_m12288_n256_k512,12288,256,512,310771712,True,True,False,True
region_m12288_n256_k768,12288,256,768,331874304,True,True,False,True
region_m12288_n256_k1024,12288,256,1024,338296832,True,True,False,True
region_m12288_n256_k1536,12288,256,1536,393084928,True,True,False,True
region_m12288_n256_k2048,12288,256,2048,475136000,True,True,False,True
region_m12288_n256_k3072,12288,256,3072,539623424,True,True,False,True
region_m12288_n256_k4096,12288,256,4096,667025408,True,True,False,True
region_m12288_n256_k6144,12288,256,6144,877789184,True,True,False,True
region_m12288_n256_k8192,12288,256,8192,1132593152,True,True,False,True
region_m12288_n256_k12288,12288,256,12288,1554120704,True,True,False,True
region_m12288_n256_k16384,12288,256,16384,2005008384,True,True,False,True
region_m12288_n256_k24576,12288,256,24576,2906783744,True,True,False,True
region_m12288_n256_k32768,12288,256,32768,3808559104,True,True,False,True
region_m12288_n256_k49152,12288,256,49152,5612109824,True,True,False,True
region_m12288_n256_k65536,12288,256,65536,7415660544,True,True,False,True
region_m12288_n256_k98304,12288,256,98304,11022761984,False,True,False,False
region_m12288_n256_k131072,12288,256,131072,14629863424,False,True,False,False
region_m12288_n384_k256,12288,384,256,304414720,True,True,False,True
region_m12288_n384_k384,12288,384,384,307658752,True,True,False,True
region_m12288_n384_k512,12288,384,512,310902784,True,True,False,True
region_m12288_n384_k768,12288,384,768,332070912,True,True,False,True
region_m12288_n384_k1024,12288,384,1024,338558976,True,True,False,True
region_m12288_n384_k1536,12288,384,1536,393478144,True,True,False,True
region_m12288_n384_k2048,12288,384,2048,475660288,True,True,False,True
region_m12288_n384_k3072,12288,384,3072,540409856,True,True,False,True
region_m12288_n384_k4096,12288,384,4096,668073984,True,True,False,True
region_m12288_n384_k6144,12288,384,6144,879362048,True,True,False,True
region_m12288_n384_k8192,12288,384,8192,1134690304,True,True,False,True
region_m12288_n384_k12288,12288,384,12288,1557266432,True,True,False,True
region_m12288_n384_k16384,12288,384,16384,2009202688,True,True,False,True
region_m12288_n384_k24576,12288,384,24576,2913075200,True,True,False,True
region_m12288_n384_k32768,12288,384,32768,3816947712,True,True,False,True
region_m12288_n384_k49152,12288,384,49152,5624692736,True,True,False,True
region_m12288_n384_k65536,12288,384,65536,7432437760,True,True,False,True
region_m12288_n384_k98304,12288,384,98304,11047927808,False,True,False,False
region_m12288_n384_k131072,12288,384,131072,14663417856,False,True,False,False
region_m12288_n512_k256,12288,512,256,304480256,True,True,False,True
region_m12288_n512_k384,12288,512,384,307757056,True,True,False,True
region_m12288_n512_k512,12288,512,512,311033856,True,True,False,True
region_m12288_n512_k768,12288,512,768,332267520,True,True,False,True
region_m12288_n512_k1024,12288,512,1024,338821120,True,True,False,True
region_m12288_n512_k1536,12288,512,1536,393871360,True,True,False,True
region_m12288_n512_k2048,12288,512,2048,476184576,True,True,False,True
region_m12288_n512_k3072,12288,512,3072,541196288,True,True,False,True
region_m12288_n512_k4096,12288,512,4096,669122560,True,True,False,True
region_m12288_n512_k6144,12288,512,6144,880934912,True,True,False,True
region_m12288_n512_k8192,12288,512,8192,1136787456,True,True,False,True
region_m12288_n512_k12288,12288,512,12288,1560412160,True,True,False,True
region_m12288_n512_k16384,12288,512,16384,2013396992,True,True,False,True
region_m12288_n512_k24576,12288,512,24576,2919366656,True,True,False,True
region_m12288_n512_k32768,12288,512,32768,3825336320,True,True,False,True
region_m12288_n512_k49152,12288,512,49152,5637275648,True,True,False,True
region_m12288_n512_k65536,12288,512,65536,7449214976,True,True,False,True
region_m12288_n512_k98304,12288,512,98304,11073093632,False,True,False,False
region_m12288_n512_k131072,12288,512,131072,14696972288,False,True,False,False
region_m12288_n768_k256,12288,768,256,304611328,True,True,False,True
region_m12288_n768_k384,12288,768,384,307953664,True,True,False,True
region_m12288_n768_k512,12288,768,512,311296000,True,True,False,True
region_m12288_n768_k768,12288,768,768,332660736,True,True,False,True
region_m12288_n768_k1024,12288,768,1024,339345408,True,True,False,True
region_m12288_n768_k1536,12288,768,1536,394657792,True,True,False,True
region_m12288_n768_k2048,12288,768,2048,477233152,True,True,False,True
region_m12288_n768_k3072,12288,768,3072,542769152,True,True,True,False
region_m12288_n768_k4096,12288,768,4096,671219712,True,True,False,True
region_m12288_n768_k6144,12288,768,6144,884080640,True,True,False,True
region_m12288_n768_k8192,12288,768,8192,1140981760,True,True,False,True
region_m12288_n768_k12288,12288,768,12288,1566703616,True,True,False,True
region_m12288_n768_k16384,12288,768,16384,2021785600,True,True,False,True
region_m12288_n768_k24576,12288,768,24576,2931949568,True,True,False,True
region_m12288_n768_k32768,12288,768,32768,3842113536,True,True,False,True
region_m12288_n768_k49152,12288,768,49152,5662441472,True,True,False,True
region_m12288_n768_k65536,12288,768,65536,7482769408,True,True,False,True
region_m12288_n768_k98304,12288,768,98304,11123425280,False,True,False,False
region_m12288_n768_k131072,12288,768,131072,14764081152,False,True,False,False
region_m12288_n1024_k256,12288,1024,256,304742400,True,True,False,True
region_m12288_n1024_k384,12288,1024,384,308150272,True,True,False,True
region_m12288_n1024_k512,12288,1024,512,311558144,True,True,False,True
region_m12288_n1024_k768,12288,1024,768,333053952,True,True,False,True
region_m12288_n1024_k1024,12288,1024,1024,343015424,True,True,False,True
region_m12288_n1024_k1536,12288,1024,1536,395444224,True,True,False,True
region_m12288_n1024_k2048,12288,1024,2048,478281728,True,True,False,True
region_m12288_n1024_k3072,12288,1024,3072,544342016,True,True,False,True
region_m12288_n1024_k4096,12288,1024,4096,682754048,True,True,False,True
region_m12288_n1024_k6144,12288,1024,6144,887226368,True,True,False,True
region_m12288_n1024_k8192,12288,1024,8192,1145176064,True,True,False,True
region_m12288_n1024_k12288,12288,1024,12288,1572995072,True,True,False,True
region_m12288_n1024_k16384,12288,1024,16384,2044329984,True,True,False,True
region_m12288_n1024_k24576,12288,1024,24576,2944532480,True,True,False,True
region_m12288_n1024_k32768,12288,1024,32768,3865968640,True,True,False,True
region_m12288_n1024_k49152,12288,1024,49152,5687607296,True,True,False,True
region_m12288_n1024_k65536,12288,1024,65536,7530479616,True,True,False,True
region_m12288_n1024_k98304,12288,1024,98304,11173756928,False,True,False,False
region_m12288_n1024_k131072,12288,1024,131072,14838267904,False,True,False,False
region_m12288_n1536_k256,12288,1536,256,325976064,True,True,False,True
region_m12288_n1536_k384,12288,1536,384,329515008,True,True,False,True
region_m12288_n1536_k512,12288,1536,512,333053952,True,True,False,True
region_m12288_n1536_k768,12288,1536,768,340131840,True,True,False,True
region_m12288_n1536_k1024,12288,1536,1024,360316928,True,True,False,True
region_m12288_n1536_k1536,12288,1536,1536,417988608,True,True,False,True
region_m12288_n1536_k2048,12288,1536,2048,497942528,True,True,False,True
region_m12288_n1536_k3072,12288,1536,3072,462553088,True,True,False,True
region_m12288_n1536_k4096,12288,1536,4096,706347008,True,True,False,True
region_m12288_n1536_k6144,12288,1536,6144,723648512,True,True,False,True
region_m12288_n1536_k8192,12288,1536,8192,1191313408,True,True,False,True
region_m12288_n1536_k12288,12288,1536,12288,1245839360,True,True,False,True
region_m12288_n1536_k16384,12288,1536,16384,2093088768,True,True,False,True
region_m12288_n1536_k24576,12288,1536,24576,2290221056,True,True,False,True
region_m12288_n1536_k32768,12288,1536,32768,3984719872,True,True,False,True
region_m12288_n1536_k49152,12288,1536,49152,4378984448,True,True,False,True
region_m12288_n1536_k65536,12288,1536,65536,7679901696,True,True,False,True
region_m12288_n1536_k98304,12288,1536,98304,8556511232,True,True,False,True
region_m12288_n1536_k131072,12288,1536,131072,15158345728,False,True,False,False
region_m12288_n2048_k256,12288,2048,256,413270016,True,True,False,True
region_m12288_n2048_k384,12288,2048,384,416940032,True,True,False,True
region_m12288_n2048_k512,12288,2048,512,420610048,True,True,False,True
region_m12288_n2048_k768,12288,2048,768,443678720,True,True,False,True
region_m12288_n2048_k1024,12288,2048,1024,452591616,True,True,False,True
region_m12288_n2048_k1536,12288,2048,1536,510787584,True,True,False,True
region_m12288_n2048_k2048,12288,2048,2048,599916544,True,True,False,True
region_m12288_n2048_k3072,12288,2048,3072,668598272,True,True,False,True
region_m12288_n2048_k4096,12288,2048,4096,814350336,True,True,False,True
region_m12288_n2048_k6144,12288,2048,6144,1035075584,True,True,False,True
region_m12288_n2048_k8192,12288,2048,8192,1317142528,True,True,False,True
region_m12288_n2048_k12288,12288,2048,12288,1768030208,True,True,False,True
region_m12288_n2048_k16384,12288,2048,16384,2271608832,True,True,False,True
region_m12288_n2048_k24576,12288,2048,24576,3233939456,True,True,False,True
region_m12288_n2048_k32768,12288,2048,32768,4223795200,True,True,False,True
region_m12288_n2048_k49152,12288,2048,49152,6165757952,True,True,False,True
region_m12288_n2048_k65536,12288,2048,65536,8135245824,True,True,False,True
region_m12288_n2048_k98304,12288,2048,98304,12029394944,False,True,False,False
region_m12288_n2048_k131072,12288,2048,131072,15945957376,False,True,False,False
region_m12288_n3072_k256,12288,3072,256,521797632,True,True,False,True
region_m12288_n3072_k384,12288,3072,384,525729792,True,True,False,True
region_m12288_n3072_k512,12288,3072,512,529661952,True,True,False,True
region_m12288_n3072_k768,12288,3072,768,554303488,True,True,True,False
region_m12288_n3072_k1024,12288,3072,1024,562167808,True,True,False,True
region_m12288_n3072_k1536,12288,3072,1536,626130944,True,True,False,True
region_m12288_n3072_k2048,12288,3072,2048,721551360,True,True,False,True
region_m12288_n3072_k3072,12288,3072,3072,698482688,True,True,False,True
region_m12288_n3072_k4096,12288,3072,4096,945946624,True,True,False,True
region_m12288_n3072_k6144,12288,3072,6144,994181120,True,True,False,True
region_m12288_n3072_k8192,12288,3072,8192,1489108992,True,True,False,True
region_m12288_n3072_k12288,12288,3072,12288,1585577984,True,True,False,True
region_m12288_n3072_k16384,12288,3072,16384,2498887680,True,True,False,True
region_m12288_n3072_k24576,12288,3072,24576,2768371712,True,True,False,True
region_m12288_n3072_k32768,12288,3072,32768,4594991104,True,True,False,True
region_m12288_n3072_k49152,12288,3072,49152,5133959168,True,True,False,True
region_m12288_n3072_k65536,12288,3072,65536,8740012032,False,True,False,False
region_m12288_n3072_k98304,12288,3072,98304,9865134080,False,True,False,False
region_m12288_n3072_k131072,12288,3072,131072,17077239808,False,False,False,False
region_m12288_n4096_k256,12288,4096,256,588120064,True,True,False,True
region_m12288_n4096_k384,12288,4096,384,592314368,True,True,False,True
region_m12288_n4096_k512,12288,4096,512,596508672,True,True,False,True
region_m12288_n4096_k768,12288,4096,768,613548032,True,True,False,True
region_m12288_n4096_k1024,12288,4096,1024,640811008,True,True,False,True
region_m12288_n4096_k1536,12288,4096,1536,689569792,True,True,False,True
region_m12288_n4096_k2048,12288,4096,2048,799408128,True,True,False,True
region_m12288_n4096_k3072,12288,4096,3072,862846976,True,True,False,True
region_m12288_n4096_k4096,12288,4096,4096,1049755648,True,True,False,True
region_m12288_n4096_k6144,12288,4096,6144,1272578048,True,True,False,True
region_m12288_n4096_k8192,12288,4096,8192,1611005952,True,True,False,True
region_m12288_n4096_k12288,12288,4096,12288,2092040192,True,True,False,True
region_m12288_n4096_k16384,12288,4096,16384,2685534208,True,True,False,True
region_m12288_n4096_k24576,12288,4096,24576,3730964480,True,True,False,True
region_m12288_n4096_k32768,12288,4096,32768,4866048000,True,True,False,True
region_m12288_n4096_k49152,12288,4096,49152,7008813056,True,True,False,True
region_m12288_n4096_k65536,12288,4096,65536,9278980096,False,True,False,False
region_m12288_n4096_k98304,12288,4096,98304,13564510208,False,False,False,False
region_m12288_n4096_k131072,12288,4096,131072,18052939776,False,False,False,False
region_m12288_n6144_k256,12288,6144,256,764542976,True,True,False,True
region_m12288_n6144_k384,12288,6144,384,769261568,True,True,False,True
region_m12288_n6144_k512,12288,6144,512,773980160,True,True,False,True
region_m12288_n6144_k768,12288,6144,768,783417344,True,True,False,True
region_m12288_n6144_k1024,12288,6144,1024,797573120,True,True,False,True
region_m12288_n6144_k1536,12288,6144,1536,811728896,True,True,False,True
region_m12288_n6144_k2048,12288,6144,2048,991035392,True,True,False,True
region_m12288_n6144_k3072,12288,6144,3072,830603264,True,True,False,True
region_m12288_n6144_k4096,12288,6144,4096,1250557952,True,True,False,True
region_m12288_n6144_k6144,12288,6144,6144,1057095680,True,True,False,True
region_m12288_n6144_k8192,12288,6144,8192,1897005056,True,True,False,True
region_m12288_n6144_k12288,12288,6144,12288,1510080512,True,True,False,True
region_m12288_n6144_k16384,12288,6144,16384,3062497280,True,True,False,True
region_m12288_n6144_k24576,12288,6144,24576,2416050176,True,True,False,True
region_m12288_n6144_k32768,12288,6144,32768,5520883712,True,True,False,True
region_m12288_n6144_k49152,12288,6144,49152,4227989504,True,True,False,True
region_m12288_n6144_k65536,12288,6144,65536,10310254592,False,False,False,False
region_m12288_n6144_k98304,12288,6144,98304,7851868160,True,False,False,False
region_m12288_n6144_k131072,12288,6144,131072,20016398336,False,False,False,False
region_m12288_n8192_k256,12288,8192,256,1064435712,True,True,False,True
region_m12288_n8192_k384,12288,8192,384,1069678592,True,True,False,True
region_m12288_n8192_k512,12288,8192,512,1074921472,True,True,False,True
region_m12288_n8192_k768,12288,8192,768,1107427328,True,True,False,True
region_m12288_n8192_k1024,12288,8192,1024,1119485952,True,True,False,True
region_m12288_n8192_k1536,12288,8192,1536,1202847744,True,True,False,True
region_m12288_n8192_k2048,12288,8192,2048,1329725440,True,True,False,True
region_m12288_n8192_k3072,12288,8192,3072,1423572992,True,True,False,True
region_m12288_n8192_k4096,12288,8192,4096,1632239616,True,True,False,True
region_m12288_n8192_k6144,12288,8192,6144,1941045248,True,True,False,True
region_m12288_n8192_k8192,12288,8192,8192,2348941312,True,True,False,True
region_m12288_n8192_k12288,12288,8192,12288,2975989760,True,True,False,True
region_m12288_n8192_k16384,12288,8192,16384,3687186432,True,True,False,True
region_m12288_n8192_k24576,12288,8192,24576,5045878784,True,True,False,True
region_m12288_n8192_k32768,12288,8192,32768,6450970624,True,True,False,True
region_m12288_n8192_k49152,12288,8192,49152,9185656832,False,False,False,False
region_m12288_n8192_k65536,12288,8192,65536,11966742528,False,False,False,False
region_m12288_n8192_k98304,12288,8192,98304,17465212928,False,False,False,False
region_m12288_n8192_k131072,12288,8192,131072,22995533824,False,False,False,False
region_m12288_n12288_k256,12288,12288,256,1422000128,True,True,False,True
region_m12288_n12288_k384,12288,12288,384,1428291584,True,True,False,True
region_m12288_n12288_k512,12288,12288,512,1434583040,True,True,False,True
region_m12288_n12288_k768,12288,12288,768,1447165952,True,True,False,True
region_m12288_n12288_k1024,12288,12288,1024,1466040320,True,True,False,True
region_m12288_n12288_k1536,12288,12288,1536,1484914688,True,True,False,True
region_m12288_n12288_k2048,12288,12288,2048,1723990016,True,True,False,True
region_m12288_n12288_k3072,12288,12288,3072,1510080512,True,True,False,True
region_m12288_n12288_k4096,12288,12288,4096,2070020096,True,True,False,True
region_m12288_n12288_k6144,12288,12288,6144,1812070400,True,True,False,True
region_m12288_n12288_k8192,12288,12288,8192,2931949568,True,True,False,True
region_m12288_n12288_k12288,12288,12288,12288,2416050176,True,True,True,False
region_m12288_n12288_k16384,12288,12288,16384,4485939200,True,True,False,True
region_m12288_n12288_k24576,12288,12288,24576,3624009728,True,True,False,True
region_m12288_n12288_k32768,12288,12288,32768,7763787776,True,False,False,False
region_m12288_n12288_k49152,12288,12288,49152,6039928832,True,False,False,False
region_m12288_n12288_k65536,12288,12288,65536,14149615616,False,False,False,False
region_m12288_n12288_k98304,12288,12288,98304,10871767040,False,False,False,False
region_m12288_n12288_k131072,12288,12288,131072,27091140608,False,False,False,False
region_m12288_n16384_k256,12288,16384,256,1896742912,True,True,False,True
region_m12288_n16384_k384,12288,16384,384,1904082944,True,True,False,True
region_m12288_n16384_k512,12288,16384,512,1911422976,True,True,False,True
region_m12288_n16384_k768,12288,16384,768,1941045248,True,True,False,True
region_m12288_n16384_k1024,12288,16384,1024,1987182592,True,True,False,True
region_m12288_n16384_k1536,12288,16384,1536,2073690112,True,True,False,True
region_m12288_n16384_k2048,12288,16384,2048,2265317376,True,True,False,True
region_m12288_n16384_k3072,12288,16384,3072,2372796416,True,True,False,True
region_m12288_n16384_k4096,12288,16384,4096,2698117120,True,True,False,True
region_m12288_n16384_k6144,12288,16384,6144,3084517376,True,True,False,True
region_m12288_n16384_k8192,12288,16384,8192,3680894976,True,True,False,True
region_m12288_n16384_k12288,12288,16384,12288,4507959296,True,True,False,True
region_m12288_n16384_k16384,12288,16384,16384,5541855232,True,True,False,True
region_m12288_n16384_k24576,12288,16384,24576,7354843136,True,False,False,False
region_m12288_n16384_k32768,12288,16384,32768,9343205376,False,False,False,False
region_m12288_n16384_k49152,12288,16384,49152,13048610816,False,False,False,False
region_m12288_n16384_k65536,12288,16384,65536,16954556416,False,False,False,False
region_m12288_n16384_k98304,12288,16384,98304,24436146176,False,False,False,False
region_m12288_n16384_k131072,12288,16384,131072,32158384128,False,False,False,False
region_m12288_n24576_k256,12288,24576,256,2736914432,True,True,False,True
region_m12288_n24576_k384,12288,24576,384,2746351616,True,True,False,True
region_m12288_n24576_k512,12288,24576,512,2755788800,True,True,False,True
region_m12288_n24576_k768,12288,24576,768,2774663168,True,True,False,True
region_m12288_n24576_k1024,12288,24576,1024,2802974720,True,True,False,True
region_m12288_n24576_k1536,12288,24576,1536,2831286272,True,True,False,True
region_m12288_n24576_k2048,12288,24576,2048,3189899264,True,True,False,True
region_m12288_n24576_k3072,12288,24576,3072,2869035008,True,True,False,True
region_m12288_n24576_k4096,12288,24576,4096,3708944384,True,True,False,True
region_m12288_n24576_k6144,12288,24576,6144,3322019840,True,True,False,True
region_m12288_n24576_k8192,12288,24576,8192,5001838592,True,True,False,True
region_m12288_n24576_k12288,12288,24576,12288,4227989504,True,True,False,True
region_m12288_n24576_k16384,12288,24576,16384,7332823040,True,False,False,False
region_m12288_n24576_k24576,12288,24576,24576,6039928832,True,False,False,False
region_m12288_n24576_k32768,12288,24576,32768,12249595904,False,False,False,False
region_m12288_n24576_k49152,12288,24576,49152,9663807488,False,False,False,False
region_m12288_n24576_k65536,12288,24576,65536,21828337664,False,False,False,False
region_m12288_n24576_k98304,12288,24576,98304,16911564800,False,False,False,False
region_m12288_n24576_k131072,12288,24576,131072,41240625152,False,False,False,False
region_m12288_n32768_k256,12288,32768,256,3669098496,True,True,False,True
region_m12288_n32768_k384,12288,32768,384,3680632832,True,True,False,True
region_m12288_n32768_k512,12288,32768,512,3692167168,True,True,False,True
region_m12288_n32768_k768,12288,32768,768,3762421760,True,True,False,True
region_m12288_n32768_k1024,12288,32768,1024,3787063296,True,True,False,True
region_m12288_n32768_k1536,12288,32768,1536,3971088384,True,True,False,True
region_m12288_n32768_k2048,12288,32768,2048,4248961024,True,True,False,True
region_m12288_n32768_k3072,12288,32768,3072,4443471872,True,True,False,True
region_m12288_n32768_k4096,12288,32768,4096,4903796736,True,True,False,True
region_m12288_n32768_k6144,12288,32768,6144,5564923904,True,True,False,True
region_m12288_n32768_k8192,12288,32768,8192,6476136448,True,True,False,True
region_m12288_n32768_k12288,12288,32768,12288,7807827968,True,False,False,False
region_m12288_n32768_k16384,12288,32768,16384,9370730496,False,False,False,False
region_m12288_n32768_k24576,12288,32768,24576,12293636096,False,False,False,False
region_m12288_n32768_k32768,12288,32768,32768,15384838144,False,False,False,False
region_m12288_n32768_k49152,12288,32768,49152,21265252352,False,False,False,False
region_m12288_n32768_k65536,12288,32768,65536,27292729344,False,False,False,False
region_m12288_n32768_k98304,12288,32768,98304,39208484864,False,False,False,False
region_m12288_n32768_k131072,12288,32768,131072,51195805696,False,False,False,False
region_m12288_n49152_k256,12288,49152,256,5366743040,True,True,False,True
region_m12288_n49152_k384,12288,49152,384,5382471680,True,True,False,True
region_m12288_n49152_k512,12288,49152,512,5398200320,True,True,False,True
region_m12288_n49152_k768,12288,49152,768,5429657600,True,True,False,True
region_m12288_n49152_k1024,12288,49152,1024,5476843520,True,True,False,True
region_m12288_n49152_k1536,12288,49152,1536,5524029440,True,True,False,True
region_m12288_n49152_k2048,12288,49152,2048,6121717760,True,True,False,True
region_m12288_n49152_k3072,12288,49152,3072,5586944000,True,True,False,True
region_m12288_n49152_k4096,12288,49152,4096,6986792960,True,True,False,True
region_m12288_n49152_k6144,12288,49152,6144,6341918720,True,True,False,True
region_m12288_n49152_k8192,12288,49152,8192,9141616640,False,False,False,False
region_m12288_n49152_k12288,12288,49152,12288,7851868160,True,False,False,False
region_m12288_n49152_k16384,12288,49152,16384,13026590720,False,False,False,False
region_m12288_n49152_k24576,12288,49152,24576,10871767040,False,False,False,False
region_m12288_n49152_k32768,12288,49152,32768,21221212160,False,False,False,False
region_m12288_n49152_k49152,12288,49152,49152,16911564800,False,False,False,False
region_m12288_n49152_k65536,12288,49152,65536,37185781760,False,False,False,False
region_m12288_n49152_k98304,12288,49152,98304,28991160320,False,False,False,False
region_m12288_n49152_k131072,12288,49152,131072,69539594240,False,False,False,False
region_m12288_n65536_k256,12288,65536,256,7131234304,True,True,False,True
region_m12288_n65536_k384,12288,65536,384,7151157248,True,True,False,True
region_m12288_n65536_k512,12288,65536,512,7171080192,True,True,False,True
region_m12288_n65536_k768,12288,65536,768,7251034112,True,True,False,True
region_m12288_n65536_k1024,12288,65536,1024,7372668928,True,True,False,True
region_m12288_n65536_k1536,12288,65536,1536,7610171392,True,True,False,True
region_m12288_n65536_k2048,12288,65536,2048,8128954368,True,True,False,True
region_m12288_n65536_k3072,12288,65536,3072,8412594176,True,True,False,True
region_m12288_n65536_k4096,12288,65536,4096,9291563008,False,True,False,False
region_m12288_n65536_k6144,12288,65536,6144,10332274688,False,False,False,False
region_m12288_n65536_k8192,12288,65536,8192,11960451072,False,False,False,False
region_m12288_n65536_k12288,12288,65536,12288,14171635712,False,False,False,False
region_m12288_n65536_k16384,12288,65536,16384,16967139328,False,False,False,False
region_m12288_n65536_k24576,12288,65536,24576,21850357760,False,False,False,False
region_m12288_n65536_k32768,12288,65536,32768,27286437888,False,False,False,False
region_m12288_n65536_k49152,12288,65536,49152,37207801856,False,False,False,False
region_m12288_n65536_k65536,12288,65536,65536,47669444608,False,False,False,False
region_m12288_n65536_k98304,12288,65536,98304,67922690048,False,False,False,False
region_m12288_n65536_k131072,12288,65536,131072,88605327360,False,False,False,False
region_m12288_n98304_k256,12288,98304,256,10626400256,False,True,False,False
region_m12288_n98304_k384,12288,98304,384,10654711808,False,True,False,False
region_m12288_n98304_k512,12288,98304,512,10683023360,False,True,False,False
region_m12288_n98304_k768,12288,98304,768,10739646464,False,True,False,False
region_m12288_n98304_k1024,12288,98304,1024,10824581120,False,True,False,False
region_m12288_n98304_k1536,12288,98304,1536,10909515776,False,True,False,False
region_m12288_n98304_k2048,12288,98304,2048,11985354752,False,True,False,False
region_m12288_n98304_k3072,12288,98304,3072,11022761984,False,True,False,False
region_m12288_n98304_k4096,12288,98304,4096,13542490112,False,False,False,False
region_m12288_n98304_k6144,12288,98304,6144,12381716480,False,False,False,False
region_m12288_n98304_k8192,12288,98304,8192,17421172736,False,False,False,False
region_m12288_n98304_k12288,12288,98304,12288,15099625472,False,False,False,False
region_m12288_n98304_k16384,12288,98304,16384,24414126080,False,False,False,False
region_m12288_n98304_k24576,12288,98304,24576,20535443456,False,False,False,False
region_m12288_n98304_k32768,12288,98304,32768,39164444672,False,False,False,False
region_m12288_n98304_k49152,12288,98304,49152,31407079424,False,False,False,False
region_m12288_n98304_k65536,12288,98304,65536,67900669952,False,False,False,False
region_m12288_n98304_k98304,12288,98304,98304,53150351360,False,False,False,False
region_m12288_n98304_k131072,12288,98304,131072,126137532416,False,False,False,False
region_m12288_n131072_k256,12288,131072,256,14132838400,False,True,False,False
region_m12288_n131072_k384,12288,131072,384,14169538560,False,True,False,False
region_m12288_n131072_k512,12288,131072,512,14206238720,False,True,False,False
region_m12288_n131072_k768,12288,131072,768,14382399488,False,True,False,False
region_m12288_n131072_k1024,12288,131072,1024,14526578688,False,True,False,False
region_m12288_n131072_k1536,12288,131072,1536,15044050944,False,True,False,False
region_m12288_n131072_k2048,12288,131072,2048,15925903360,False,True,False,False
region_m12288_n131072_k3072,12288,131072,3072,16523067392,False,False,False,False
region_m12288_n131072_k4096,12288,131072,4096,18052939776,False,False,False,False
region_m12288_n131072_k6144,12288,131072,6144,20060438528,False,False,False,False
region_m12288_n131072_k8192,12288,131072,8192,22984916992,False,False,False,False
region_m12288_n131072_k12288,12288,131072,12288,27135180800,False,False,False,False
region_m12288_n131072_k16384,12288,131072,16384,32158384128,False,False,False,False
region_m12288_n131072_k24576,12288,131072,24576,41284665344,False,False,False,False
region_m12288_n131072_k32768,12288,131072,32768,51220971520,False,False,False,False
region_m12288_n131072_k49152,12288,131072,49152,69583634432,False,False,False,False
region_m12288_n131072_k65536,12288,131072,65536,88643076096,False,False,False,False
region_m12288_n131072_k98304,12288,131072,98304,126181572608,False,False,False,False
region_m12288_n131072_k131072,12288,131072,131072,164165189632,False,False,False,False
region_m16384_n256_k256,16384,256,256,402915328,True,True,False,True
region_m16384_n256_k384,16384,256,384,407175168,True,True,False,True
region_m16384_n256_k512,16384,256,512,411435008,True,True,False,True
region_m16384_n256_k768,16384,256,768,438829056,True,True,False,True
region_m16384_n256_k1024,16384,256,1024,448921600,True,True,False,True
region_m16384_n256_k1536,16384,256,1536,518914048,True,True,False,True
region_m16384_n256_k2048,16384,256,2048,626130944,True,True,False,True
region_m16384_n256_k3072,16384,256,3072,710541312,True,True,False,True
region_m16384_n256_k4096,16384,256,4096,881459200,True,True,False,True
region_m16384_n256_k6144,16384,256,6144,1152516096,True,True,False,True
region_m16384_n256_k8192,16384,256,8192,1484914688,True,True,False,True
region_m16384_n256_k12288,16384,256,12288,2036465664,True,True,False,True
region_m16384_n256_k16384,16384,256,16384,2625765376,True,True,False,True
region_m16384_n256_k24576,16384,256,24576,3804364800,True,True,False,True
region_m16384_n256_k32768,16384,256,32768,4982964224,True,True,False,True
region_m16384_n256_k49152,16384,256,49152,7340163072,True,True,False,True
region_m16384_n256_k65536,16384,256,65536,9697361920,False,True,False,False
region_m16384_n256_k98304,16384,256,98304,14411759616,False,True,False,False
region_m16384_n256_k131072,16384,256,131072,19126157312,False,True,False,False
region_m16384_n384_k256,16384,384,256,402980864,True,True,False,True
region_m16384_n384_k384,16384,384,384,407273472,True,True,False,True
region_m16384_n384_k512,16384,384,512,411566080,True,True,False,True
region_m16384_n384_k768,16384,384,768,439025664,True,True,False,True
region_m16384_n384_k1024,16384,384,1024,449183744,True,True,False,True
region_m16384_n384_k1536,16384,384,1536,519307264,True,True,False,True
region_m16384_n384_k2048,16384,384,2048,626655232,True,True,False,True
region_m16384_n384_k3072,16384,384,3072,711327744,True,True,False,True
region_m16384_n384_k4096,16384,384,4096,882507776,True,True,False,True
region_m16384_n384_k6144,16384,384,6144,1154088960,True,True,False,True
region_m16384_n384_k8192,16384,384,8192,1487011840,True,True,False,True
region_m16384_n384_k12288,16384,384,12288,2039611392,True,True,False,True
region_m16384_n384_k16384,16384,384,16384,2629959680,True,True,False,True
region_m16384_n384_k24576,16384,384,24576,3810656256,True,True,False,True
region_m16384_n384_k32768,16384,384,32768,4991352832,True,True,False,True
region_m16384_n384_k49152,16384,384,49152,7352745984,True,True,False,True
region_m16384_n384_k65536,16384,384,65536,9714139136,False,True,False,False
region_m16384_n384_k98304,16384,384,98304,14436925440,False,True,False,False
region_m16384_n384_k131072,16384,384,131072,19159711744,False,True,False,False
region_m16384_n512_k256,16384,512,256,403046400,True,True,False,True
region_m16384_n512_k384,16384,512,384,407371776,True,True,False,True
region_m16384_n512_k512,16384,512,512,411697152,True,True,False,True
region_m16384_n512_k768,16384,512,768,439222272,True,True,False,True
region_m16384_n512_k1024,16384,512,1024,449445888,True,True,False,True
region_m16384_n512_k1536,16384,512,1536,519700480,True,True,False,True
region_m16384_n512_k2048,16384,512,2048,627179520,True,True,False,True
region_m16384_n512_k3072,16384,512,3072,712114176,True,True,False,True
region_m16384_n512_k4096,16384,512,4096,883556352,True,True,True,False
region_m16384_n512_k6144,16384,512,6144,1155661824,True,True,False,True
region_m16384_n512_k8192,16384,512,8192,1489108992,True,True,False,True
region_m16384_n512_k12288,16384,512,12288,2042757120,True,True,False,True
region_m16384_n512_k16384,16384,512,16384,2634153984,True,True,False,True
region_m16384_n512_k24576,16384,512,24576,3816947712,True,True,False,True
region_m16384_n512_k32768,16384,512,32768,4999741440,True,True,False,True
region_m16384_n512_k49152,16384,512,49152,7365328896,True,True,False,True
region_m16384_n512_k65536,16384,512,65536,9730916352,False,True,False,False
region_m16384_n512_k98304,16384,512,98304,14462091264,False,True,False,False
region_m16384_n512_k131072,16384,512,131072,19193266176,False,True,False,False
region_m16384_n768_k256,16384,768,256,403177472,True,True,False,True
region_m16384_n768_k384,16384,768,384,407568384,True,True,False,True
region_m16384_n768_k512,16384,768,512,411959296,True,True,False,True
region_m16384_n768_k768,16384,768,768,439615488,True,True,False,True
region_m16384_n768_k1024,16384,768,1024,449970176,True,True,False,True
region_m16384_n768_k1536,16384,768,1536,520486912,True,True,False,True
region_m16384_n768_k2048,16384,768,2048,628228096,True,True,False,True
region_m16384_n768_k3072,16384,768,3072,713687040,True,True,False,True
region_m16384_n768_k4096,16384,768,4096,885653504,True,True,False,True
region_m16384_n768_k6144,16384,768,6144,1158807552,True,True,False,True
region_m16384_n768_k8192,16384,768,8192,1493303296,True,True,False,True
region_m16384_n768_k12288,16384,768,12288,2049048576,True,True,False,True
region_m16384_n768_k16384,16384,768,16384,2642542592,True,True,False,True
region_m16384_n768_k24576,16384,768,24576,3829530624,True,True,False,True
region_m16384_n768_k32768,16384,768,32768,5016518656,True,True,False,True
region_m16384_n768_k49152,16384,768,49152,7390494720,True,True,False,True
region_m16384_n768_k65536,16384,768,65536,9764470784,False,True,False,False
region_m16384_n768_k98304,16384,768,98304,14512422912,False,True,False,False
region_m16384_n768_k131072,16384,768,131072,19260375040,False,True,False,False
region_m16384_n1024_k256,16384,1024,256,403308544,True,True,False,True
region_m16384_n1024_k384,16384,1024,384,407764992,True,True,False,True
region_m16384_n1024_k512,16384,1024,512,412221440,True,True,False,True
region_m16384_n1024_k768,16384,1024,768,440008704,True,True,False,True
region_m16384_n1024_k1024,16384,1024,1024,455213056,True,True,False,True
region_m16384_n1024_k1536,16384,1024,1536,521273344,True,True,False,True
region_m16384_n1024_k2048,16384,1024,2048,629276672,True,True,False,True
region_m16384_n1024_k3072,16384,1024,3072,715259904,True,True,False,True
region_m16384_n1024_k4096,16384,1024,4096,901906432,True,True,False,True
region_m16384_n1024_k6144,16384,1024,6144,1161953280,True,True,False,True
region_m16384_n1024_k8192,16384,1024,8192,1497497600,True,True,False,True
region_m16384_n1024_k12288,16384,1024,12288,2055340032,True,True,False,True
region_m16384_n1024_k16384,16384,1024,16384,2688679936,True,True,False,True
region_m16384_n1024_k24576,16384,1024,24576,3842113536,True,True,False,True
region_m16384_n1024_k32768,16384,1024,32768,5052170240,True,True,False,True
region_m16384_n1024_k49152,16384,1024,49152,7415660544,True,True,False,True
region_m16384_n1024_k65536,16384,1024,65536,9835773952,False,True,False,False
region_m16384_n1024_k98304,16384,1024,98304,14562754560,False,True,False,False
region_m16384_n1024_k131072,16384,1024,131072,19346358272,False,True,False,False
region_m16384_n1536_k256,16384,1536,256,428736512,True,True,False,True
region_m16384_n1536_k384,16384,1536,384,433324032,True,True,False,True
region_m16384_n1536_k512,16384,1536,512,437911552,True,True,False,True
region_m16384_n1536_k768,16384,1536,768,447086592,True,True,False,True
region_m16384_n1536_k1024,16384,1536,1024,475136000,True,True,False,True
region_m16384_n1536_k1536,16384,1536,1536,548012032,True,True,False,True
region_m16384_n1536_k2048,16384,1536,2048,653393920,True,True,False,True
region_m16384_n1536_k3072,16384,1536,3072,718405632,True,True,False,True
region_m16384_n1536_k4096,16384,1536,4096,924975104,True,True,False,True
region_m16384_n1536_k6144,16384,1536,6144,1168244736,True,True,False,True
region_m16384_n1536_k8192,16384,1536,8192,1553072128,True,True,False,True
region_m16384_n1536_k12288,16384,1536,12288,2067922944,True,True,False,True
region_m16384_n1536_k16384,16384,1536,16384,2724331520,True,True,False,True
region_m16384_n1536_k24576,16384,1536,24576,3867279360,True,True,False,True
region_m16384_n1536_k32768,16384,1536,32768,5151784960,True,True,False,True
region_m16384_n1536_k49152,16384,1536,49152,7465992192,True,True,False,True
region_m16384_n1536_k65536,16384,1536,65536,9921757184,False,True,False,False
region_m16384_n1536_k98304,16384,1536,98304,14663417856,False,True,False,False
region_m16384_n1536_k131072,16384,1536,131072,19546636288,False,True,False,False
region_m16384_n2048_k256,16384,2048,256,558497792,True,True,False,True
region_m16384_n2048_k384,16384,2048,384,563216384,True,True,False,True
region_m16384_n2048_k512,16384,2048,512,567934976,True,True,False,True
region_m16384_n2048_k768,16384,2048,768,597819392,True,True,False,True
region_m16384_n2048_k1024,16384,2048,1024,611975168,True,True,False,True
region_m16384_n2048_k1536,16384,2048,1536,684326912,True,True,False,True
region_m16384_n2048_k2048,16384,2048,2048,799145984,True,True,True,False
region_m16384_n2048_k3072,16384,2048,3072,893517824,True,True,False,True
region_m16384_n2048_k4096,16384,2048,4096,1083834368,True,True,False,True
region_m16384_n2048_k6144,16384,2048,6144,1371668480,True,True,False,True
region_m16384_n2048_k8192,16384,2048,8192,1723990016,True,True,False,True
region_m16384_n2048_k12288,16384,2048,12288,2327969792,True,True,False,True
region_m16384_n2048_k16384,16384,2048,16384,2976776192,True,True,False,True
region_m16384_n2048_k24576,16384,2048,24576,4240572416,True,True,False,True
region_m16384_n2048_k32768,16384,2048,32768,5515640832,True,True,False,True
region_m16384_n2048_k49152,16384,2048,49152,8065777664,True,True,False,True
region_m16384_n2048_k65536,16384,2048,65536,10615914496,False,True,False,False
region_m16384_n2048_k98304,16384,2048,98304,15716188160,False,True,False,False
region_m16384_n2048_k131072,16384,2048,131072,20816461824,False,True,False,False
region_m16384_n3072_k256,16384,3072,256,687472640,True,True,False,True
region_m16384_n3072_k384,16384,3072,384,692453376,True,True,False,True
region_m16384_n3072_k512,16384,3072,512,697434112,True,True,False,True
region_m16384_n3072_k768,16384,3072,768,728367104,True,True,False,True
region_m16384_n3072_k1024,16384,3072,1024,741474304,True,True,False,True
region_m16384_n3072_k1536,16384,3072,1536,819068928,True,True,False,True
region_m16384_n3072_k2048,16384,3072,2048,939655168,True,True,False,True
region_m16384_n3072_k3072,16384,3072,3072,1030881280,True,True,False,True
region_m16384_n3072_k4096,16384,3072,4096,1232207872,True,True,False,True
region_m16384_n3072_k6144,16384,3072,6144,1524760576,True,True,False,True
region_m16384_n3072_k8192,16384,3072,8192,1908539392,True,True,False,True
region_m16384_n3072_k12288,16384,3072,12288,2512519168,True,True,False,True
region_m16384_n3072_k16384,16384,3072,16384,3195142144,True,True,False,True
region_m16384_n3072_k24576,16384,3072,24576,4488036352,True,True,False,True
region_m16384_n3072_k32768,16384,3072,32768,5815271424,True,True,False,True
region_m16384_n3072_k49152,16384,3072,49152,8439070720,True,True,False,True
region_m16384_n3072_k65536,16384,3072,65536,11093540864,False,True,False,False
region_m16384_n3072_k98304,16384,3072,98304,16341139456,False,False,False,False
region_m16384_n3072_k131072,16384,3072,131072,21619408896,False,False,False,False
region_m16384_n4096_k256,16384,4096,256,792330240,True,True,True,False
region_m16384_n4096_k384,16384,4096,384,797573120,True,True,False,True
region_m16384_n4096_k512,16384,4096,512,802816000,True,True,True,False
region_m16384_n4096_k768,16384,4096,768,824311808,True,True,False,True
region_m16384_n4096_k1024,16384,4096,1024,859963392,True,True,False,True
region_m16384_n4096_k1536,16384,4096,1536,919732224,True,True,False,True
region_m16384_n4096_k2048,16384,4096,2048,1057619968,True,True,False,True
region_m16384_n4096_k3072,16384,4096,3072,1142030336,True,True,False,True
region_m16384_n4096_k4096,16384,4096,4096,1375862784,True,True,False,True
region_m16384_n4096_k6144,16384,4096,6144,1661075456,True,True,False,True
region_m16384_n4096_k8192,16384,4096,8192,2076835840,True,True,False,True
region_m16384_n4096_k12288,16384,4096,12288,2699165696,True,True,False,True
region_m16384_n4096_k16384,16384,4096,16384,3452043264,True,True,False,True
region_m16384_n4096_k24576,16384,4096,24576,4775346176,True,True,False,True
region_m16384_n4096_k32768,16384,4096,32768,6215041024,True,True,False,True
region_m16384_n4096_k49152,16384,4096,49152,8927707136,False,True,False,False
region_m16384_n4096_k65536,16384,4096,65536,11807096832,False,True,False,False
region_m16384_n4096_k98304,16384,4096,98304,17232429056,False,False,False,False
region_m16384_n4096_k131072,16384,4096,131072,22925148160,False,False,False,False
region_m16384_n6144_k256,16384,6144,256,1015939072,True,True,False,True
region_m16384_n6144_k384,16384,6144,384,1021706240,True,True,False,True
region_m16384_n6144_k512,16384,6144,512,1027473408,True,True,False,True
region_m16384_n6144_k768,16384,6144,768,1050804224,True,True,False,True
region_m16384_n6144_k1024,16384,6144,1024,1087504384,True,True,False,True
region_m16384_n6144_k1536,16384,6144,1536,1155137536,True,True,False,True
region_m16384_n6144_k2048,16384,6144,2048,1305870336,True,True,False,True
region_m16384_n6144_k3072,16384,6144,3072,1391329280,True,True,False,True
region_m16384_n6144_k4096,16384,6144,4096,1647443968,True,True,False,True
region_m16384_n6144_k6144,16384,6144,6144,1952055296,True,True,False,True
region_m16384_n6144_k8192,16384,6144,8192,2419458048,True,True,False,True
region_m16384_n6144_k12288,16384,6144,12288,3073507328,True,True,False,True
region_m16384_n6144_k16384,16384,6144,16384,3887202304,True,True,False,True
region_m16384_n6144_k24576,16384,6144,24576,5316411392,True,True,False,True
region_m16384_n6144_k32768,16384,6144,32768,6873808896,True,True,False,True
region_m16384_n6144_k49152,16384,6144,49152,9802219520,False,False,False,False
region_m16384_n6144_k65536,16384,6144,65536,12890275840,False,False,False,False
region_m16384_n6144_k98304,16384,6144,98304,18773835776,False,False,False,False
region_m16384_n6144_k131072,16384,6144,131072,24879169536,False,False,False,False
region_m16384_n8192_k256,16384,8192,256,1436155904,True,True,False,True
region_m16384_n8192_k384,16384,8192,384,1442447360,True,True,False,True
region_m16384_n8192_k512,16384,8192,512,1448738816,True,True,False,True
region_m16384_n8192_k768,16384,8192,768,1488060416,True,True,False,True
region_m16384_n8192_k1024,16384,8192,1024,1505361920,True,True,False,True
region_m16384_n8192_k1536,16384,8192,1536,1602879488,True,True,False,True
region_m16384_n8192_k2048,16384,8192,2048,1755447296,True,True,False,True
region_m16384_n8192_k3072,16384,8192,3072,1874984960,True,True,False,True
region_m16384_n8192_k4096,16384,8192,4096,2128216064,True,True,False,True
region_m16384_n8192_k6144,16384,8192,6144,2504130560,True,True,False,True
region_m16384_n8192_k8192,16384,8192,8192,2982281216,True,True,False,True
region_m16384_n8192_k12288,16384,8192,12288,3762421760,True,True,False,True
region_m16384_n8192_k16384,16384,8192,16384,4619632640,True,True,False,True
region_m16384_n8192_k24576,16384,8192,24576,6279004160,True,True,False,True
region_m16384_n8192_k32768,16384,8192,32768,7956725760,True,True,False,True
region_m16384_n8192_k49152,16384,8192,49152,11312168960,False,False,False,False
region_m16384_n8192_k65536,16384,8192,65536,14667612160,False,False,False,False
region_m16384_n8192_k98304,16384,8192,98304,21378498560,False,False,False,False
region_m16384_n8192_k131072,16384,8192,131072,28089384960,False,False,False,False
region_m16384_n12288_k256,16384,12288,256,1896742912,True,True,False,True
region_m16384_n12288_k384,16384,12288,384,1904082944,True,True,False,True
region_m16384_n12288_k512,16384,12288,512,1911422976,True,True,False,True
region_m16384_n12288_k768,16384,12288,768,1941045248,True,True,False,True
region_m16384_n12288_k1024,16384,12288,1024,1987182592,True,True,False,True
region_m16384_n12288_k1536,16384,12288,1536,2073690112,True,True,False,True
region_m16384_n12288_k2048,16384,12288,2048,2265317376,True,True,False,True
region_m16384_n12288_k3072,16384,12288,3072,2372796416,True,True,False,True
region_m16384_n12288_k4096,16384,12288,4096,2698117120,True,True,False,True
region_m16384_n12288_k6144,16384,12288,6144,3084517376,True,True,False,True
region_m16384_n12288_k8192,16384,12288,8192,3680894976,True,True,False,True
region_m16384_n12288_k12288,16384,12288,12288,4507959296,True,True,False,True
region_m16384_n12288_k16384,16384,12288,16384,5541855232,True,True,False,True
region_m16384_n12288_k24576,16384,12288,24576,7354843136,True,False,False,False
region_m16384_n12288_k32768,16384,12288,32768,9343205376,False,False,False,False
region_m16384_n12288_k49152,16384,12288,49152,13048610816,False,False,False,False
region_m16384_n12288_k65536,16384,12288,65536,16954556416,False,False,False,False
region_m16384_n12288_k98304,16384,12288,98304,24436146176,False,False,False,False
region_m16384_n12288_k131072,16384,12288,131072,32158384128,False,False,False,False
region_m16384_n16384_k256,16384,16384,256,2553937920,True,True,False,True
region_m16384_n16384_k384,16384,16384,384,2562326528,True,True,False,True
region_m16384_n16384_k512,16384,16384,512,2570715136,True,True,False,True
region_m16384_n16384_k768,16384,16384,768,2604793856,True,True,False,True
region_m16384_n16384_k1024,16384,16384,1024,2659319808,True,True,False,True
region_m16384_n16384_k1536,16384,16384,1536,2756837376,True,True,False,True
region_m16384_n16384_k2048,16384,16384,2048,2976514048,True,True,False,True
region_m16384_n16384_k3072,16384,16384,3072,3104964608,True,True,False,True
region_m16384_n16384_k4096,16384,16384,4096,3477209088,True,True,False,True
region_m16384_n16384_k6144,16384,16384,6144,3925999616,True,True,False,True
region_m16384_n16384_k8192,16384,16384,8192,4599709696,True,True,False,True
region_m16384_n16384_k12288,16384,16384,12288,5568069632,True,True,False,True
region_m16384_n16384_k16384,16384,16384,16384,6748766208,True,True,True,False
region_m16384_n16384_k24576,16384,16384,24576,8852209664,False,False,False,False
region_m16384_n16384_k32768,16384,16384,32768,11109793792,False,False,False,False
region_m16384_n16384_k49152,16384,16384,49152,15420489728,False,False,False,False
region_m16384_n16384_k65536,16384,16384,65536,19935657984,False,False,False,False
region_m16384_n16384_k98304,16384,16384,98304,28557049856,False,False,False,False
region_m16384_n16384_k131072,16384,16384,131072,37483577344,False,False,False,False
region_m16384_n24576_k256,16384,24576,256,3658350592,True,True,False,True
region_m16384_n24576_k384,16384,24576,384,3668836352,True,True,False,True
region_m16384_n24576_k512,16384,24576,512,3679322112,True,True,False,True
region_m16384_n24576_k768,16384,24576,768,3721527296,True,True,False,True
region_m16384_n24576_k1024,16384,24576,1024,3786539008,True,True,False,True
region_m16384_n24576_k1536,16384,24576,1536,3910795264,True,True,False,True
region_m16384_n24576_k2048,16384,24576,2048,4184211456,True,True,False,True
region_m16384_n24576_k3072,16384,24576,3072,4335730688,True,True,False,True
region_m16384_n24576_k4096,16384,24576,4096,4799463424,True,True,False,True
region_m16384_n24576_k6144,16384,24576,6144,5349441536,True,True,False,True
region_m16384_n24576_k8192,16384,24576,8192,6203768832,True,True,False,True
region_m16384_n24576_k12288,16384,24576,12288,7376863232,True,False,False,False
region_m16384_n24576_k16384,16384,24576,16384,8851161088,False,False,False,False
region_m16384_n24576_k24576,16384,24576,24576,11431706624,False,False,False,False
region_m16384_n24576_k32768,16384,24576,32768,14281998336,False,False,False,False
region_m16384_n24576_k49152,16384,24576,49152,19541393408,False,False,False,False
region_m16384_n24576_k65536,16384,24576,65536,25083117568,False,False,False,False
region_m16384_n24576_k98304,16384,24576,98304,35760766976,False,False,False,False
region_m16384_n24576_k131072,16384,24576,131072,46716813312,False,False,False,False
region_m16384_n32768_k256,16384,32768,256,4946788352,True,True,False,True
region_m16384_n32768_k384,16384,32768,384,4959371264,True,True,False,True
region_m16384_n32768_k512,16384,32768,512,4971954176,True,True,False,True
region_m16384_n32768_k768,16384,32768,768,5049024512,True,True,False,True
region_m16384_n32768_k1024,16384,32768,1024,5078908928,True,True,False,True
region_m16384_n32768_k1536,16384,32768,1536,5277089792,True,True,False,True
region_m16384_n32768_k2048,16384,32768,2048,5580652544,True,True,False,True
region_m16384_n32768_k3072,16384,32768,3072,5800853504,True,True,False,True
region_m16384_n32768_k4096,16384,32768,4096,6305742848,True,True,False,True
region_m16384_n32768_k6144,16384,32768,6144,7033978880,True,True,False,True
region_m16384_n32768_k8192,16384,32768,8192,8015446016,True,True,False,True
region_m16384_n32768_k12288,16384,32768,12288,9500229632,False,False,False,False
region_m16384_n32768_k16384,16384,32768,16384,11213078528,False,False,False,False
region_m16384_n32768_k24576,16384,32768,24576,14432731136,False,False,False,False
region_m16384_n32768_k32768,16384,32768,32768,17754619904,False,False,False,False
region_m16384_n32768_k49152,16384,32768,49152,24297734144,False,False,False,False
region_m16384_n32768_k65536,16384,32768,65536,30891966464,False,False,False,False
region_m16384_n32768_k98304,16384,32768,98304,44027740160,False,False,False,False
region_m16384_n32768_k131072,16384,32768,131072,57181077504,False,False,False,False
region_m16384_n49152_k256,16384,49152,256,7181565952,True,True,False,True
region_m16384_n49152_k384,16384,49152,384,7198343168,True,True,False,True
region_m16384_n49152_k512,16384,49152,512,7215120384,True,True,False,True
region_m16384_n49152_k768,16384,49152,768,7282491392,True,True,False,True
region_m16384_n49152_k1024,16384,49152,1024,7385251840,True,True,False,True
region_m16384_n49152_k1536,16384,49152,1536,7585005568,True,True,False,True
region_m16384_n49152_k2048,16384,49152,2048,8021999616,True,True,False,True
region_m16384_n49152_k3072,16384,49152,3072,8261599232,True,True,False,True
region_m16384_n49152_k4096,16384,49152,4096,9002156032,False,True,False,False
region_m16384_n49152_k6144,16384,49152,6144,9879289856,False,False,False,False
region_m16384_n49152_k8192,16384,49152,8192,11249516544,False,False,False,False
region_m16384_n49152_k12288,16384,49152,12288,13114671104,False,False,False,False
region_m16384_n49152_k16384,16384,49152,16384,15469772800,False,False,False,False
region_m16384_n49152_k24576,16384,49152,24576,19585433600,False,False,False,False
region_m16384_n49152_k32768,16384,49152,32768,24159584256,False,False,False,False
region_m16384_n49152_k49152,16384,49152,49152,32526958592,False,False,False,False
region_m16384_n49152_k65536,16384,49152,65536,41340239872,False,False,False,False
region_m16384_n49152_k98304,16384,49152,98304,58410008576,False,False,False,False
region_m16384_n49152_k131072,16384,49152,131072,75833671680,False,False,False,False
region_m16384_n65536_k256,16384,65536,256,9600368640,False,True,False,False
region_m16384_n65536_k384,16384,65536,384,9621340160,False,True,False,False
region_m16384_n65536_k512,16384,65536,512,9642311680,False,True,False,False
region_m16384_n65536_k768,16384,65536,768,9726722048,False,True,False,False
region_m16384_n65536_k1024,16384,65536,1024,9856745472,False,True,False,False
region_m16384_n65536_k1536,16384,65536,1536,10105257984,False,True,False,False
region_m16384_n65536_k2048,16384,65536,2048,10652090368,False,True,False,False
region_m16384_n65536_k3072,16384,65536,3072,10956701696,False,True,False,False
region_m16384_n65536_k4096,16384,65536,4096,11882594304,False,True,False,False
region_m16384_n65536_k6144,16384,65536,6144,12985696256,False,False,False,False
region_m16384_n65536_k8192,16384,65536,8192,14691205120,False,False,False,False
region_m16384_n65536_k12288,16384,65536,12288,17043685376,False,False,False,False
region_m16384_n65536_k16384,16384,65536,16384,19985989632,False,False,False,False
region_m16384_n65536_k24576,16384,65536,24576,25159663616,False,False,False,False
region_m16384_n65536_k32768,16384,65536,32768,30847664128,False,False,False,False
region_m16384_n65536_k49152,16384,65536,49152,41391620096,False,False,False,False
region_m16384_n65536_k65536,16384,65536,65536,52449902592,False,False,False,False
region_m16384_n65536_k98304,16384,65536,98304,73855533056,False,False,False,False
region_m16384_n65536_k131072,16384,65536,131072,95717294080,False,False,False,False
region_m16384_n98304_k256,16384,98304,256,14227996672,False,True,False,False
region_m16384_n98304_k384,16384,98304,384,14257356800,False,True,False,False
region_m16384_n98304_k512,16384,98304,512,14286716928,False,True,False,False
region_m16384_n98304_k768,16384,98304,768,14404419584,False,True,False,False
region_m16384_n98304_k1024,16384,98304,1024,14582677504,False,True,False,False
region_m16384_n98304_k1536,16384,98304,1536,14933426176,False,True,False,False
region_m16384_n98304_k2048,16384,98304,2048,15697575936,False,True,False,False
region_m16384_n98304_k3072,16384,98304,3072,16113336320,False,False,False,False
region_m16384_n98304_k4096,16384,98304,4096,17407541248,False,False,False,False
region_m16384_n98304_k6144,16384,98304,6144,18938986496,False,False,False,False
region_m16384_n98304_k8192,16384,98304,8192,21341011968,False,False,False,False
region_m16384_n98304_k12288,16384,98304,12288,24590286848,False,False,False,False
region_m16384_n98304_k16384,16384,98304,16384,28706996224,False,False,False,False
region_m16384_n98304_k24576,16384,98304,24576,35892887552,False,False,False,False
region_m16384_n98304_k32768,16384,98304,32768,43914756096,False,False,False,False
region_m16384_n98304_k49152,16384,98304,49152,58498088960,False,False,False,False
region_m16384_n98304_k65536,16384,98304,65536,73904816128,False,False,False,False
region_m16384_n98304_k98304,16384,98304,98304,103708491776,False,False,False,False
region_m16384_n98304_k131072,16384,98304,131072,134209732608,False,False,False,False
region_m16384_n131072_k256,16384,131072,256,18989318144,False,True,False,False
region_m16384_n131072_k384,16384,131072,384,19027066880,False,True,False,False
region_m16384_n131072_k512,16384,131072,512,19064815616,False,True,False,False
region_m16384_n131072_k768,16384,131072,768,19292880896,False,True,False,False
region_m16384_n131072_k1024,16384,131072,1024,19417137152,False,True,False,False
region_m16384_n131072_k1536,16384,131072,1536,19973931008,False,True,False,False
region_m16384_n131072_k2048,16384,131072,2048,20881473536,False,True,False,False
region_m16384_n131072_k3072,16384,131072,3072,21504327680,False,False,False,False
region_m16384_n131072_k4096,16384,131072,4096,23050452992,False,False,False,False
region_m16384_n131072_k6144,16384,131072,6144,25153372160,False,False,False,False
region_m16384_n131072_k8192,16384,131072,8192,28148105216,False,False,False,False
region_m16384_n131072_k12288,16384,131072,12288,32451461120,False,False,False,False
region_m16384_n131072_k16384,16384,131072,16384,37586862080,False,False,False,False
region_m16384_n131072_k24576,16384,131072,24576,47047639040,False,False,False,False
region_m16384_n131072_k32768,16384,131072,32768,57214631936,False,False,False,False
region_m16384_n131072_k49152,16384,131072,49152,76239994880,False,False,False,False
region_m16384_n131072_k65536,16384,131072,65536,95870910464,False,False,False,False
region_m16384_n131072_k98304,16384,131072,98304,134624706560,False,False,False,False
region_m16384_n131072_k131072,16384,131072,131072,173581402112,False,False,False,False
region_m24576_n256_k256,24576,256,256,600047616,True,True,False,True
region_m24576_n256_k384,24576,256,384,606404608,True,True,False,True
region_m24576_n256_k512,24576,256,512,612761600,True,True,False,True
region_m24576_n256_k768,24576,256,768,652738560,True,True,False,True
region_m24576_n256_k1024,24576,256,1024,665452544,True,True,False,True
region_m24576_n256_k1536,24576,256,1536,770572288,True,True,False,True
region_m24576_n256_k2048,24576,256,2048,928120832,True,True,False,True
region_m24576_n256_k3072,24576,256,3072,1042939904,True,True,False,True
region_m24576_n256_k4096,24576,256,4096,1296171008,True,True,False,True
region_m24576_n256_k6144,24576,256,6144,1683095552,True,True,False,True
region_m24576_n256_k8192,24576,256,8192,2189557760,True,True,False,True
region_m24576_n256_k12288,24576,256,12288,2963406848,True,True,False,True
region_m24576_n256_k16384,24576,256,16384,3826384896,True,True,False,True
region_m24576_n256_k24576,24576,256,24576,5524029440,True,True,False,True
region_m24576_n256_k32768,24576,256,32768,7249985536,True,True,False,True
region_m24576_n256_k49152,24576,256,49152,10645274624,False,True,False,False
region_m24576_n256_k65536,24576,256,65536,14059438080,False,True,False,False
region_m24576_n256_k98304,24576,256,98304,20887764992,False,True,False,False
region_m24576_n256_k131072,24576,256,131072,27716091904,False,True,False,False
region_m24576_n384_k256,24576,384,256,600113152,True,True,False,True
region_m24576_n384_k384,24576,384,384,606502912,True,True,False,True
region_m24576_n384_k512,24576,384,512,612892672,True,True,False,True
region_m24576_n384_k768,24576,384,768,652935168,True,True,False,True
region_m24576_n384_k1024,24576,384,1024,665714688,True,True,False,True
region_m24576_n384_k1536,24576,384,1536,770965504,True,True,False,True
region_m24576_n384_k2048,24576,384,2048,928645120,True,True,False,True
region_m24576_n384_k3072,24576,384,3072,1043726336,True,True,False,True
region_m24576_n384_k4096,24576,384,4096,1297219584,True,True,False,True
region_m24576_n384_k6144,24576,384,6144,1684668416,True,True,False,True
region_m24576_n384_k8192,24576,384,8192,2191654912,True,True,False,True
region_m24576_n384_k12288,24576,384,12288,2966552576,True,True,False,True
region_m24576_n384_k16384,24576,384,16384,3830579200,True,True,False,True
region_m24576_n384_k24576,24576,384,24576,5530320896,True,True,False,True
region_m24576_n384_k32768,24576,384,32768,7258374144,True,True,False,True
region_m24576_n384_k49152,24576,384,49152,10657857536,False,True,False,False
region_m24576_n384_k65536,24576,384,65536,14076215296,False,True,False,False
region_m24576_n384_k98304,24576,384,98304,20912930816,False,True,False,False
region_m24576_n384_k131072,24576,384,131072,27749646336,False,True,False,False
region_m24576_n512_k256,24576,512,256,600178688,True,True,False,True
region_m24576_n512_k384,24576,512,384,606601216,True,True,False,True
region_m24576_n512_k512,24576,512,512,613023744,True,True,False,True
region_m24576_n512_k768,24576,512,768,653131776,True,True,False,True
region_m24576_n512_k1024,24576,512,1024,665976832,True,True,False,True
region_m24576_n512_k1536,24576,512,1536,771358720,True,True,False,True
region_m24576_n512_k2048,24576,512,2048,929169408,True,True,False,True
region_m24576_n512_k3072,24576,512,3072,1044512768,True,True,False,True
region_m24576_n512_k4096,24576,512,4096,1298268160,True,True,False,True
region_m24576_n512_k6144,24576,512,6144,1686241280,True,True,False,True
region_m24576_n512_k8192,24576,512,8192,2193752064,True,True,False,True
region_m24576_n512_k12288,24576,512,12288,2969698304,True,True,False,True
region_m24576_n512_k16384,24576,512,16384,3834773504,True,True,False,True
region_m24576_n512_k24576,24576,512,24576,5536612352,True,True,False,True
region_m24576_n512_k32768,24576,512,32768,7266762752,True,True,False,True
region_m24576_n512_k49152,24576,512,49152,10670440448,False,True,False,False
region_m24576_n512_k65536,24576,512,65536,14092992512,False,True,False,False
region_m24576_n512_k98304,24576,512,98304,20938096640,False,True,False,False
region_m24576_n512_k131072,24576,512,131072,27783200768,False,True,False,False
region_m24576_n768_k256,24576,768,256,600309760,True,True,False,True
region_m24576_n768_k384,24576,768,384,606797824,True,True,False,True
region_m24576_n768_k512,24576,768,512,613285888,True,True,False,True
region_m24576_n768_k768,24576,768,768,653524992,True,True,False,True
region_m24576_n768_k1024,24576,768,1024,666501120,True,True,False,True
region_m24576_n768_k1536,24576,768,1536,772145152,True,True,False,True
region_m24576_n768_k2048,24576,768,2048,930217984,True,True,False,True
region_m24576_n768_k3072,24576,768,3072,1046085632,True,True,False,True
region_m24576_n768_k4096,24576,768,4096,1300365312,True,True,False,True
region_m24576_n768_k6144,24576,768,6144,1689387008,True,True,False,True
region_m24576_n768_k8192,24576,768,8192,2197946368,True,True,False,True
region_m24576_n768_k12288,24576,768,12288,2975989760,True,True,False,True
region_m24576_n768_k16384,24576,768,16384,3843162112,True,True,False,True
region_m24576_n768_k24576,24576,768,24576,5549195264,True,True,False,True
region_m24576_n768_k32768,24576,768,32768,7283539968,True,True,False,True
region_m24576_n768_k49152,24576,768,49152,10695606272,False,True,False,False
region_m24576_n768_k65536,24576,768,65536,14126546944,False,True,False,False
region_m24576_n768_k98304,24576,768,98304,20988428288,False,True,False,False
region_m24576_n768_k131072,24576,768,131072,27850309632,False,True,False,False
region_m24576_n1024_k256,24576,1024,256,600440832,True,True,False,True
region_m24576_n1024_k384,24576,1024,384,606994432,True,True,False,True
region_m24576_n1024_k512,24576,1024,512,613548032,True,True,False,True
region_m24576_n1024_k768,24576,1024,768,653918208,True,True,False,True
region_m24576_n1024_k1024,24576,1024,1024,670171136,True,True,False,True
region_m24576_n1024_k1536,24576,1024,1536,772931584,True,True,False,True
region_m24576_n1024_k2048,24576,1024,2048,931266560,True,True,False,True
region_m24576_n1024_k3072,24576,1024,3072,1047658496,True,True,False,True
region_m24576_n1024_k4096,24576,1024,4096,1311899648,True,True,False,True
region_m24576_n1024_k6144,24576,1024,6144,1692532736,True,True,False,True
region_m24576_n1024_k8192,24576,1024,8192,2202140672,True,True,False,True
region_m24576_n1024_k12288,24576,1024,12288,2982281216,True,True,False,True
region_m24576_n1024_k16384,24576,1024,16384,3878813696,True,True,False,True
region_m24576_n1024_k24576,24576,1024,24576,5561778176,True,True,False,True
region_m24576_n1024_k32768,24576,1024,32768,7300317184,True,True,False,True
region_m24576_n1024_k49152,24576,1024,49152,10720772096,False,True,False,False
region_m24576_n1024_k65536,24576,1024,65536,14186840064,False,True,False,False
region_m24576_n1024_k98304,24576,1024,98304,21038759936,False,True,False,False
region_m24576_n1024_k131072,24576,1024,131072,27930787840,False,True,False,False
region_m24576_n1536_k256,24576,1536,256,634257408,True,True,False,True
region_m24576_n1536_k384,24576,1536,384,640942080,True,True,False,True
region_m24576_n1536_k512,24576,1536,512,647626752,True,True,False,True
region_m24576_n1536_k768,24576,1536,768,660996096,True,True,False,True
region_m24576_n1536_k1024,24576,1536,1024,700055552,True,True,False,True
region_m24576_n1536_k1536,24576,1536,1536,808058880,True,True,False,True
region_m24576_n1536_k2048,24576,1536,2048,957218816,True,True,False,True
region_m24576_n1536_k3072,24576,1536,3072,890372096,True,True,False,True
region_m24576_n1536_k4096,24576,1536,4096,1348075520,True,True,False,True
region_m24576_n1536_k6144,24576,1536,6144,1377959936,True,True,False,True
region_m24576_n1536_k8192,24576,1536,8192,2253258752,True,True,False,True
region_m24576_n1536_k12288,24576,1536,12288,2353135616,True,True,False,True
region_m24576_n1536_k16384,24576,1536,16384,3940155392,True,True,False,True
region_m24576_n1536_k24576,24576,1536,24576,4303486976,True,True,False,True
region_m24576_n1536_k32768,24576,1536,32768,7457603584,True,True,False,True
region_m24576_n1536_k49152,24576,1536,49152,8204189696,True,True,False,True
region_m24576_n1536_k65536,24576,1536,65536,14348845056,False,True,False,False
region_m24576_n1536_k98304,24576,1536,98304,16005595136,False,True,False,False
region_m24576_n1536_k131072,24576,1536,131072,28294905856,False,False,False,False
region_m24576_n2048_k256,24576,2048,256,809631744,True,True,False,True
region_m24576_n2048_k384,24576,2048,384,816447488,True,True,False,True
region_m24576_n2048_k512,24576,2048,512,823263232,True,True,False,True
region_m24576_n2048_k768,24576,2048,768,865206272,True,True,False,True
region_m24576_n2048_k1024,24576,2048,1024,880410624,True,True,False,True
region_m24576_n2048_k1536,24576,2048,1536,988938240,True,True,False,True
region_m24576_n2048_k2048,24576,2048,2048,1153564672,True,True,False,True
region_m24576_n2048_k3072,24576,2048,3072,1272578048,True,True,False,True
region_m24576_n2048_k4096,24576,2048,4096,1544159232,True,True,False,True
region_m24576_n2048_k6144,24576,2048,6144,1941045248,True,True,False,True
region_m24576_n2048_k8192,24576,2048,8192,2474770432,True,True,False,True
region_m24576_n2048_k12288,24576,2048,12288,3277979648,True,True,False,True
region_m24576_n2048_k16384,24576,2048,16384,4199153664,True,True,False,True
region_m24576_n2048_k24576,24576,2048,24576,5951848448,True,True,False,True
region_m24576_n2048_k32768,24576,2048,32768,7772176384,True,True,False,True
region_m24576_n2048_k49152,24576,2048,49152,11299586048,False,True,False,False
region_m24576_n2048_k65536,24576,2048,65536,14892269568,False,True,False,False
region_m24576_n2048_k98304,24576,2048,98304,21995061248,False,False,False,False
region_m24576_n2048_k131072,24576,2048,131072,29139140608,False,False,False,False
region_m24576_n3072_k256,24576,3072,256,1018822656,True,True,False,True
region_m24576_n3072_k384,24576,3072,384,1025900544,True,True,False,True
region_m24576_n3072_k512,24576,3072,512,1032978432,True,True,False,True
region_m24576_n3072_k768,24576,3072,768,1076494336,True,True,False,True
region_m24576_n3072_k1024,24576,3072,1024,1090650112,True,True,False,True
region_m24576_n3072_k1536,24576,3072,1536,1204944896,True,True,False,True
region_m24576_n3072_k2048,24576,3072,2048,1375862784,True,True,False,True
region_m24576_n3072_k3072,24576,3072,3072,1327628288,True,True,False,True
region_m24576_n3072_k4096,24576,3072,4096,1776418816,True,True,False,True
region_m24576_n3072_k6144,24576,3072,6144,1849819136,True,True,False,True
region_m24576_n3072_k8192,24576,3072,8192,2747400192,True,True,False,True
region_m24576_n3072_k12288,24576,3072,12288,2894200832,True,True,False,True
region_m24576_n3072_k16384,24576,3072,16384,4524736512,True,True,False,True
region_m24576_n3072_k24576,24576,3072,24576,4982964224,True,True,False,True
region_m24576_n3072_k32768,24576,3072,32768,8244035584,True,True,False,True
region_m24576_n3072_k49152,24576,3072,49152,9160491008,False,True,False,False
region_m24576_n3072_k65536,24576,3072,65536,15597699072,False,False,False,False
region_m24576_n3072_k98304,24576,3072,98304,17515544576,False,False,False,False
region_m24576_n3072_k131072,24576,3072,131072,30389960704,False,False,False,False
region_m24576_n4096_k256,24576,4096,256,1141768192,True,True,False,True
region_m24576_n4096_k384,24576,4096,384,1149108224,True,True,False,True
region_m24576_n4096_k512,24576,4096,512,1156448256,True,True,False,True
region_m24576_n4096_k768,24576,4096,768,1186070528,True,True,False,True
region_m24576_n4096_k1024,24576,4096,1024,1232207872,True,True,False,True
region_m24576_n4096_k1536,24576,4096,1536,1318715392,True,True,False,True
region_m24576_n4096_k2048,24576,4096,2048,1510342656,True,True,False,True
region_m24576_n4096_k3072,24576,4096,3072,1617821696,True,True,False,True
region_m24576_n4096_k4096,24576,4096,4096,1943142400,True,True,False,True
region_m24576_n4096_k6144,24576,4096,6144,2329542656,True,True,False,True
region_m24576_n4096_k8192,24576,4096,8192,2925920256,True,True,False,True
region_m24576_n4096_k12288,24576,4096,12288,3752984576,True,True,False,True
region_m24576_n4096_k16384,24576,4096,16384,4786880512,True,True,False,True
region_m24576_n4096_k24576,24576,4096,24576,6599868416,True,True,False,True
region_m24576_n4096_k32768,24576,4096,32768,8588230656,True,True,False,True
region_m24576_n4096_k49152,24576,4096,49152,12293636096,False,False,False,False
region_m24576_n4096_k65536,24576,4096,65536,16199581696,False,False,False,False
region_m24576_n4096_k98304,24576,4096,98304,23681171456,False,False,False,False
region_m24576_n4096_k131072,24576,4096,131072,31403409408,False,False,False,False
region_m24576_n6144_k256,24576,6144,256,1475477504,True,True,False,True
region_m24576_n6144_k384,24576,6144,384,1483341824,True,True,False,True
region_m24576_n6144_k512,24576,6144,512,1491206144,True,True,False,True
region_m24576_n6144_k768,24576,6144,768,1506934784,True,True,False,True
region_m24576_n6144_k1024,24576,6144,1024,1530527744,True,True,False,True
region_m24576_n6144_k1536,24576,6144,1536,1554120704,True,True,True,False
region_m24576_n6144_k2048,24576,6144,2048,1852964864,True,True,False,True
region_m24576_n6144_k3072,24576,6144,3072,1585577984,True,True,False,True
region_m24576_n6144_k4096,24576,6144,4096,2285502464,True,True,False,True
region_m24576_n6144_k6144,24576,6144,6144,1963065344,True,True,False,True
region_m24576_n6144_k8192,24576,6144,8192,3362914304,True,True,False,True
region_m24576_n6144_k12288,24576,6144,12288,2718040064,True,True,False,True
region_m24576_n6144_k16384,24576,6144,16384,5305401344,True,True,False,True
region_m24576_n6144_k24576,24576,6144,24576,4227989504,True,True,False,True
region_m24576_n6144_k32768,24576,6144,32768,9402712064,False,False,False,False
region_m24576_n6144_k49152,24576,6144,49152,7247888384,True,False,False,False
region_m24576_n6144_k65536,24576,6144,65536,17384996864,False,False,False,False
region_m24576_n6144_k98304,24576,6144,98304,13287686144,False,False,False,False
region_m24576_n6144_k131072,24576,6144,131072,33561903104,False,False,False,False
region_m24576_n8192_k256,24576,8192,256,2064777216,True,True,False,True
region_m24576_n8192_k384,24576,8192,384,2073165824,True,True,False,True
region_m24576_n8192_k512,24576,8192,512,2081554432,True,True,False,True
region_m24576_n8192_k768,24576,8192,768,2132934656,True,True,False,True
region_m24576_n8192_k1024,24576,8192,1024,2151284736,True,True,False,True
region_m24576_n8192_k1536,24576,8192,1536,2284978176,True,True,False,True
region_m24576_n8192_k2048,24576,8192,2048,2487353344,True,True,False,True
region_m24576_n8192_k3072,24576,8192,3072,2631532544,True,True,False,True
region_m24576_n8192_k4096,24576,8192,4096,2966028288,True,True,False,True
region_m24576_n8192_k6144,24576,8192,6144,3450994688,True,True,False,True
region_m24576_n8192_k8192,24576,8192,8192,4110548992,True,True,False,True
region_m24576_n8192_k12288,24576,8192,12288,5089918976,True,True,False,True
region_m24576_n8192_k16384,24576,8192,16384,6225002496,True,True,False,True
region_m24576_n8192_k24576,24576,8192,24576,8367767552,True,False,False,False
region_m24576_n8192_k32768,24576,8192,32768,10603331584,False,False,False,False
region_m24576_n8192_k49152,24576,8192,49152,14923464704,False,False,False,False
region_m24576_n8192_k65536,24576,8192,65536,19327746048,False,False,False,False
region_m24576_n8192_k98304,24576,8192,98304,28034859008,False,False,False,False
region_m24576_n8192_k131072,24576,8192,131072,36792696832,False,False,False,False
region_m24576_n12288_k256,24576,12288,256,2736914432,True,True,False,True
region_m24576_n12288_k384,24576,12288,384,2746351616,True,True,False,True
region_m24576_n12288_k512,24576,12288,512,2755788800,True,True,False,True
region_m24576_n12288_k768,24576,12288,768,2774663168,True,True,False,True
region_m24576_n12288_k1024,24576,12288,1024,2802974720,True,True,False,True
region_m24576_n12288_k1536,24576,12288,1536,2831286272,True,True,False,True
region_m24576_n12288_k2048,24576,12288,2048,3189899264,True,True,False,True
region_m24576_n12288_k3072,24576,12288,3072,2869035008,True,True,False,True
region_m24576_n12288_k4096,24576,12288,4096,3708944384,True,True,False,True
region_m24576_n12288_k6144,24576,12288,6144,3322019840,True,True,False,True
region_m24576_n12288_k8192,24576,12288,8192,5001838592,True,True,False,True
region_m24576_n12288_k12288,24576,12288,12288,4227989504,True,True,False,True
region_m24576_n12288_k16384,24576,12288,16384,7332823040,True,False,False,False
region_m24576_n12288_k24576,24576,12288,24576,6039928832,True,False,False,False
region_m24576_n12288_k32768,24576,12288,32768,12249595904,False,False,False,False
region_m24576_n12288_k49152,24576,12288,49152,9663807488,False,False,False,False
region_m24576_n12288_k65536,24576,12288,65536,21828337664,False,False,False,False
region_m24576_n12288_k98304,24576,12288,98304,16911564800,False,False,False,False
region_m24576_n12288_k131072,24576,12288,131072,41240625152,False,False,False,False
region_m24576_n16384_k256,24576,16384,256,3658350592,True,True,False,True
region_m24576_n16384_k384,24576,16384,384,3668836352,True,True,False,True
region_m24576_n16384_k512,24576,16384,512,3679322112,True,True,False,True
region_m24576_n16384_k768,24576,16384,768,3721527296,True,True,False,True
region_m24576_n16384_k1024,24576,16384,1024,3786539008,True,True,False,True
region_m24576_n16384_k1536,24576,16384,1536,3910795264,True,True,False,True
region_m24576_n16384_k2048,24576,16384,2048,4184211456,True,True,False,True
region_m24576_n16384_k3072,24576,16384,3072,4335730688,True,True,False,True
region_m24576_n16384_k4096,24576,16384,4096,4799463424,True,True,False,True
region_m24576_n16384_k6144,24576,16384,6144,5349441536,True,True,False,True
region_m24576_n16384_k8192,24576,16384,8192,6203768832,True,True,False,True
region_m24576_n16384_k12288,24576,16384,12288,7376863232,True,False,False,False
region_m24576_n16384_k16384,24576,16384,16384,8851161088,False,False,False,False
region_m24576_n16384_k24576,24576,16384,24576,11431706624,False,False,False,False
region_m24576_n16384_k32768,24576,16384,32768,14281998336,False,False,False,False
region_m24576_n16384_k49152,24576,16384,49152,19541393408,False,False,False,False
region_m24576_n16384_k65536,24576,16384,65536,25083117568,False,False,False,False
region_m24576_n16384_k98304,24576,16384,98304,35760766976,False,False,False,False
region_m24576_n16384_k131072,24576,16384,131072,46716813312,False,False,False,False
region_m24576_n24576_k256,24576,24576,256,5259788288,True,True,False,True
region_m24576_n24576_k384,24576,24576,384,5272371200,True,True,False,True
region_m24576_n24576_k512,24576,24576,512,5284954112,True,True,False,True
region_m24576_n24576_k768,24576,24576,768,5310119936,True,True,False,True
region_m24576_n24576_k1024,24576,24576,1024,5347868672,True,True,False,True
region_m24576_n24576_k1536,24576,24576,1536,5385617408,True,True,False,True
region_m24576_n24576_k2048,24576,24576,2048,5863768064,True,True,False,True
region_m24576_n24576_k3072,24576,24576,3072,5435949056,True,True,False,True
region_m24576_n24576_k4096,24576,24576,4096,6555828224,True,True,False,True
region_m24576_n24576_k6144,24576,24576,6144,6039928832,True,True,False,True
region_m24576_n24576_k8192,24576,24576,8192,8279687168,True,False,False,False
region_m24576_n24576_k12288,24576,24576,12288,7247888384,True,False,False,False
region_m24576_n24576_k16384,24576,24576,16384,11387666432,False,False,False,False
region_m24576_n24576_k24576,24576,24576,24576,9663807488,False,False,False,False
region_m24576_n24576_k32768,24576,24576,32768,17943363584,False,False,False,False
region_m24576_n24576_k49152,24576,24576,49152,14495645696,False,False,False,False
region_m24576_n24576_k65536,24576,24576,65536,30715019264,False,False,False,False
region_m24576_n24576_k98304,24576,24576,98304,24159322112,False,False,False,False
region_m24576_n24576_k131072,24576,24576,131072,56598069248,False,False,False,False
region_m24576_n32768_k256,24576,32768,256,7085359104,True,True,False,True
region_m24576_n32768_k384,24576,32768,384,7100039168,True,True,False,True
region_m24576_n32768_k512,24576,32768,512,7114719232,True,True,False,True
region_m24576_n32768_k768,24576,32768,768,7203848192,True,True,False,True
region_m24576_n32768_k1024,24576,32768,1024,7234781184,True,True,False,True
region_m24576_n32768_k1536,24576,32768,1536,7469137920,True,True,False,True
region_m24576_n32768_k2048,24576,32768,2048,7822508032,True,True,False,True
region_m24576_n32768_k3072,24576,32768,3072,8067350528,True,True,False,True
region_m24576_n32768_k4096,24576,32768,4096,8653504512,False,True,False,False
region_m24576_n32768_k6144,24576,32768,6144,9490792448,False,False,False,False
region_m24576_n32768_k8192,24576,32768,8192,10653663232,False,False,False,False
region_m24576_n32768_k12288,24576,32768,12288,12337676288,False,False,False,False
region_m24576_n32768_k16384,24576,32768,16384,14328397824,False,False,False,False
region_m24576_n32768_k24576,24576,32768,24576,18031443968,False,False,False,False
region_m24576_n32768_k32768,24576,32768,32768,21978284032,False,False,False,False
region_m24576_n32768_k49152,24576,32768,49152,29418979328,False,False,False,False
region_m24576_n32768_k65536,24576,32768,65536,37069651968,False,False,False,False
region_m24576_n32768_k98304,24576,32768,98304,52194050048,False,False,False,False
region_m24576_n32768_k131072,24576,32768,131072,67427762176,False,False,False,False
region_m24576_n49152_k256,24576,49152,256,10305536000,False,True,False,False
region_m24576_n49152_k384,24576,49152,384,10324410368,False,True,False,False
region_m24576_n49152_k512,24576,49152,512,10343284736,False,True,False,False
region_m24576_n49152_k768,24576,49152,768,10381033472,False,True,False,False
region_m24576_n49152_k1024,24576,49152,1024,10437656576,False,True,False,False
region_m24576_n49152_k1536,24576,49152,1536,10494279680,False,True,False,False
region_m24576_n49152_k2048,24576,49152,2048,11211505664,False,True,False,False
region_m24576_n49152_k3072,24576,49152,3072,10569777152,False,True,False,False
region_m24576_n49152_k4096,24576,49152,4096,12249595904,False,False,False,False
region_m24576_n49152_k6144,24576,49152,6144,11475746816,False,False,False,False
region_m24576_n49152_k8192,24576,49152,8192,14835384320,False,False,False,False
region_m24576_n49152_k12288,24576,49152,12288,13287686144,False,False,False,False
region_m24576_n49152_k16384,24576,49152,16384,19497353216,False,False,False,False
region_m24576_n49152_k24576,24576,49152,24576,16911564800,False,False,False,False
region_m24576_n49152_k32768,24576,49152,32768,29330898944,False,False,False,False
region_m24576_n49152_k49152,24576,49152,49152,24159322112,False,False,False,False
region_m24576_n49152_k65536,24576,49152,65536,48488382464,False,False,False,False
region_m24576_n49152_k98304,24576,49152,98304,38654836736,False,False,False,False
region_m24576_n49152_k131072,24576,49152,131072,87312957440,False,False,False,False
region_m24576_n65536_k256,24576,65536,256,13724680192,False,True,False,False
region_m24576_n65536_k384,24576,65536,384,13747748864,False,True,False,False
region_m24576_n65536_k512,24576,65536,512,13770817536,False,True,False,False
region_m24576_n65536_k768,24576,65536,768,13863354368,False,True,False,False
region_m24576_n65536_k1024,24576,65536,1024,14003863552,False,True,False,False
region_m24576_n65536_k1536,24576,65536,1536,14279114752,False,True,False,False
region_m24576_n65536_k2048,24576,65536,2048,14879686656,False,True,False,False
region_m24576_n65536_k3072,24576,65536,3072,15207366656,False,False,False,False
region_m24576_n65536_k4096,24576,65536,4096,16224747520,False,False,False,False
region_m24576_n65536_k6144,24576,65536,6144,17429037056,False,False,False,False
region_m24576_n65536_k8192,24576,65536,8192,19315163136,False,False,False,False
region_m24576_n65536_k12288,24576,65536,12288,21872377856,False,False,False,False
region_m24576_n65536_k16384,24576,65536,16384,25108283392,False,False,False,False
region_m24576_n65536_k24576,24576,65536,24576,30759059456,False,False,False,False
region_m24576_n65536_k32768,24576,65536,32768,37057069056,False,False,False,False
region_m24576_n65536_k49152,24576,65536,49152,48532422656,False,False,False,False
region_m24576_n65536_k65536,24576,65536,65536,60642426880,False,False,False,False
region_m24576_n65536_k98304,24576,65536,98304,84079149056,False,False,False,False
region_m24576_n65536_k131072,24576,65536,131072,108024692736,False,False,False,False
region_m24576_n98304_k256,24576,98304,256,20397031424,False,True,False,False
region_m24576_n98304_k384,24576,98304,384,20428488704,False,True,False,False
region_m24576_n98304_k512,24576,98304,512,20459945984,False,True,False,False
region_m24576_n98304_k768,24576,98304,768,20522860544,False,True,False,False
region_m24576_n98304_k1024,24576,98304,1024,20617232384,False,True,False,False
region_m24576_n98304_k1536,24576,98304,1536,20711604224,False,True,False,False
region_m24576_n98304_k2048,24576,98304,2048,21906980864,False,False,False,False
region_m24576_n98304_k3072,24576,98304,3072,20837433344,False,False,False,False
region_m24576_n98304_k4096,24576,98304,4096,23637131264,False,False,False,False
region_m24576_n98304_k6144,24576,98304,6144,22347382784,False,False,False,False
region_m24576_n98304_k8192,24576,98304,8192,27946778624,False,False,False,False
region_m24576_n98304_k12288,24576,98304,12288,25367281664,False,False,False,False
region_m24576_n98304_k16384,24576,98304,16384,35716726784,False,False,False,False
region_m24576_n98304_k24576,24576,98304,24576,31407079424,False,False,False,False
region_m24576_n98304_k32768,24576,98304,32768,52105969664,False,False,False,False
region_m24576_n98304_k49152,24576,98304,49152,43486674944,False,False,False,False
region_m24576_n98304_k65536,24576,98304,65536,84035108864,False,False,False,False
region_m24576_n98304_k98304,24576,98304,98304,67645865984,False,False,False,False
region_m24576_n98304_k131072,24576,98304,131072,148742733824,False,False,False,False
region_m24576_n131072_k256,24576,131072,256,27167686656,False,True,False,False
region_m24576_n131072_k384,24576,131072,384,27207532544,False,True,False,False
region_m24576_n131072_k512,24576,131072,512,27247378432,False,True,False,False
region_m24576_n131072_k768,24576,131072,768,27487502336,False,True,False,False
region_m24576_n131072_k1024,24576,131072,1024,27575058432,False,True,False,False
region_m24576_n131072_k1536,24576,131072,1536,28205776896,False,False,False,False
region_m24576_n131072_k2048,24576,131072,2048,29163126784,False,False,False,False
region_m24576_n131072_k3072,24576,131072,3072,29810622464,False,False,False,False
region_m24576_n131072_k4096,24576,131072,4096,31403409408,False,False,False,False
region_m24576_n131072_k6144,24576,131072,6144,33649983488,False,False,False,False
region_m24576_n131072_k8192,24576,131072,8192,36826120192,False,False,False,False
region_m24576_n131072_k12288,24576,131072,12288,41328705536,False,False,False,False
region_m24576_n131072_k16384,24576,131072,16384,46741979136,False,False,False,False
region_m24576_n131072_k24576,24576,131072,24576,56686149632,False,False,False,False
region_m24576_n131072_k32768,24576,131072,32768,67478093824,False,False,False,False
region_m24576_n131072_k49152,24576,131072,49152,87401037824,False,False,False,False
region_m24576_n131072_k65536,24576,131072,65536,108096258048,False,False,False,False
region_m24576_n131072_k98304,24576,131072,98304,148830814208,False,False,False,False
region_m24576_n131072_k131072,24576,131072,131072,190085988352,False,False,False,False
region_m32768_n256_k256,32768,256,256,797179904,True,True,False,True
region_m32768_n256_k384,32768,256,384,805634048,True,True,False,True
region_m32768_n256_k512,32768,256,512,814088192,True,True,False,True
region_m32768_n256_k768,32768,256,768,866648064,True,True,False,True
region_m32768_n256_k1024,32768,256,1024,883556352,True,True,False,True
region_m32768_n256_k1536,32768,256,1536,1022230528,True,True,False,True
region_m32768_n256_k2048,32768,256,2048,1230110720,True,True,False,True
region_m32768_n256_k3072,32768,256,3072,1387921408,True,True,False,True
region_m32768_n256_k4096,32768,256,4096,1715601408,True,True,False,True
region_m32768_n256_k6144,32768,256,6144,2238840832,True,True,False,True
region_m32768_n256_k8192,32768,256,8192,2894200832,True,True,False,True
region_m32768_n256_k12288,32768,256,12288,3940679680,True,True,False,True
region_m32768_n256_k16384,32768,256,16384,5075238912,True,True,False,True
region_m32768_n256_k24576,32768,256,24576,7344357376,True,True,False,True
region_m32768_n256_k32768,32768,256,32768,9613475840,False,True,False,False
region_m32768_n256_k49152,32768,256,49152,14151712768,False,True,False,False
region_m32768_n256_k65536,32768,256,65536,18689949696,False,True,False,False
region_m32768_n256_k98304,32768,256,98304,27766423552,False,True,False,False
region_m32768_n256_k131072,32768,256,131072,36842897408,False,True,False,False
region_m32768_n384_k256,32768,384,256,797245440,True,True,False,True
region_m32768_n384_k384,32768,384,384,805732352,True,True,False,True
region_m32768_n384_k512,32768,384,512,814219264,True,True,False,True
region_m32768_n384_k768,32768,384,768,866844672,True,True,False,True
region_m32768_n384_k1024,32768,384,1024,883818496,True,True,False,True
region_m32768_n384_k1536,32768,384,1536,1022623744,True,True,False,True
region_m32768_n384_k2048,32768,384,2048,1230635008,True,True,False,True
region_m32768_n384_k3072,32768,384,3072,1388707840,True,True,False,True
region_m32768_n384_k4096,32768,384,4096,1716649984,True,True,False,True
region_m32768_n384_k6144,32768,384,6144,2240413696,True,True,False,True
region_m32768_n384_k8192,32768,384,8192,2896297984,True,True,False,True
region_m32768_n384_k12288,32768,384,12288,3943825408,True,True,False,True
region_m32768_n384_k16384,32768,384,16384,5079433216,True,True,False,True
region_m32768_n384_k24576,32768,384,24576,7350648832,True,True,False,True
region_m32768_n384_k32768,32768,384,32768,9621864448,False,True,False,False
region_m32768_n384_k49152,32768,384,49152,14164295680,False,True,False,False
region_m32768_n384_k65536,32768,384,65536,18706726912,False,True,False,False
region_m32768_n384_k98304,32768,384,98304,27791589376,False,True,False,False
region_m32768_n384_k131072,32768,384,131072,36876451840,False,True,False,False
region_m32768_n512_k256,32768,512,256,797310976,True,True,False,True
region_m32768_n512_k384,32768,512,384,805830656,True,True,False,True
region_m32768_n512_k512,32768,512,512,814350336,True,True,False,True
region_m32768_n512_k768,32768,512,768,867041280,True,True,False,True
region_m32768_n512_k1024,32768,512,1024,884080640,True,True,False,True
region_m32768_n512_k1536,32768,512,1536,1023016960,True,True,False,True
region_m32768_n512_k2048,32768,512,2048,1231159296,True,True,False,True
region_m32768_n512_k3072,32768,512,3072,1389494272,True,True,False,True
region_m32768_n512_k4096,32768,512,4096,1717698560,True,True,False,True
region_m32768_n512_k6144,32768,512,6144,2241986560,True,True,False,True
region_m32768_n512_k8192,32768,512,8192,2898395136,True,True,False,True
region_m32768_n512_k12288,32768,512,12288,3946971136,True,True,False,True
region_m32768_n512_k16384,32768,512,16384,5083627520,True,True,False,True
region_m32768_n512_k24576,32768,512,24576,7356940288,True,True,False,True
region_m32768_n512_k32768,32768,512,32768,9630253056,False,True,False,False
region_m32768_n512_k49152,32768,512,49152,14176878592,False,True,False,False
region_m32768_n512_k65536,32768,512,65536,18723504128,False,True,False,False
region_m32768_n512_k98304,32768,512,98304,27816755200,False,True,False,False
region_m32768_n512_k131072,32768,512,131072,36910006272,False,True,False,False
region_m32768_n768_k256,32768,768,256,797442048,True,True,False,True
region_m32768_n768_k384,32768,768,384,806027264,True,True,False,True
region_m32768_n768_k512,32768,768,512,814612480,True,True,False,True
region_m32768_n768_k768,32768,768,768,867434496,True,True,False,True
region_m32768_n768_k1024,32768,768,1024,884604928,True,True,False,True
region_m32768_n768_k1536,32768,768,1536,1023803392,True,True,False,True
region_m32768_n768_k2048,32768,768,2048,1232207872,True,True,False,True
region_m32768_n768_k3072,32768,768,3072,1391067136,True,True,False,True
region_m32768_n768_k4096,32768,768,4096,1719795712,True,True,False,True
region_m32768_n768_k6144,32768,768,6144,2245132288,True,True,False,True
region_m32768_n768_k8192,32768,768,8192,2902589440,True,True,False,True
region_m32768_n768_k12288,32768,768,12288,3953262592,True,True,False,True
region_m32768_n768_k16384,32768,768,16384,5092016128,True,True,False,True
region_m32768_n768_k24576,32768,768,24576,7369523200,True,True,False,True
region_m32768_n768_k32768,32768,768,32768,9647030272,False,True,False,False
region_m32768_n768_k49152,32768,768,49152,14202044416,False,True,False,False
region_m32768_n768_k65536,32768,768,65536,18757058560,False,True,False,False
region_m32768_n768_k98304,32768,768,98304,27867086848,False,True,False,False
region_m32768_n768_k131072,32768,768,131072,36977115136,False,True,False,False
region_m32768_n1024_k256,32768,1024,256,797573120,True,True,False,True
region_m32768_n1024_k384,32768,1024,384,806223872,True,True,False,True
region_m32768_n1024_k512,32768,1024,512,814874624,True,True,False,True
region_m32768_n1024_k768,32768,1024,768,867827712,True,True,False,True
region_m32768_n1024_k1024,32768,1024,1024,889847808,True,True,False,True
region_m32768_n1024_k1536,32768,1024,1536,1024589824,True,True,False,True
region_m32768_n1024_k2048,32768,1024,2048,1233256448,True,True,False,True
region_m32768_n1024_k3072,32768,1024,3072,1392640000,True,True,False,True
region_m32768_n1024_k4096,32768,1024,4096,1736048640,True,True,False,True
region_m32768_n1024_k6144,32768,1024,6144,2248278016,True,True,False,True
region_m32768_n1024_k8192,32768,1024,8192,2906783744,True,True,False,True
region_m32768_n1024_k12288,32768,1024,12288,3959554048,True,True,False,True
region_m32768_n1024_k16384,32768,1024,16384,5120851968,True,True,False,True
region_m32768_n1024_k24576,32768,1024,24576,7382106112,True,True,False,True
region_m32768_n1024_k32768,32768,1024,32768,9663807488,False,True,False,False
region_m32768_n1024_k49152,32768,1024,49152,14227210240,False,True,False,False
region_m32768_n1024_k65536,32768,1024,65536,18790612992,False,True,False,False
region_m32768_n1024_k98304,32768,1024,98304,27917418496,False,True,False,False
region_m32768_n1024_k131072,32768,1024,131072,37044224000,False,True,False,False
region_m32768_n1536_k256,32768,1536,256,839778304,True,True,False,True
region_m32768_n1536_k384,32768,1536,384,848560128,True,True,False,True
region_m32768_n1536_k512,32768,1536,512,857341952,True,True,False,True
region_m32768_n1536_k768,32768,1536,768,875954176,True,True,False,True
region_m32768_n1536_k1024,32768,1536,1024,927334400,True,True,False,True
region_m32768_n1536_k1536,32768,1536,1536,1068105728,True,True,False,True
region_m32768_n1536_k2048,32768,1536,2048,1264582656,True,True,False,True
region_m32768_n1536_k3072,32768,1536,3072,1395785728,True,True,False,True
region_m32768_n1536_k4096,32768,1536,4096,1778253824,True,True,False,True
region_m32768_n1536_k6144,32768,1536,6144,2254569472,True,True,False,True
region_m32768_n1536_k8192,32768,1536,8192,2966421504,True,True,False,True
region_m32768_n1536_k12288,32768,1536,12288,3972136960,True,True,False,True
region_m32768_n1536_k16384,32768,1536,16384,5181931520,True,True,False,True
region_m32768_n1536_k24576,32768,1536,24576,7407271936,True,True,False,True
region_m32768_n1536_k32768,32768,1536,32768,9806413824,False,True,False,False
region_m32768_n1536_k49152,32768,1536,49152,14277541888,False,True,False,False
region_m32768_n1536_k65536,32768,1536,65536,18893373440,False,True,False,False
region_m32768_n1536_k98304,32768,1536,98304,28018081792,False,False,False,False
region_m32768_n1536_k131072,32768,1536,131072,37249744896,False,False,False,False
region_m32768_n2048_k256,32768,2048,256,1100087296,True,True,False,True
region_m32768_n2048_k384,32768,2048,384,1109000192,True,True,False,True
region_m32768_n2048_k512,32768,2048,512,1117913088,True,True,False,True
region_m32768_n2048_k768,32768,2048,768,1173487616,True,True,False,True
region_m32768_n2048_k1024,32768,2048,1024,1194459136,True,True,False,True
region_m32768_n2048_k1536,32768,2048,1536,1336016896,True,True,False,True
region_m32768_n2048_k2048,32768,2048,2048,1552023552,True,True,True,False
region_m32768_n2048_k3072,32768,2048,3072,1717698560,True,True,False,True
region_m32768_n2048_k4096,32768,2048,4096,2068971520,True,True,False,True
region_m32768_n2048_k6144,32768,2048,6144,2604793856,True,True,False,True
region_m32768_n2048_k8192,32768,2048,8192,3288465408,True,True,False,True
region_m32768_n2048_k12288,32768,2048,12288,4378984448,True,True,False,True
region_m32768_n2048_k16384,32768,2048,16384,5581176832,True,True,False,True
region_m32768_n2048_k24576,32768,2048,24576,7927365632,True,True,False,True
region_m32768_n2048_k32768,32768,2048,32768,10297147392,False,True,False,False
region_m32768_n2048_k49152,32768,2048,49152,15024128000,False,True,False,False
region_m32768_n2048_k65536,32768,2048,65536,19755302912,False,True,False,False
region_m32768_n2048_k98304,32768,2048,98304,29217652736,False,False,False,False
region_m32768_n2048_k131072,32768,2048,131072,38680002560,False,False,False,False
region_m32768_n3072_k256,32768,3072,256,1350172672,True,True,False,True
region_m32768_n3072_k384,32768,3072,384,1359347712,True,True,False,True
region_m32768_n3072_k512,32768,3072,512,1368522752,True,True,False,True
region_m32768_n3072_k768,32768,3072,768,1424621568,True,True,False,True
region_m32768_n3072_k1024,32768,3072,1024,1444544512,True,True,False,True
region_m32768_n3072_k1536,32768,3072,1536,1590820864,True,True,False,True
region_m32768_n3072_k2048,32768,3072,2048,1812070400,True,True,False,True
region_m32768_n3072_k3072,32768,3072,3072,1973551104,True,True,False,True
region_m32768_n3072_k4096,32768,3072,4096,2334785536,True,True,False,True
region_m32768_n3072_k6144,32768,3072,6144,2873229312,True,True,False,True
region_m32768_n3072_k8192,32768,3072,8192,3586260992,True,True,False,True
region_m32768_n3072_k12288,32768,3072,12288,4672585728,True,True,False,True
region_m32768_n3072_k16384,32768,3072,16384,5895749632,True,True,False,True
region_m32768_n3072_k24576,32768,3072,24576,8271298560,True,True,False,True
region_m32768_n3072_k32768,32768,3072,32768,10683023360,False,True,False,False
region_m32768_n3072_k49152,32768,3072,49152,15468724224,False,False,False,False
region_m32768_n3072_k65536,32768,3072,65536,20267008000,False,False,False,False
region_m32768_n3072_k98304,32768,3072,98304,29863575552,False,False,False,False
region_m32768_n3072_k131072,32768,3072,131072,39460143104,False,False,False,False
region_m32768_n4096_k256,32768,4096,256,1530527744,True,True,False,True
region_m32768_n4096_k384,32768,4096,384,1539964928,True,True,False,True
region_m32768_n4096_k512,32768,4096,512,1549402112,True,True,False,True
region_m32768_n4096_k768,32768,4096,768,1607598080,True,True,False,True
region_m32768_n4096_k1024,32768,4096,1024,1637482496,True,True,False,True
region_m32768_n4096_k1536,32768,4096,1536,1779040256,True,True,False,True
region_m32768_n4096_k2048,32768,4096,2048,2007105536,True,True,False,True
region_m32768_n4096_k3072,32768,4096,3072,2176974848,True,True,False,True
region_m32768_n4096_k4096,32768,4096,4096,2556035072,True,True,False,True
region_m32768_n4096_k6144,32768,4096,6144,3108110336,True,True,False,True
region_m32768_n4096_k8192,32768,4096,8192,3837919232,True,True,False,True
region_m32768_n4096_k12288,32768,4096,12288,4970381312,True,True,False,True
region_m32768_n4096_k16384,32768,4096,16384,6255411200,True,True,False,True
region_m32768_n4096_k24576,32768,4096,24576,8694923264,False,True,False,False
region_m32768_n4096_k32768,32768,4096,32768,11186339840,False,True,False,False
region_m32768_n4096_k49152,32768,4096,49152,16144007168,False,False,False,False
region_m32768_n4096_k65536,32768,4096,65536,21115043840,False,False,False,False
region_m32768_n4096_k98304,32768,4096,98304,31042174976,False,False,False,False
region_m32768_n4096_k131072,32768,4096,131072,40974286848,False,False,False,False
region_m32768_n6144_k256,32768,6144,256,1960968192,True,True,False,True
region_m32768_n6144_k384,32768,6144,384,1970929664,True,True,False,True
region_m32768_n6144_k512,32768,6144,512,1980891136,True,True,False,True
region_m32768_n6144_k768,32768,6144,768,2041708544,True,True,False,True
region_m32768_n6144_k1024,32768,6144,1024,2063204352,True,True,False,True
region_m32768_n6144_k1536,32768,6144,1536,2222063616,True,True,False,True
region_m32768_n6144_k2048,32768,6144,2048,2462187520,True,True,False,True
region_m32768_n6144_k3072,32768,6144,3072,2631532544,True,True,False,True
region_m32768_n6144_k4096,32768,6144,4096,3028942848,True,True,False,True
region_m32768_n6144_k6144,32768,6144,6144,3601989632,True,True,False,True
region_m32768_n6144_k8192,32768,6144,8192,4387373056,True,True,False,True
region_m32768_n6144_k12288,32768,6144,12288,5542903808,True,True,False,True
region_m32768_n6144_k16384,32768,6144,16384,6891896832,True,True,False,True
region_m32768_n6144_k24576,32768,6144,24576,9424732160,False,False,False,False
region_m32768_n6144_k32768,32768,6144,32768,12088115200,False,False,False,False
region_m32768_n6144_k49152,32768,6144,49152,17188388864,False,False,False,False
region_m32768_n6144_k65536,32768,6144,65536,22404268032,False,False,False,False
region_m32768_n6144_k98304,32768,6144,98304,32715702272,False,False,False,False
region_m32768_n6144_k131072,32768,6144,131072,43087298560,False,False,False,False
region_m32768_n8192_k256,32768,8192,256,2808217600,True,True,False,True
region_m32768_n8192_k384,32768,8192,384,2818703360,True,True,False,True
region_m32768_n8192_k512,32768,8192,512,2829189120,True,True,False,True
region_m32768_n8192_k768,32768,8192,768,2894200832,True,True,False,True
region_m32768_n8192_k1024,32768,8192,1024,2918318080,True,True,False,True
region_m32768_n8192_k1536,32768,8192,1536,3085041664,True,True,False,True
region_m32768_n8192_k2048,32768,8192,2048,3338797056,True,True,False,True
region_m32768_n8192_k3072,32768,8192,3072,3529637888,True,True,False,True
region_m32768_n8192_k4096,32768,8192,4096,3943825408,True,True,False,True
region_m32768_n8192_k6144,32768,8192,6144,4567728128,True,True,False,True
region_m32768_n8192_k8192,32768,8192,8192,5377228800,True,True,False,True
region_m32768_n8192_k12288,32768,8192,12288,6643908608,True,True,False,True
region_m32768_n8192_k16384,32768,8192,16384,8053719040,True,True,False,True
region_m32768_n8192_k24576,32768,8192,24576,10796269568,False,False,False,False
region_m32768_n8192_k32768,32768,8192,32768,13581287424,False,False,False,False
region_m32768_n8192_k49152,32768,8192,49152,19100991488,False,False,False,False
region_m32768_n8192_k65536,32768,8192,65536,24637472768,False,False,False,False
region_m32768_n8192_k98304,32768,8192,98304,35710435328,False,False,False,False
region_m32768_n8192_k131072,32768,8192,131072,46783397888,False,False,False,False
region_m32768_n12288_k256,32768,12288,256,3669098496,True,True,False,True
region_m32768_n12288_k384,32768,12288,384,3680632832,True,True,False,True
region_m32768_n12288_k512,32768,12288,512,3692167168,True,True,False,True
region_m32768_n12288_k768,32768,12288,768,3762421760,True,True,False,True
region_m32768_n12288_k1024,32768,12288,1024,3787063296,True,True,False,True
region_m32768_n12288_k1536,32768,12288,1536,3971088384,True,True,False,True
region_m32768_n12288_k2048,32768,12288,2048,4248961024,True,True,False,True
region_m32768_n12288_k3072,32768,12288,3072,4443471872,True,True,False,True
region_m32768_n12288_k4096,32768,12288,4096,4903796736,True,True,False,True
region_m32768_n12288_k6144,32768,12288,6144,5564923904,True,True,False,True
region_m32768_n12288_k8192,32768,12288,8192,6476136448,True,True,False,True
region_m32768_n12288_k12288,32768,12288,12288,7807827968,True,False,False,False
region_m32768_n12288_k16384,32768,12288,16384,9370730496,False,False,False,False
region_m32768_n12288_k24576,32768,12288,24576,12293636096,False,False,False,False
region_m32768_n12288_k32768,32768,12288,32768,15384838144,False,False,False,False
region_m32768_n12288_k49152,32768,12288,49152,21265252352,False,False,False,False
region_m32768_n12288_k65536,32768,12288,65536,27292729344,False,False,False,False
region_m32768_n12288_k98304,32768,12288,98304,39208484864,False,False,False,False
region_m32768_n12288_k131072,32768,12288,131072,51195805696,False,False,False,False
region_m32768_n16384_k256,32768,16384,256,4946788352,True,True,False,True
region_m32768_n16384_k384,32768,16384,384,4959371264,True,True,False,True
region_m32768_n16384_k512,32768,16384,512,4971954176,True,True,False,True
region_m32768_n16384_k768,32768,16384,768,5049024512,True,True,False,True
region_m32768_n16384_k1024,32768,16384,1024,5078908928,True,True,False,True
region_m32768_n16384_k1536,32768,16384,1536,5277089792,True,True,False,True
region_m32768_n16384_k2048,32768,16384,2048,5580652544,True,True,False,True
region_m32768_n16384_k3072,32768,16384,3072,5800853504,True,True,False,True
region_m32768_n16384_k4096,32768,16384,4096,6305742848,True,True,False,True
region_m32768_n16384_k6144,32768,16384,6144,7033978880,True,True,False,True
region_m32768_n16384_k8192,32768,16384,8192,8015446016,True,True,False,True
region_m32768_n16384_k12288,32768,16384,12288,9500229632,False,False,False,False
region_m32768_n16384_k16384,32768,16384,16384,11213078528,False,False,False,False
region_m32768_n16384_k24576,32768,16384,24576,14432731136,False,False,False,False
region_m32768_n16384_k32768,32768,16384,32768,17754619904,False,False,False,False
region_m32768_n16384_k49152,32768,16384,49152,24297734144,False,False,False,False
region_m32768_n16384_k65536,32768,16384,65536,30891966464,False,False,False,False
region_m32768_n16384_k98304,32768,16384,98304,44027740160,False,False,False,False
region_m32768_n16384_k131072,32768,16384,131072,57181077504,False,False,False,False
region_m32768_n24576_k256,32768,24576,256,7085359104,True,True,False,True
region_m32768_n24576_k384,32768,24576,384,7100039168,True,True,False,True
region_m32768_n24576_k512,32768,24576,512,7114719232,True,True,False,True
region_m32768_n24576_k768,32768,24576,768,7203848192,True,True,False,True
region_m32768_n24576_k1024,32768,24576,1024,7234781184,True,True,False,True
region_m32768_n24576_k1536,32768,24576,1536,7469137920,True,True,False,True
region_m32768_n24576_k2048,32768,24576,2048,7822508032,True,True,False,True
region_m32768_n24576_k3072,32768,24576,3072,8067350528,True,True,False,True
region_m32768_n24576_k4096,32768,24576,4096,8653504512,False,True,False,False
region_m32768_n24576_k6144,32768,24576,6144,9490792448,False,False,False,False
region_m32768_n24576_k8192,32768,24576,8192,10653663232,False,False,False,False
region_m32768_n24576_k12288,32768,24576,12288,12337676288,False,False,False,False
region_m32768_n24576_k16384,32768,24576,16384,14328397824,False,False,False,False
region_m32768_n24576_k24576,32768,24576,24576,18031443968,False,False,False,False
region_m32768_n24576_k32768,32768,24576,32768,21978284032,False,False,False,False
region_m32768_n24576_k49152,32768,24576,49152,29418979328,False,False,False,False
region_m32768_n24576_k65536,32768,24576,65536,37069651968,False,False,False,False
region_m32768_n24576_k98304,32768,24576,98304,52194050048,False,False,False,False
region_m32768_n24576_k131072,32768,24576,131072,67427762176,False,False,False,False
region_m32768_n32768_k256,32768,32768,256,9640738816,False,True,False,False
region_m32768_n32768_k384,32768,32768,384,9657516032,False,True,False,False
region_m32768_n32768_k512,32768,32768,512,9674293248,False,True,False,False
region_m32768_n32768_k768,32768,32768,768,9777053696,False,True,False,False
region_m32768_n32768_k1024,32768,32768,1024,9813753856,False,True,False,False
region_m32768_n32768_k1536,32768,32768,1536,10081140736,False,True,False,False
region_m32768_n32768_k2048,32768,32768,2048,10485891072,False,True,False,False
region_m32768_n32768_k3072,32768,32768,3072,10777395200,False,True,False,False
region_m32768_n32768_k4096,32768,32768,4096,11443240960,False,True,False,False
region_m32768_n32768_k6144,32768,32768,6144,12419465216,False,False,False,False
region_m32768_n32768_k8192,32768,32768,8192,13732282368,False,False,False,False
region_m32768_n32768_k12288,32768,32768,12288,15703605248,False,False,False,False
region_m32768_n32768_k16384,32768,32768,16384,17961189376,False,False,False,False
region_m32768_n32768_k24576,32768,32768,24576,22271885312,False,False,False,False
region_m32768_n32768_k32768,32768,32768,32768,26717847552,False,False,False,False
region_m32768_n32768_k49152,32768,32768,49152,35408445440,False,False,False,False
region_m32768_n32768_k65536,32768,32768,65536,44166676480,False,False,False,False
region_m32768_n32768_k98304,32768,32768,98304,61681565696,False,False,False,False
region_m32768_n32768_k131072,32768,32768,131072,79196979200,False,False,False,False
region_m32768_n49152_k256,32768,49152,256,13917880320,False,True,False,False
region_m32768_n49152_k384,32768,49152,384,13938851840,False,True,False,False
region_m32768_n49152_k512,32768,49152,512,13959823360,False,True,False,False
region_m32768_n49152_k768,32768,49152,768,14086701056,False,True,False,False
region_m32768_n49152_k1024,32768,49152,1024,14130216960,False,True,False,False
region_m32768_n49152_k1536,32768,49152,1536,14465236992,False,True,False,False
region_m32768_n49152_k2048,32768,49152,2048,14969602048,False,True,False,False
region_m32768_n49152_k3072,32768,49152,3072,15315107840,False,False,False,False
region_m32768_n49152_k4096,32768,49152,4096,16152920064,False,False,False,False
region_m32768_n49152_k6144,32768,49152,6144,17342529536,False,False,False,False
region_m32768_n49152_k8192,32768,49152,8192,19008716800,False,False,False,False
region_m32768_n49152_k12288,32768,49152,12288,21397372928,False,False,False,False
region_m32768_n49152_k16384,32768,49152,16384,24243732480,False,False,False,False
region_m32768_n49152_k24576,32768,49152,24576,29507059712,False,False,False,False
region_m32768_n49152_k32768,32768,49152,32768,35165175808,False,False,False,False
region_m32768_n49152_k49152,32768,49152,49152,45726433280,False,False,False,False
region_m32768_n49152_k65536,32768,49152,65536,56623497216,False,False,False,False
region_m32768_n49152_k98304,32768,49152,98304,78165180416,False,False,False,False
region_m32768_n49152_k131072,32768,49152,131072,99891675136,False,False,False,False
region_m32768_n65536_k256,32768,65536,256,18611830784,False,True,False,False
region_m32768_n65536_k384,32768,65536,384,18636996608,False,True,False,False
region_m32768_n65536_k512,32768,65536,512,18662162432,False,True,False,False
region_m32768_n65536_k768,32768,65536,768,18814730240,False,True,False,False
region_m32768_n65536_k1024,32768,65536,1024,18869780480,False,True,False,False
region_m32768_n65536_k1536,32768,65536,1536,19269287936,False,True,False,False
region_m32768_n65536_k2048,32768,65536,2048,19874840576,False,True,False,False
region_m32768_n65536_k3072,32768,65536,3072,20296368128,False,False,False,False
region_m32768_n65536_k4096,32768,65536,4096,21304573952,False,False,False,False
region_m32768_n65536_k6144,32768,65536,6144,22737453056,False,False,False,False
region_m32768_n65536_k8192,32768,65536,8192,24725553152,False,False,False,False
region_m32768_n65536_k12288,32768,65536,12288,27619622912,False,False,False,False
region_m32768_n65536_k16384,32768,65536,16384,31043747840,False,False,False,False
region_m32768_n65536_k24576,32768,65536,24576,37383962624,False,False,False,False
region_m32768_n65536_k32768,32768,65536,32768,44128403456,False,False,False,False
region_m32768_n65536_k49152,32768,65536,49152,56912642048,False,False,False,False
region_m32768_n65536_k65536,32768,65536,65536,70000443392,False,False,False,False
region_m32768_n65536_k98304,32768,65536,98304,95970000896,False,False,False,False
region_m32768_n65536_k131072,32768,65536,131072,122008240128,False,False,False,False
region_m32768_n98304_k256,32768,98304,256,27582922752,False,True,False,False
region_m32768_n98304_k384,32768,98304,384,27616477184,False,True,False,False
region_m32768_n98304_k512,32768,98304,512,27650031616,False,True,False,False
region_m32768_n98304_k768,32768,98304,768,27852406784,False,True,False,False
region_m32768_n98304_k1024,32768,98304,1024,27921088512,False,True,False,False
region_m32768_n98304_k1536,32768,98304,1536,28457435136,False,False,False,False
region_m32768_n98304_k2048,32768,98304,2048,29263790080,False,False,False,False
region_m32768_n98304_k3072,32768,98304,3072,29810622464,False,False,False,False
region_m32768_n98304_k4096,32768,98304,4096,31151751168,False,False,False,False
region_m32768_n98304_k6144,32768,98304,6144,33046003712,False,False,False,False
region_m32768_n98304_k8192,32768,98304,8192,35718823936,False,False,False,False
region_m32768_n98304_k12288,32768,98304,12288,39516766208,False,False,False,False
region_m32768_n98304_k16384,32768,98304,16384,44074401792,False,False,False,False
region_m32768_n98304_k24576,32768,98304,24576,52458291200,False,False,False,False
region_m32768_n98304_k32768,32768,98304,32768,61538959360,False,False,False,False
region_m32768_n98304_k49152,32768,98304,49152,78341341184,False,False,False,False
region_m32768_n98304_k65536,32768,98304,65536,95765004288,False,False,False,False
region_m32768_n98304_k98304,32768,98304,98304,130107441152,False,False,False,False
region_m32768_n98304_k131072,32768,98304,131072,164819501056,False,False,False,False
region_m32768_n131072_k256,32768,131072,256,36970823680,False,True,False,False
region_m32768_n131072_k384,32768,131072,384,37012766720,False,True,False,False
region_m32768_n131072_k512,32768,131072,512,37054709760,False,True,False,False
region_m32768_n131072_k768,32768,131072,768,37308465152,False,True,False,False
region_m32768_n131072_k1024,32768,131072,1024,37395496960,False,True,False,False
region_m32768_n131072_k1536,32768,131072,1536,38065537024,False,False,False,False
region_m32768_n131072_k2048,32768,131072,2048,39074267136,False,False,False,False
region_m32768_n131072_k3072,32768,131072,3072,39768424448,False,False,False,False
region_m32768_n131072_k4096,32768,131072,4096,41440903168,False,False,False,False
region_m32768_n131072_k6144,32768,131072,6144,43826413568,False,False,False,False
region_m32768_n131072_k8192,32768,131072,8192,47152496640,False,False,False,False
region_m32768_n131072_k12288,32768,131072,12288,51942391808,False,False,False,False
region_m32768_n131072_k16384,32768,131072,16384,57622528000,False,False,False,False
region_m32768_n131072_k24576,32768,131072,24576,68174348288,False,False,False,False
region_m32768_n131072_k32768,32768,131072,32768,79465414656,False,False,False,False
region_m32768_n131072_k49152,32768,131072,49152,100638261248,False,False,False,False
region_m32768_n131072_k65536,32768,131072,65536,122382057472,False,False,False,False
region_m32768_n131072_k98304,32768,131072,98304,165566087168,False,False,False,False
region_m32768_n131072_k131072,32768,131072,131072,208918413312,False,False,False,False
region_m49152_n256_k256,49152,256,256,1191444480,True,True,False,True
region_m49152_n256_k384,49152,256,384,1204092928,True,True,False,True
region_m49152_n256_k512,49152,256,512,1216741376,True,True,False,True
region_m49152_n256_k768,49152,256,768,1294467072,True,True,False,True
region_m49152_n256_k1024,49152,256,1024,1319763968,True,True,False,True
region_m49152_n256_k1536,49152,256,1536,1525547008,True,True,False,True
region_m49152_n256_k2048,49152,256,2048,1834090496,True,True,False,True
region_m49152_n256_k3072,49152,256,3072,2049572864,True,True,False,True
region_m49152_n256_k4096,49152,256,4096,2554462208,True,True,False,True
region_m49152_n256_k6144,49152,256,6144,3293708288,True,True,False,True
region_m49152_n256_k8192,49152,256,8192,4303486976,True,True,False,True
region_m49152_n256_k12288,49152,256,12288,5781979136,True,True,False,True
region_m49152_n256_k16384,49152,256,16384,7493255168,True,True,False,True
region_m49152_n256_k24576,49152,256,24576,10758520832,False,True,False,False
region_m49152_n256_k32768,49152,256,32768,14181072896,False,True,False,False
region_m49152_n256_k49152,49152,256,49152,20711604224,False,True,False,False
region_m49152_n256_k65536,49152,256,65536,27346993152,False,True,False,False
region_m49152_n256_k98304,49152,256,98304,40617771008,False,True,False,False
region_m49152_n256_k131072,49152,256,131072,53888548864,False,True,False,False
region_m49152_n384_k256,49152,384,256,1191510016,True,True,False,True
region_m49152_n384_k384,49152,384,384,1204191232,True,True,False,True
region_m49152_n384_k512,49152,384,512,1216872448,True,True,False,True
region_m49152_n384_k768,49152,384,768,1294663680,True,True,False,True
region_m49152_n384_k1024,49152,384,1024,1320026112,True,True,False,True
region_m49152_n384_k1536,49152,384,1536,1525940224,True,True,False,True
region_m49152_n384_k2048,49152,384,2048,1834614784,True,True,False,True
region_m49152_n384_k3072,49152,384,3072,2050359296,True,True,False,True
region_m49152_n384_k4096,49152,384,4096,2555510784,True,True,False,True
region_m49152_n384_k6144,49152,384,6144,3295281152,True,True,False,True
region_m49152_n384_k8192,49152,384,8192,4305584128,True,True,False,True
region_m49152_n384_k12288,49152,384,12288,5785124864,True,True,False,True
region_m49152_n384_k16384,49152,384,16384,7497449472,True,True,False,True
region_m49152_n384_k24576,49152,384,24576,10764812288,False,True,False,False
region_m49152_n384_k32768,49152,384,32768,14189461504,False,True,False,False
region_m49152_n384_k49152,49152,384,49152,20724187136,False,True,False,False
region_m49152_n384_k65536,49152,384,65536,27363770368,False,True,False,False
region_m49152_n384_k98304,49152,384,98304,40642936832,False,True,False,False
region_m49152_n384_k131072,49152,384,131072,53922103296,False,True,False,False
region_m49152_n512_k256,49152,512,256,1191575552,True,True,False,True
region_m49152_n512_k384,49152,512,384,1204289536,True,True,False,True
region_m49152_n512_k512,49152,512,512,1217003520,True,True,False,True
region_m49152_n512_k768,49152,512,768,1294860288,True,True,False,True
region_m49152_n512_k1024,49152,512,1024,1320288256,True,True,False,True
region_m49152_n512_k1536,49152,512,1536,1526333440,True,True,False,True
region_m49152_n512_k2048,49152,512,2048,1835139072,True,True,False,True
region_m49152_n512_k3072,49152,512,3072,2051145728,True,True,False,True
region_m49152_n512_k4096,49152,512,4096,2556559360,True,True,False,True
region_m49152_n512_k6144,49152,512,6144,3296854016,True,True,False,True
region_m49152_n512_k8192,49152,512,8192,4307681280,True,True,False,True
region_m49152_n512_k12288,49152,512,12288,5788270592,True,True,False,True
region_m49152_n512_k16384,49152,512,16384,7501643776,True,True,False,True
region_m49152_n512_k24576,49152,512,24576,10771103744,False,True,False,False
region_m49152_n512_k32768,49152,512,32768,14197850112,False,True,False,False
region_m49152_n512_k49152,49152,512,49152,20736770048,False,True,False,False
region_m49152_n512_k65536,49152,512,65536,27380547584,False,True,False,False
region_m49152_n512_k98304,49152,512,98304,40668102656,False,True,False,False
region_m49152_n512_k131072,49152,512,131072,53955657728,False,True,False,False
region_m49152_n768_k256,49152,768,256,1191706624,True,True,False,True
region_m49152_n768_k384,49152,768,384,1204486144,True,True,False,True
region_m49152_n768_k512,49152,768,512,1217265664,True,True,False,True
region_m49152_n768_k768,49152,768,768,1295253504,True,True,False,True
region_m49152_n768_k1024,49152,768,1024,1320812544,True,True,False,True
region_m49152_n768_k1536,49152,768,1536,1527119872,True,True,False,True
region_m49152_n768_k2048,49152,768,2048,1836187648,True,True,False,True
region_m49152_n768_k3072,49152,768,3072,2052718592,True,True,False,True
region_m49152_n768_k4096,49152,768,4096,2558656512,True,True,False,True
region_m49152_n768_k6144,49152,768,6144,3299999744,True,True,False,True
region_m49152_n768_k8192,49152,768,8192,4311875584,True,True,False,True
region_m49152_n768_k12288,49152,768,12288,5794562048,True,True,False,True
region_m49152_n768_k16384,49152,768,16384,7510032384,True,True,False,True
region_m49152_n768_k24576,49152,768,24576,10783686656,False,True,False,False
region_m49152_n768_k32768,49152,768,32768,14214627328,False,True,False,False
region_m49152_n768_k49152,49152,768,49152,20761935872,False,True,False,False
region_m49152_n768_k65536,49152,768,65536,27414102016,False,True,False,False
region_m49152_n768_k98304,49152,768,98304,40718434304,False,True,False,False
region_m49152_n768_k131072,49152,768,131072,54022766592,False,False,False,False
region_m49152_n1024_k256,49152,1024,256,1191837696,True,True,False,True
region_m49152_n1024_k384,49152,1024,384,1204682752,True,True,False,True
region_m49152_n1024_k512,49152,1024,512,1217527808,True,True,False,True
region_m49152_n1024_k768,49152,1024,768,1295646720,True,True,False,True
region_m49152_n1024_k1024,49152,1024,1024,1324482560,True,True,False,True
region_m49152_n1024_k1536,49152,1024,1536,1527906304,True,True,False,True
region_m49152_n1024_k2048,49152,1024,2048,1837236224,True,True,False,True
region_m49152_n1024_k3072,49152,1024,3072,2054291456,True,True,False,True
region_m49152_n1024_k4096,49152,1024,4096,2570190848,True,True,False,True
region_m49152_n1024_k6144,49152,1024,6144,3303145472,True,True,False,True
region_m49152_n1024_k8192,49152,1024,8192,4316069888,True,True,False,True
region_m49152_n1024_k12288,49152,1024,12288,5800853504,True,True,False,True
region_m49152_n1024_k16384,49152,1024,16384,7553024000,True,True,False,True
region_m49152_n1024_k24576,49152,1024,24576,10796269568,False,True,False,False
region_m49152_n1024_k32768,49152,1024,32768,14231404544,False,True,False,False
region_m49152_n1024_k49152,49152,1024,49152,20787101696,False,True,False,False
region_m49152_n1024_k65536,49152,1024,65536,27499560960,False,True,False,False
region_m49152_n1024_k98304,49152,1024,98304,40768765952,False,False,False,False
region_m49152_n1024_k131072,49152,1024,131072,54115827712,False,False,False,False
region_m49152_n1536_k256,49152,1536,256,1250820096,True,True,False,True
region_m49152_n1536_k384,49152,1536,384,1263796224,True,True,False,True
region_m49152_n1536_k512,49152,1536,512,1276772352,True,True,False,True
region_m49152_n1536_k768,49152,1536,768,1302724608,True,True,False,True
region_m49152_n1536_k1024,49152,1536,1024,1379532800,True,True,False,True
region_m49152_n1536_k1536,49152,1536,1536,1588199424,True,True,False,True
region_m49152_n1536_k2048,49152,1536,2048,1875771392,True,True,False,True
region_m49152_n1536_k3072,49152,1536,3072,1746010112,True,True,False,True
region_m49152_n1536_k4096,49152,1536,4096,2631532544,True,True,False,True
region_m49152_n1536_k6144,49152,1536,6144,2686582784,True,True,False,True
region_m49152_n1536_k8192,49152,1536,8192,4379770880,True,True,False,True
region_m49152_n1536_k12288,49152,1536,12288,4567728128,True,True,False,True
region_m49152_n1536_k16384,49152,1536,16384,7639531520,True,True,False,True
region_m49152_n1536_k24576,49152,1536,24576,8330018816,True,True,False,True
region_m49152_n1536_k32768,49152,1536,32768,14403371008,False,True,False,False
region_m49152_n1536_k49152,49152,1536,49152,15854600192,False,True,False,False
region_m49152_n1536_k65536,49152,1536,65536,27686731776,False,False,False,False
region_m49152_n1536_k98304,49152,1536,98304,30903762944,False,False,False,False
region_m49152_n1536_k131072,49152,1536,131072,54568026112,False,False,False,False
region_m49152_n2048_k256,49152,2048,256,1602355200,True,True,False,True
region_m49152_n2048_k384,49152,2048,384,1615462400,True,True,False,True
region_m49152_n2048_k512,49152,2048,512,1628569600,True,True,False,True
region_m49152_n2048_k768,49152,2048,768,1708261376,True,True,False,True
region_m49152_n2048_k1024,49152,2048,1024,1736048640,True,True,False,True
region_m49152_n2048_k1536,49152,2048,1536,1945239552,True,True,False,True
region_m49152_n2048_k2048,49152,2048,2048,2260860928,True,True,True,False
region_m49152_n2048_k3072,49152,2048,3072,2480537600,True,True,False,True
region_m49152_n2048_k4096,49152,2048,4096,3003777024,True,True,False,True
region_m49152_n2048_k6144,49152,2048,6144,3752984576,True,True,False,True
region_m49152_n2048_k8192,49152,2048,8192,4790026240,True,True,False,True
region_m49152_n2048_k12288,49152,2048,12288,6297878528,True,True,False,True
region_m49152_n2048_k16384,49152,2048,16384,8074690560,True,True,False,True
region_m49152_n2048_k24576,49152,2048,24576,11387666432,False,True,False,False
region_m49152_n2048_k32768,49152,2048,32768,14906687488,False,True,False,False
region_m49152_n2048_k49152,49152,2048,49152,21567242240,False,False,False,False
region_m49152_n2048_k65536,49152,2048,65536,28406317056,False,False,False,False
region_m49152_n2048_k98304,49152,2048,98304,41926393856,False,False,False,False
region_m49152_n2048_k131072,49152,2048,131072,55536910336,False,False,False,False
region_m49152_n3072_k256,49152,3072,256,2012872704,True,True,False,True
region_m49152_n3072_k384,49152,3072,384,2026242048,True,True,False,True
region_m49152_n3072_k512,49152,3072,512,2039611392,True,True,False,True
region_m49152_n3072_k768,49152,3072,768,2120876032,True,True,False,True
region_m49152_n3072_k1024,49152,3072,1024,2147614720,True,True,False,True
region_m49152_n3072_k1536,49152,3072,1536,2362572800,True,True,False,True
region_m49152_n3072_k2048,49152,3072,2048,2684485632,True,True,False,True
region_m49152_n3072_k3072,49152,3072,3072,2585919488,True,True,False,True
region_m49152_n3072_k4096,49152,3072,4096,3437363200,True,True,False,True
region_m49152_n3072_k6144,49152,3072,6144,3561095168,True,True,False,True
region_m49152_n3072_k8192,49152,3072,8192,5263982592,True,True,False,True
region_m49152_n3072_k12288,49152,3072,12288,5511446528,True,True,False,True
region_m49152_n3072_k16384,49152,3072,16384,8596357120,False,True,False,False
region_m49152_n3072_k24576,49152,3072,24576,9412149248,False,True,False,False
region_m49152_n3072_k32768,49152,3072,32768,15581970432,False,False,False,False
region_m49152_n3072_k49152,49152,3072,49152,17213554688,False,False,False,False
region_m49152_n3072_k65536,49152,3072,65536,29313073152,False,False,False,False
region_m49152_n3072_k98304,49152,3072,98304,32816365568,False,False,False,False
region_m49152_n3072_k131072,49152,3072,131072,57015402496,False,False,False,False
region_m49152_n4096_k256,49152,4096,256,2249064448,True,True,False,True
region_m49152_n4096_k384,49152,4096,384,2262695936,True,True,False,True
region_m49152_n4096_k512,49152,4096,512,2276327424,True,True,False,True
region_m49152_n4096_k768,49152,4096,768,2331115520,True,True,False,True
region_m49152_n4096_k1024,49152,4096,1024,2415001600,True,True,False,True
region_m49152_n4096_k1536,49152,4096,1536,2577006592,True,True,False,True
region_m49152_n4096_k2048,49152,4096,2048,2932211712,True,True,False,True
region_m49152_n4096_k3072,49152,4096,3072,3127771136,True,True,False,True
region_m49152_n4096_k4096,49152,4096,4096,3729915904,True,True,False,True
region_m49152_n4096_k6144,49152,4096,6144,4443471872,True,True,False,True
region_m49152_n4096_k8192,49152,4096,8192,5555748864,True,True,False,True
region_m49152_n4096_k12288,49152,4096,12288,7074873344,True,True,False,True
region_m49152_n4096_k16384,49152,4096,16384,8989573120,False,True,False,False
region_m49152_n4096_k24576,49152,4096,24576,12337676288,False,False,False,False
region_m49152_n4096_k32768,49152,4096,32768,16049897472,False,False,False,False
region_m49152_n4096_k49152,49152,4096,49152,22863282176,False,False,False,False
region_m49152_n4096_k65536,49152,4096,65536,30040784896,False,False,False,False
region_m49152_n4096_k98304,49152,4096,98304,43914493952,False,False,False,False
region_m49152_n4096_k131072,49152,4096,131072,58104348672,False,False,False,False
region_m49152_n6144_k256,49152,6144,256,2897346560,True,True,False,True
region_m49152_n6144_k384,49152,6144,384,2911502336,True,True,False,True
region_m49152_n6144_k512,49152,6144,512,2925658112,True,True,False,True
region_m49152_n6144_k768,49152,6144,768,2953969664,True,True,False,True
region_m49152_n6144_k1024,49152,6144,1024,2996436992,True,True,False,True
region_m49152_n6144_k1536,49152,6144,1536,3038904320,True,True,False,True
region_m49152_n6144_k2048,49152,6144,2048,3576823808,True,True,False,True
region_m49152_n6144_k3072,49152,6144,3072,3095527424,True,True,False,True
region_m49152_n6144_k4096,49152,6144,4096,4355391488,True,True,False,True
region_m49152_n6144_k6144,49152,6144,6144,3775004672,True,True,False,True
region_m49152_n6144_k8192,49152,6144,8192,6294732800,True,True,False,True
region_m49152_n6144_k12288,49152,6144,12288,5133959168,True,True,False,True
region_m49152_n6144_k16384,49152,6144,16384,9791209472,False,False,False,False
region_m49152_n6144_k24576,49152,6144,24576,7851868160,True,False,False,False
region_m49152_n6144_k32768,49152,6144,32768,17166368768,False,False,False,False
region_m49152_n6144_k49152,49152,6144,49152,13287686144,False,False,False,False
region_m49152_n6144_k65536,49152,6144,65536,31534481408,False,False,False,False
region_m49152_n6144_k98304,49152,6144,98304,24159322112,False,False,False,False
region_m49152_n6144_k131072,49152,6144,131072,60652912640,False,False,False,False
region_m49152_n8192_k256,49152,8192,256,4065460224,True,True,False,True
region_m49152_n8192_k384,49152,8192,384,4080140288,True,True,False,True
region_m49152_n8192_k512,49152,8192,512,4094820352,True,True,False,True
region_m49152_n8192_k768,49152,8192,768,4183949312,True,True,False,True
region_m49152_n8192_k1024,49152,8192,1024,4214882304,True,True,False,True
region_m49152_n8192_k1536,49152,8192,1536,4449239040,True,True,False,True
region_m49152_n8192_k2048,49152,8192,2048,4802609152,True,True,False,True
region_m49152_n8192_k3072,49152,8192,3072,5047451648,True,True,False,True
region_m49152_n8192_k4096,49152,8192,4096,5633605632,True,True,False,True
region_m49152_n8192_k6144,49152,8192,6144,6470893568,True,True,False,True
region_m49152_n8192_k8192,49152,8192,8192,7633764352,True,True,False,True
region_m49152_n8192_k12288,49152,8192,12288,9317777408,False,False,False,False
region_m49152_n8192_k16384,49152,8192,16384,11308498944,False,False,False,False
region_m49152_n8192_k24576,49152,8192,24576,15011545088,False,False,False,False
region_m49152_n8192_k32768,49152,8192,32768,18958385152,False,False,False,False
region_m49152_n8192_k49152,49152,8192,49152,26399080448,False,False,False,False
region_m49152_n8192_k65536,49152,8192,65536,34049753088,False,False,False,False
region_m49152_n8192_k98304,49152,8192,98304,49174151168,False,False,False,False
region_m49152_n8192_k131072,49152,8192,131072,64407863296,False,False,False,False
region_m49152_n12288_k256,49152,12288,256,5366743040,True,True,False,True
region_m49152_n12288_k384,49152,12288,384,5382471680,True,True,False,True
region_m49152_n12288_k512,49152,12288,512,5398200320,True,True,False,True
region_m49152_n12288_k768,49152,12288,768,5429657600,True,True,False,True
region_m49152_n12288_k1024,49152,12288,1024,5476843520,True,True,False,True
region_m49152_n12288_k1536,49152,12288,1536,5524029440,True,True,False,True
region_m49152_n12288_k2048,49152,12288,2048,6121717760,True,True,False,True
region_m49152_n12288_k3072,49152,12288,3072,5586944000,True,True,False,True
region_m49152_n12288_k4096,49152,12288,4096,6986792960,True,True,False,True
region_m49152_n12288_k6144,49152,12288,6144,6341918720,True,True,False,True
region_m49152_n12288_k8192,49152,12288,8192,9141616640,False,False,False,False
region_m49152_n12288_k12288,49152,12288,12288,7851868160,True,False,False,False
region_m49152_n12288_k16384,49152,12288,16384,13026590720,False,False,False,False
region_m49152_n12288_k24576,49152,12288,24576,10871767040,False,False,False,False
region_m49152_n12288_k32768,49152,12288,32768,21221212160,False,False,False,False
region_m49152_n12288_k49152,49152,12288,49152,16911564800,False,False,False,False
region_m49152_n12288_k65536,49152,12288,65536,37185781760,False,False,False,False
region_m49152_n12288_k98304,49152,12288,98304,28991160320,False,False,False,False
region_m49152_n12288_k131072,49152,12288,131072,69539594240,False,False,False,False
region_m49152_n16384_k256,49152,16384,256,7181565952,True,True,False,True
region_m49152_n16384_k384,49152,16384,384,7198343168,True,True,False,True
region_m49152_n16384_k512,49152,16384,512,7215120384,True,True,False,True
region_m49152_n16384_k768,49152,16384,768,7282491392,True,True,False,True
region_m49152_n16384_k1024,49152,16384,1024,7385251840,True,True,False,True
region_m49152_n16384_k1536,49152,16384,1536,7585005568,True,True,False,True
region_m49152_n16384_k2048,49152,16384,2048,8021999616,True,True,False,True
region_m49152_n16384_k3072,49152,16384,3072,8261599232,True,True,False,True
region_m49152_n16384_k4096,49152,16384,4096,9002156032,False,True,False,False
region_m49152_n16384_k6144,49152,16384,6144,9879289856,False,False,False,False
region_m49152_n16384_k8192,49152,16384,8192,11249516544,False,False,False,False
region_m49152_n16384_k12288,49152,16384,12288,13114671104,False,False,False,False
region_m49152_n16384_k16384,49152,16384,16384,15469772800,False,False,False,False
region_m49152_n16384_k24576,49152,16384,24576,19585433600,False,False,False,False
region_m49152_n16384_k32768,49152,16384,32768,24159584256,False,False,False,False
region_m49152_n16384_k49152,49152,16384,49152,32526958592,False,False,False,False
region_m49152_n16384_k65536,49152,16384,65536,41340239872,False,False,False,False
region_m49152_n16384_k98304,49152,16384,98304,58410008576,False,False,False,False
region_m49152_n16384_k131072,49152,16384,131072,75833671680,False,False,False,False
region_m49152_n24576_k256,49152,24576,256,10305536000,False,True,False,False
region_m49152_n24576_k384,49152,24576,384,10324410368,False,True,False,False
region_m49152_n24576_k512,49152,24576,512,10343284736,False,True,False,False
region_m49152_n24576_k768,49152,24576,768,10381033472,False,True,False,False
region_m49152_n24576_k1024,49152,24576,1024,10437656576,False,True,False,False
region_m49152_n24576_k1536,49152,24576,1536,10494279680,False,True,False,False
region_m49152_n24576_k2048,49152,24576,2048,11211505664,False,True,False,False
region_m49152_n24576_k3072,49152,24576,3072,10569777152,False,True,False,False
region_m49152_n24576_k4096,49152,24576,4096,12249595904,False,False,False,False
region_m49152_n24576_k6144,49152,24576,6144,11475746816,False,False,False,False
region_m49152_n24576_k8192,49152,24576,8192,14835384320,False,False,False,False
region_m49152_n24576_k12288,49152,24576,12288,13287686144,False,False,False,False
region_m49152_n24576_k16384,49152,24576,16384,19497353216,False,False,False,False
region_m49152_n24576_k24576,49152,24576,24576,16911564800,False,False,False,False
region_m49152_n24576_k32768,49152,24576,32768,29330898944,False,False,False,False
region_m49152_n24576_k49152,49152,24576,49152,24159322112,False,False,False,False
region_m49152_n24576_k65536,49152,24576,65536,48488382464,False,False,False,False
region_m49152_n24576_k98304,49152,24576,98304,38654836736,False,False,False,False
region_m49152_n24576_k131072,49152,24576,131072,87312957440,False,False,False,False
region_m49152_n32768_k256,49152,32768,256,13917880320,False,True,False,False
region_m49152_n32768_k384,49152,32768,384,13938851840,False,True,False,False
region_m49152_n32768_k512,49152,32768,512,13959823360,False,True,False,False
region_m49152_n32768_k768,49152,32768,768,14086701056,False,True,False,False
region_m49152_n32768_k1024,49152,32768,1024,14130216960,False,True,False,False
region_m49152_n32768_k1536,49152,32768,1536,14465236992,False,True,False,False
region_m49152_n32768_k2048,49152,32768,2048,14969602048,False,True,False,False
region_m49152_n32768_k3072,49152,32768,3072,15315107840,False,False,False,False
region_m49152_n32768_k4096,49152,32768,4096,16152920064,False,False,False,False
region_m49152_n32768_k6144,49152,32768,6144,17342529536,False,False,False,False
region_m49152_n32768_k8192,49152,32768,8192,19008716800,False,False,False,False
region_m49152_n32768_k12288,49152,32768,12288,21397372928,False,False,False,False
region_m49152_n32768_k16384,49152,32768,16384,24243732480,False,False,False,False
region_m49152_n32768_k24576,49152,32768,24576,29507059712,False,False,False,False
region_m49152_n32768_k32768,49152,32768,32768,35165175808,False,False,False,False
region_m49152_n32768_k49152,49152,32768,49152,45726433280,False,False,False,False
region_m49152_n32768_k65536,49152,32768,65536,56623497216,False,False,False,False
region_m49152_n32768_k98304,49152,32768,98304,78165180416,False,False,False,False
region_m49152_n32768_k131072,49152,32768,131072,99891675136,False,False,False,False
region_m49152_n49152_k256,49152,49152,256,20183121920,False,True,False,False
region_m49152_n49152_k384,49152,49152,384,20208287744,False,True,False,False
region_m49152_n49152_k512,49152,49152,512,20233453568,False,True,False,False
region_m49152_n49152_k768,49152,49152,768,20283785216,False,True,False,False
region_m49152_n49152_k1024,49152,49152,1024,20359282688,False,True,False,False
region_m49152_n49152_k1536,49152,49152,1536,20434780160,False,True,False,False
region_m49152_n49152_k2048,49152,49152,2048,21391081472,False,False,False,False
region_m49152_n49152_k3072,49152,49152,3072,20535443456,False,False,False,False
region_m49152_n49152_k4096,49152,49152,4096,22775201792,False,False,False,False
region_m49152_n49152_k6144,49152,49152,6144,21743403008,False,False,False,False
region_m49152_n49152_k8192,49152,49152,8192,26222919680,False,False,False,False
region_m49152_n49152_k12288,49152,49152,12288,24159322112,False,False,False,False
region_m49152_n49152_k16384,49152,49152,16384,32438878208,False,False,False,False
region_m49152_n49152_k24576,49152,49152,24576,28991160320,False,False,False,False
region_m49152_n49152_k32768,49152,49152,32768,45550272512,False,False,False,False
region_m49152_n49152_k49152,49152,49152,49152,38654836736,False,False,False,False
region_m49152_n49152_k65536,49152,49152,65536,71093583872,False,False,False,False
region_m49152_n49152_k98304,49152,49152,98304,57982189568,False,False,False,False
region_m49152_n49152_k131072,49152,49152,131072,122859683840,False,False,False,False
region_m49152_n65536_k256,49152,65536,256,26911571968,False,True,False,False
region_m49152_n65536_k384,49152,65536,384,26940932096,False,True,False,False
region_m49152_n65536_k512,49152,65536,512,26970292224,False,True,False,False
region_m49152_n65536_k768,49152,65536,768,27087994880,False,True,False,False
region_m49152_n65536_k1024,49152,65536,1024,27266252800,False,True,False,False
region_m49152_n65536_k1536,49152,65536,1536,27617001472,False,False,False,False
region_m49152_n65536_k2048,49152,65536,2048,28381151232,False,False,False,False
region_m49152_n65536_k3072,49152,65536,3072,28796911616,False,False,False,False
region_m49152_n65536_k4096,49152,65536,4096,30091116544,False,False,False,False
region_m49152_n65536_k6144,49152,65536,6144,31622561792,False,False,False,False
region_m49152_n65536_k8192,49152,65536,8192,34024587264,False,False,False,False
region_m49152_n65536_k12288,49152,65536,12288,37273862144,False,False,False,False
region_m49152_n65536_k16384,49152,65536,16384,41390571520,False,False,False,False
region_m49152_n65536_k24576,49152,65536,24576,48576462848,False,False,False,False
region_m49152_n65536_k32768,49152,65536,32768,56598331392,False,False,False,False
region_m49152_n65536_k49152,49152,65536,49152,71181664256,False,False,False,False
region_m49152_n65536_k65536,49152,65536,65536,86588391424,False,False,False,False
region_m49152_n65536_k98304,49152,65536,98304,116392067072,False,False,False,False
region_m49152_n65536_k131072,49152,65536,131072,146893307904,False,False,False,False
region_m49152_n98304_k256,49152,98304,256,39938293760,False,True,False,False
region_m49152_n98304_k384,49152,98304,384,39976042496,False,True,False,False
region_m49152_n98304_k512,49152,98304,512,40013791232,False,True,False,False
region_m49152_n98304_k768,49152,98304,768,40089288704,False,True,False,False
region_m49152_n98304_k1024,49152,98304,1024,40202534912,False,False,False,False
region_m49152_n98304_k1536,49152,98304,1536,40315781120,False,False,False,False
region_m49152_n98304_k2048,49152,98304,2048,41750233088,False,False,False,False
region_m49152_n98304_k3072,49152,98304,3072,40466776064,False,False,False,False
region_m49152_n98304_k4096,49152,98304,4096,43826413568,False,False,False,False
region_m49152_n98304_k6144,49152,98304,6144,42278715392,False,False,False,False
region_m49152_n98304_k8192,49152,98304,8192,48997990400,False,False,False,False
region_m49152_n98304_k12288,49152,98304,12288,45902594048,False,False,False,False
region_m49152_n98304_k16384,49152,98304,16384,58321928192,False,False,False,False
region_m49152_n98304_k24576,49152,98304,24576,53150351360,False,False,False,False
region_m49152_n98304_k32768,49152,98304,32768,77989019648,False,False,False,False
region_m49152_n98304_k49152,49152,98304,49152,67645865984,False,False,False,False
region_m49152_n98304_k65536,49152,98304,65536,116303986688,False,False,False,False
region_m49152_n98304_k98304,49152,98304,98304,96636895232,False,False,False,False
region_m49152_n98304_k131072,49152,98304,131072,193953136640,False,False,False,False
region_m49152_n131072_k256,49152,131072,256,53327560704,False,True,False,False
region_m49152_n131072_k384,49152,131072,384,53373698048,False,True,False,False
region_m49152_n131072_k512,49152,131072,512,53419835392,False,True,False,False
region_m49152_n131072_k768,49152,131072,768,53697708032,False,False,False,False
region_m49152_n131072_k1024,49152,131072,1024,53791555584,False,False,False,False
region_m49152_n131072_k1536,49152,131072,1536,54529228800,False,False,False,False
region_m49152_n131072_k2048,49152,131072,2048,55637573632,False,False,False,False
region_m49152_n131072_k3072,49152,131072,3072,56385732608,False,False,False,False
region_m49152_n131072_k4096,49152,131072,4096,58230177792,False,False,False,False
region_m49152_n131072_k6144,49152,131072,6144,60829073408,False,False,False,False
region_m49152_n131072_k8192,49152,131072,8192,64508526592,False,False,False,False
region_m49152_n131072_k12288,49152,131072,12288,69715755008,False,False,False,False
region_m49152_n131072_k16384,49152,131072,16384,75984666624,False,False,False,False
region_m49152_n131072_k24576,49152,131072,24576,87489118208,False,False,False,False
region_m49152_n131072_k32768,49152,131072,32768,99992338432,False,False,False,False
region_m49152_n131072_k49152,49152,131072,49152,123035844608,False,False,False,False
region_m49152_n131072_k65536,49152,131072,65536,147002621952,False,False,False,False
region_m49152_n131072_k98304,49152,131072,98304,194129297408,False,False,False,False
region_m49152_n131072_k131072,49152,131072,131072,241927585792,False,False,False,False
region_m65536_n256_k256,65536,256,256,1585709056,True,True,False,True
region_m65536_n256_k384,65536,256,384,1602551808,True,True,False,True
region_m65536_n256_k512,65536,256,512,1619394560,True,True,False,True
region_m65536_n256_k768,65536,256,768,1722286080,True,True,False,True
region_m65536_n256_k1024,65536,256,1024,1757544448,True,True,False,True
region_m65536_n256_k1536,65536,256,1536,2028863488,True,True,False,True
region_m65536_n256_k2048,65536,256,2048,2438070272,True,True,False,True
region_m65536_n256_k3072,65536,256,3072,2723807232,True,True,False,True
region_m65536_n256_k4096,65536,256,4096,3398041600,True,True,False,True
region_m65536_n256_k6144,65536,256,6144,4373741568,True,True,False,True
region_m65536_n256_k8192,65536,256,8192,5712773120,True,True,False,True
region_m65536_n256_k12288,65536,256,12288,7673610240,True,True,False,True
region_m65536_n256_k16384,65536,256,16384,9960030208,False,True,False,False
region_m65536_n256_k24576,65536,256,24576,14273347584,False,True,False,False
region_m65536_n256_k32768,65536,256,32768,18811584512,False,True,False,False
region_m65536_n256_k49152,65536,256,49152,27472822272,False,True,False,False
region_m65536_n256_k65536,65536,256,65536,36272472064,False,True,False,False
region_m65536_n256_k98304,65536,256,98304,53871771648,False,True,False,False
region_m65536_n256_k131072,65536,256,131072,71471071232,False,True,False,False
region_m65536_n384_k256,65536,384,256,1585774592,True,True,False,True
region_m65536_n384_k384,65536,384,384,1602650112,True,True,False,True
region_m65536_n384_k512,65536,384,512,1619525632,True,True,False,True
region_m65536_n384_k768,65536,384,768,1722482688,True,True,False,True
region_m65536_n384_k1024,65536,384,1024,1757806592,True,True,False,True
region_m65536_n384_k1536,65536,384,1536,2029256704,True,True,False,True
region_m65536_n384_k2048,65536,384,2048,2438594560,True,True,False,True
region_m65536_n384_k3072,65536,384,3072,2724593664,True,True,False,True
region_m65536_n384_k4096,65536,384,4096,3399090176,True,True,False,True
region_m65536_n384_k6144,65536,384,6144,4375314432,True,True,False,True
region_m65536_n384_k8192,65536,384,8192,5714870272,True,True,False,True
region_m65536_n384_k12288,65536,384,12288,7676755968,True,True,False,True
region_m65536_n384_k16384,65536,384,16384,9964224512,False,True,False,False
region_m65536_n384_k24576,65536,384,24576,14279639040,False,True,False,False
region_m65536_n384_k32768,65536,384,32768,18819973120,False,True,False,False
region_m65536_n384_k49152,65536,384,49152,27485405184,False,True,False,False
region_m65536_n384_k65536,65536,384,65536,36289249280,False,True,False,False
region_m65536_n384_k98304,65536,384,98304,53896937472,False,True,False,False
region_m65536_n384_k131072,65536,384,131072,71504625664,False,True,False,False
region_m65536_n512_k256,65536,512,256,1585840128,True,True,False,True
region_m65536_n512_k384,65536,512,384,1602748416,True,True,False,True
region_m65536_n512_k512,65536,512,512,1619656704,True,True,False,True
region_m65536_n512_k768,65536,512,768,1722679296,True,True,False,True
region_m65536_n512_k1024,65536,512,1024,1758068736,True,True,False,True
region_m65536_n512_k1536,65536,512,1536,2029649920,True,True,False,True
region_m65536_n512_k2048,65536,512,2048,2439118848,True,True,False,True
region_m65536_n512_k3072,65536,512,3072,2725380096,True,True,False,True
region_m65536_n512_k4096,65536,512,4096,3400138752,True,True,False,True
region_m65536_n512_k6144,65536,512,6144,4376887296,True,True,False,True
region_m65536_n512_k8192,65536,512,8192,5716967424,True,True,False,True
region_m65536_n512_k12288,65536,512,12288,7679901696,True,True,False,True
region_m65536_n512_k16384,65536,512,16384,9968418816,False,True,False,False
region_m65536_n512_k24576,65536,512,24576,14285930496,False,True,False,False
region_m65536_n512_k32768,65536,512,32768,18828361728,False,True,False,False
region_m65536_n512_k49152,65536,512,49152,27497988096,False,True,False,False
region_m65536_n512_k65536,65536,512,65536,36306026496,False,True,False,False
region_m65536_n512_k98304,65536,512,98304,53922103296,False,True,False,False
region_m65536_n512_k131072,65536,512,131072,71538180096,False,True,False,False
region_m65536_n768_k256,65536,768,256,1585971200,True,True,False,True
region_m65536_n768_k384,65536,768,384,1602945024,True,True,False,True
region_m65536_n768_k512,65536,768,512,1619918848,True,True,False,True
region_m65536_n768_k768,65536,768,768,1723072512,True,True,False,True
region_m65536_n768_k1024,65536,768,1024,1758593024,True,True,False,True
region_m65536_n768_k1536,65536,768,1536,2030436352,True,True,False,True
region_m65536_n768_k2048,65536,768,2048,2440167424,True,True,False,True
region_m65536_n768_k3072,65536,768,3072,2726952960,True,True,False,True
region_m65536_n768_k4096,65536,768,4096,3402235904,True,True,False,True
region_m65536_n768_k6144,65536,768,6144,4380033024,True,True,False,True
region_m65536_n768_k8192,65536,768,8192,5721161728,True,True,False,True
region_m65536_n768_k12288,65536,768,12288,7686193152,True,True,False,True
region_m65536_n768_k16384,65536,768,16384,9976807424,False,True,False,False
region_m65536_n768_k24576,65536,768,24576,14298513408,False,True,False,False
region_m65536_n768_k32768,65536,768,32768,18845138944,False,True,False,False
region_m65536_n768_k49152,65536,768,49152,27523153920,False,True,False,False
region_m65536_n768_k65536,65536,768,65536,36339580928,False,True,False,False
region_m65536_n768_k98304,65536,768,98304,53972434944,False,False,False,False
region_m65536_n768_k131072,65536,768,131072,71605288960,False,False,False,False
region_m65536_n1024_k256,65536,1024,256,1586102272,True,True,False,True
region_m65536_n1024_k384,65536,1024,384,1603141632,True,True,False,True
region_m65536_n1024_k512,65536,1024,512,1620180992,True,True,False,True
region_m65536_n1024_k768,65536,1024,768,1723465728,True,True,False,True
region_m65536_n1024_k1024,65536,1024,1024,1763835904,True,True,False,True
region_m65536_n1024_k1536,65536,1024,1536,2031222784,True,True,False,True
region_m65536_n1024_k2048,65536,1024,2048,2441216000,True,True,False,True
region_m65536_n1024_k3072,65536,1024,3072,2728525824,True,True,False,True
region_m65536_n1024_k4096,65536,1024,4096,3418488832,True,True,False,True
region_m65536_n1024_k6144,65536,1024,6144,4383178752,True,True,False,True
region_m65536_n1024_k8192,65536,1024,8192,5725356032,True,True,False,True
region_m65536_n1024_k12288,65536,1024,12288,7692484608,True,True,False,True
region_m65536_n1024_k16384,65536,1024,16384,10037100544,False,True,False,False
region_m65536_n1024_k24576,65536,1024,24576,14311096320,False,True,False,False
region_m65536_n1024_k32768,65536,1024,32768,18861916160,False,True,False,False
region_m65536_n1024_k49152,65536,1024,49152,27548319744,False,True,False,False
region_m65536_n1024_k65536,65536,1024,65536,36511547392,False,True,False,False
region_m65536_n1024_k98304,65536,1024,98304,54022766592,False,False,False,False
region_m65536_n1024_k131072,65536,1024,131072,71741603840,False,False,False,False
region_m65536_n1536_k256,65536,1536,256,1661861888,True,True,False,True
region_m65536_n1536_k384,65536,1536,384,1679032320,True,True,False,True
region_m65536_n1536_k512,65536,1536,512,1696202752,True,True,False,True
region_m65536_n1536_k768,65536,1536,768,1730543616,True,True,False,True
region_m65536_n1536_k1024,65536,1536,1024,1834090496,True,True,False,True
region_m65536_n1536_k1536,65536,1536,1536,2108293120,True,True,False,True
region_m65536_n1536_k2048,65536,1536,2048,2490499072,True,True,False,True
region_m65536_n1536_k3072,65536,1536,3072,2731671552,True,True,False,True
region_m65536_n1536_k4096,65536,1536,4096,3491889152,True,True,False,True
region_m65536_n1536_k6144,65536,1536,6144,4389470208,True,True,False,True
region_m65536_n1536_k8192,65536,1536,8192,5806096384,True,True,False,True
region_m65536_n1536_k12288,65536,1536,12288,7705067520,True,True,False,True
region_m65536_n1536_k16384,65536,1536,16384,10123083776,False,True,False,False
region_m65536_n1536_k24576,65536,1536,24576,14336262144,False,True,False,False
region_m65536_n1536_k32768,65536,1536,32768,19068485632,False,True,False,False
region_m65536_n1536_k49152,65536,1536,49152,27598651392,False,False,False,False
region_m65536_n1536_k65536,65536,1536,65536,36647862272,False,False,False,False
region_m65536_n1536_k98304,65536,1536,98304,54123429888,False,False,False,False
region_m65536_n1536_k131072,65536,1536,131072,72118042624,False,False,False,False
region_m65536_n2048_k256,65536,2048,256,2143944704,True,True,False,True
region_m65536_n2048_k384,65536,2048,384,2161246208,True,True,False,True
region_m65536_n2048_k512,65536,2048,512,2178547712,True,True,False,True
region_m65536_n2048_k768,65536,2048,768,2283929600,True,True,False,True
region_m65536_n2048_k1024,65536,2048,1024,2323251200,True,True,False,True
region_m65536_n2048_k1536,65536,2048,1536,2596929536,True,True,False,True
region_m65536_n2048_k2048,65536,2048,2048,3013738496,True,True,True,False
region_m65536_n2048_k3072,65536,2048,3072,3309436928,True,True,False,True
region_m65536_n2048_k4096,65536,2048,4096,4003069952,True,True,False,True
region_m65536_n2048_k6144,65536,2048,6144,4995547136,True,True,False,True
region_m65536_n2048_k8192,65536,2048,8192,6354501632,True,True,False,True
region_m65536_n2048_k12288,65536,2048,12288,8367767552,True,True,False,True
region_m65536_n2048_k16384,65536,2048,16384,10722344960,False,True,False,False
region_m65536_n2048_k24576,65536,2048,24576,15112208384,False,True,False,False
region_m65536_n2048_k32768,65536,2048,32768,19717554176,False,True,False,False
region_m65536_n2048_k49152,65536,2048,49152,28601090048,False,False,False,False
region_m65536_n2048_k65536,65536,2048,65536,37630115840,False,False,False,False
region_m65536_n2048_k98304,65536,2048,98304,55578853376,False,False,False,False
region_m65536_n2048_k131072,65536,2048,131072,73564028928,False,False,False,False
region_m65536_n3072_k256,65536,3072,256,2675572736,True,True,False,True
region_m65536_n3072_k384,65536,3072,384,2693136384,True,True,False,True
region_m65536_n3072_k512,65536,3072,512,2710700032,True,True,False,True
region_m65536_n3072_k768,65536,3072,768,2817130496,True,True,False,True
region_m65536_n3072_k1024,65536,3072,1024,2855403520,True,True,False,True
region_m65536_n3072_k1536,65536,3072,1536,3134324736,True,True,False,True
region_m65536_n3072_k2048,65536,3072,2048,3556900864,True,True,False,True
region_m65536_n3072_k3072,65536,3072,3072,3849453568,True,True,False,True
region_m65536_n3072_k4096,65536,3072,4096,4554096640,True,True,False,True
region_m65536_n3072_k6144,65536,3072,6144,5551292416,True,True,False,True
region_m65536_n3072_k8192,65536,3072,8192,6941704192,True,True,False,True
region_m65536_n3072_k12288,65536,3072,12288,8954970112,False,True,False,False
region_m65536_n3072_k16384,65536,3072,16384,11348869120,False,True,False,False
region_m65536_n3072_k24576,65536,3072,24576,15762325504,False,False,False,False
region_m65536_n3072_k32768,65536,3072,32768,20480917504,False,False,False,False
region_m65536_n3072_k49152,65536,3072,49152,29377036288,False,False,False,False
region_m65536_n3072_k65536,65536,3072,65536,38527959040,False,False,False,False
region_m65536_n3072_k98304,65536,3072,98304,56606457856,False,False,False,False
region_m65536_n3072_k131072,65536,3072,131072,74794795008,False,False,False,False
region_m65536_n4096_k256,65536,4096,256,3006922752,True,True,False,True
region_m65536_n4096_k384,65536,4096,384,3024748544,True,True,False,True
region_m65536_n4096_k512,65536,4096,512,3042574336,True,True,False,True
region_m65536_n4096_k768,65536,4096,768,3114401792,True,True,False,True
region_m65536_n4096_k1024,65536,4096,1024,3225550848,True,True,False,True
region_m65536_n4096_k1536,65536,4096,1536,3436314624,True,True,False,True
region_m65536_n4096_k2048,65536,4096,2048,3901358080,True,True,False,True
region_m65536_n4096_k3072,65536,4096,3072,4161929216,True,True,False,True
region_m65536_n4096_k4096,65536,4096,4096,4949409792,True,True,False,True
region_m65536_n4096_k6144,65536,4096,6144,5888933888,True,True,False,True
region_m65536_n4096_k8192,65536,4096,8192,7336493056,True,True,False,True
region_m65536_n4096_k12288,65536,4096,12288,9342943232,False,True,False,False
region_m65536_n4096_k16384,65536,4096,16384,11844845568,False,True,False,False
region_m65536_n4096_k24576,65536,4096,24576,16250961920,False,False,False,False
region_m65536_n4096_k32768,65536,4096,32768,21077032960,False,False,False,False
region_m65536_n4096_k49152,65536,4096,49152,30066999296,False,False,False,False
region_m65536_n4096_k65536,65536,4096,65536,39489503232,False,False,False,False
region_m65536_n4096_k98304,65536,4096,98304,57699074048,False,False,False,False
region_m65536_n4096_k131072,65536,4096,131072,76327026688,False,False,False,False
region_m65536_n6144_k256,65536,6144,256,3845259264,True,True,False,True
region_m65536_n6144_k384,65536,6144,384,3863609344,True,True,False,True
region_m65536_n6144_k512,65536,6144,512,3881959424,True,True,False,True
region_m65536_n6144_k768,65536,6144,768,3944873984,True,True,False,True
region_m65536_n6144_k1024,65536,6144,1024,4057071616,True,True,False,True
region_m65536_n6144_k1536,65536,6144,1536,4275699712,True,True,False,True
region_m65536_n6144_k2048,65536,6144,2048,4753588224,True,True,False,True
region_m65536_n6144_k3072,65536,6144,3072,5015207936,True,True,False,True
region_m65536_n6144_k4096,65536,6144,4096,5824970752,True,True,False,True
region_m65536_n6144_k6144,65536,6144,6144,6783893504,True,True,False,True
region_m65536_n6144_k8192,65536,6144,8192,8283095040,True,True,False,True
region_m65536_n6144_k12288,65536,6144,12288,10321264640,False,False,False,False
region_m65536_n6144_k16384,65536,6144,16384,12896567296,False,False,False,False
region_m65536_n6144_k24576,65536,6144,24576,17396006912,False,False,False,False
region_m65536_n6144_k32768,65536,6144,32768,22401122304,False,False,False,False
region_m65536_n6144_k49152,65536,6144,49152,31545491456,False,False,False,False
region_m65536_n6144_k65536,65536,6144,65536,41182953472,False,False,False,False
region_m65536_n6144_k98304,65536,6144,98304,59844460544,False,False,False,False
region_m65536_n6144_k131072,65536,6144,131072,78897610752,False,False,False,False
region_m65536_n8192_k256,65536,8192,256,5437521920,True,True,False,True
region_m65536_n8192_k384,65536,8192,384,5456396288,True,True,False,True
region_m65536_n8192_k512,65536,8192,512,5475270656,True,True,False,True
region_m65536_n8192_k768,65536,8192,768,5590089728,True,True,False,True
region_m65536_n8192_k1024,65536,8192,1024,5632557056,True,True,False,True
region_m65536_n8192_k1536,65536,8192,1536,5931401216,True,True,False,True
region_m65536_n8192_k2048,65536,8192,2048,6385958912,True,True,False,True
region_m65536_n8192_k3072,65536,8192,3072,6706823168,True,True,False,True
region_m65536_n8192_k4096,65536,8192,4096,7463370752,True,True,False,True
region_m65536_n8192_k6144,65536,8192,6144,8543928320,True,True,False,True
region_m65536_n8192_k8192,65536,8192,8192,10028711936,False,True,False,False
region_m65536_n8192_k12288,65536,8192,12288,12218138624,False,False,False,False
region_m65536_n8192_k16384,65536,8192,16384,14786625536,False,False,False,False
region_m65536_n8192_k24576,65536,8192,24576,19566559232,False,False,False,False
region_m65536_n8192_k32768,65536,8192,32768,24599724032,False,False,False,False
region_m65536_n8192_k49152,65536,8192,49152,34263400448,False,False,False,False
region_m65536_n8192_k65536,65536,8192,65536,44104024064,False,False,False,False
region_m65536_n8192_k98304,65536,8192,98304,63657082880,False,False,False,False
region_m65536_n8192_k131072,65536,8192,131072,83252871168,False,False,False,False
region_m65536_n12288_k256,65536,12288,256,7131234304,True,True,False,True
region_m65536_n12288_k384,65536,12288,384,7151157248,True,True,False,True
region_m65536_n12288_k512,65536,12288,512,7171080192,True,True,False,True
region_m65536_n12288_k768,65536,12288,768,7251034112,True,True,False,True
region_m65536_n12288_k1024,65536,12288,1024,7372668928,True,True,False,True
region_m65536_n12288_k1536,65536,12288,1536,7610171392,True,True,False,True
region_m65536_n12288_k2048,65536,12288,2048,8128954368,True,True,False,True
region_m65536_n12288_k3072,65536,12288,3072,8412594176,True,True,False,True
region_m65536_n12288_k4096,65536,12288,4096,9291563008,False,True,False,False
region_m65536_n12288_k6144,65536,12288,6144,10332274688,False,False,False,False
region_m65536_n12288_k8192,65536,12288,8192,11960451072,False,False,False,False
region_m65536_n12288_k12288,65536,12288,12288,14171635712,False,False,False,False
region_m65536_n12288_k16384,65536,12288,16384,16967139328,False,False,False,False
region_m65536_n12288_k24576,65536,12288,24576,21850357760,False,False,False,False
region_m65536_n12288_k32768,65536,12288,32768,27286437888,False,False,False,False
region_m65536_n12288_k49152,65536,12288,49152,37207801856,False,False,False,False
region_m65536_n12288_k65536,65536,12288,65536,47669444608,False,False,False,False
region_m65536_n12288_k98304,65536,12288,98304,67922690048,False,False,False,False
region_m65536_n12288_k131072,65536,12288,131072,88605327360,False,False,False,False
region_m65536_n16384_k256,65536,16384,256,9600368640,False,True,False,False
region_m65536_n16384_k384,65536,16384,384,9621340160,False,True,False,False
region_m65536_n16384_k512,65536,16384,512,9642311680,False,True,False,False
region_m65536_n16384_k768,65536,16384,768,9726722048,False,True,False,False
region_m65536_n16384_k1024,65536,16384,1024,9856745472,False,True,False,False
region_m65536_n16384_k1536,65536,16384,1536,10105257984,False,True,False,False
region_m65536_n16384_k2048,65536,16384,2048,10652090368,False,True,False,False
region_m65536_n16384_k3072,65536,16384,3072,10956701696,False,True,False,False
region_m65536_n16384_k4096,65536,16384,4096,11882594304,False,True,False,False
region_m65536_n16384_k6144,65536,16384,6144,12985696256,False,False,False,False
region_m65536_n16384_k8192,65536,16384,8192,14691205120,False,False,False,False
region_m65536_n16384_k12288,65536,16384,12288,17043685376,False,False,False,False
region_m65536_n16384_k16384,65536,16384,16384,19985989632,False,False,False,False
region_m65536_n16384_k24576,65536,16384,24576,25159663616,False,False,False,False
region_m65536_n16384_k32768,65536,16384,32768,30847664128,False,False,False,False
region_m65536_n16384_k49152,65536,16384,49152,41391620096,False,False,False,False
region_m65536_n16384_k65536,65536,16384,65536,52449902592,False,False,False,False
region_m65536_n16384_k98304,65536,16384,98304,73855533056,False,False,False,False
region_m65536_n16384_k131072,65536,16384,131072,95717294080,False,False,False,False
region_m65536_n24576_k256,65536,24576,256,13724680192,False,True,False,False
region_m65536_n24576_k384,65536,24576,384,13747748864,False,True,False,False
region_m65536_n24576_k512,65536,24576,512,13770817536,False,True,False,False
region_m65536_n24576_k768,65536,24576,768,13863354368,False,True,False,False
region_m65536_n24576_k1024,65536,24576,1024,14003863552,False,True,False,False
region_m65536_n24576_k1536,65536,24576,1536,14279114752,False,True,False,False
region_m65536_n24576_k2048,65536,24576,2048,14879686656,False,True,False,False
region_m65536_n24576_k3072,65536,24576,3072,15207366656,False,False,False,False
region_m65536_n24576_k4096,65536,24576,4096,16224747520,False,False,False,False
region_m65536_n24576_k6144,65536,24576,6144,17429037056,False,False,False,False
region_m65536_n24576_k8192,65536,24576,8192,19315163136,False,False,False,False
region_m65536_n24576_k12288,65536,24576,12288,21872377856,False,False,False,False
region_m65536_n24576_k16384,65536,24576,16384,25108283392,False,False,False,False
region_m65536_n24576_k24576,65536,24576,24576,30759059456,False,False,False,False
region_m65536_n24576_k32768,65536,24576,32768,37057069056,False,False,False,False
region_m65536_n24576_k49152,65536,24576,49152,48532422656,False,False,False,False
region_m65536_n24576_k65536,65536,24576,65536,60642426880,False,False,False,False
region_m65536_n24576_k98304,65536,24576,98304,84079149056,False,False,False,False
region_m65536_n24576_k131072,65536,24576,131072,108024692736,False,False,False,False
region_m65536_n32768_k256,65536,32768,256,18611830784,False,True,False,False
region_m65536_n32768_k384,65536,32768,384,18636996608,False,True,False,False
region_m65536_n32768_k512,65536,32768,512,18662162432,False,True,False,False
region_m65536_n32768_k768,65536,32768,768,18814730240,False,True,False,False
region_m65536_n32768_k1024,65536,32768,1024,18869780480,False,True,False,False
region_m65536_n32768_k1536,65536,32768,1536,19269287936,False,True,False,False
region_m65536_n32768_k2048,65536,32768,2048,19874840576,False,True,False,False
region_m65536_n32768_k3072,65536,32768,3072,20296368128,False,False,False,False
region_m65536_n32768_k4096,65536,32768,4096,21304573952,False,False,False,False
region_m65536_n32768_k6144,65536,32768,6144,22737453056,False,False,False,False
region_m65536_n32768_k8192,65536,32768,8192,24725553152,False,False,False,False
region_m65536_n32768_k12288,65536,32768,12288,27619622912,False,False,False,False
region_m65536_n32768_k16384,65536,32768,16384,31043747840,False,False,False,False
region_m65536_n32768_k24576,65536,32768,24576,37383962624,False,False,False,False
region_m65536_n32768_k32768,65536,32768,32768,44128403456,False,False,False,False
region_m65536_n32768_k49152,65536,32768,49152,56912642048,False,False,False,False
region_m65536_n32768_k65536,65536,32768,65536,70000443392,False,False,False,False
region_m65536_n32768_k98304,65536,32768,98304,95970000896,False,False,False,False
region_m65536_n32768_k131072,65536,32768,131072,122008240128,False,False,False,False
region_m65536_n49152_k256,65536,49152,256,26911571968,False,True,False,False
region_m65536_n49152_k384,65536,49152,384,26940932096,False,True,False,False
region_m65536_n49152_k512,65536,49152,512,26970292224,False,True,False,False
region_m65536_n49152_k768,65536,49152,768,27087994880,False,True,False,False
region_m65536_n49152_k1024,65536,49152,1024,27266252800,False,True,False,False
region_m65536_n49152_k1536,65536,49152,1536,27617001472,False,False,False,False
region_m65536_n49152_k2048,65536,49152,2048,28381151232,False,False,False,False
region_m65536_n49152_k3072,65536,49152,3072,28796911616,False,False,False,False
region_m65536_n49152_k4096,65536,49152,4096,30091116544,False,False,False,False
region_m65536_n49152_k6144,65536,49152,6144,31622561792,False,False,False,False
region_m65536_n49152_k8192,65536,49152,8192,34024587264,False,False,False,False
region_m65536_n49152_k12288,65536,49152,12288,37273862144,False,False,False,False
region_m65536_n49152_k16384,65536,49152,16384,41390571520,False,False,False,False
region_m65536_n49152_k24576,65536,49152,24576,48576462848,False,False,False,False
region_m65536_n49152_k32768,65536,49152,32768,56598331392,False,False,False,False
region_m65536_n49152_k49152,65536,49152,49152,71181664256,False,False,False,False
region_m65536_n49152_k65536,65536,49152,65536,86588391424,False,False,False,False
region_m65536_n49152_k98304,65536,49152,98304,116392067072,False,False,False,False
region_m65536_n49152_k131072,65536,49152,131072,146893307904,False,False,False,False
region_m65536_n65536_k256,65536,65536,256,35974152192,False,True,False,False
region_m65536_n65536_k384,65536,65536,384,36007706624,False,True,False,False
region_m65536_n65536_k512,65536,65536,512,36041261056,False,True,False,False
region_m65536_n65536_k768,65536,65536,768,36176003072,False,True,False,False
region_m65536_n65536_k1024,65536,65536,1024,36381523968,False,True,False,False
region_m65536_n65536_k1536,65536,65536,1536,36781031424,False,False,False,False
region_m65536_n65536_k2048,65536,65536,2048,37655019520,False,False,False,False
region_m65536_n65536_k3072,65536,65536,3072,38135791616,False,False,False,False
region_m65536_n65536_k4096,65536,65536,4096,39615332352,False,False,False,False
region_m65536_n65536_k6144,65536,65536,6144,41372745728,False,False,False,False
region_m65536_n65536_k8192,65536,65536,8192,44110053376,False,False,False,False
region_m65536_n65536_k12288,65536,65536,12288,47846653952,False,False,False,False
region_m65536_n65536_k16384,65536,65536,16384,52550565888,False,False,False,False
region_m65536_n65536_k24576,65536,65536,24576,60794470400,False,False,False,False
region_m65536_n65536_k32768,65536,65536,32768,69930188800,False,False,False,False
region_m65536_n65536_k49152,65536,65536,49152,86690103296,False,False,False,False
region_m65536_n65536_k65536,65536,65536,65536,104291500032,False,False,False,False
region_m65536_n65536_k98304,65536,65536,98304,138481369088,False,False,False,False
region_m65536_n65536_k131072,65536,65536,131072,173278363648,False,False,False,False
region_m65536_n98304_k256,65536,98304,256,53285355520,False,True,False,False
region_m65536_n98304_k384,65536,98304,384,53327298560,False,True,False,False
region_m65536_n98304_k512,65536,98304,512,53369241600,False,True,False,False
region_m65536_n98304_k768,65536,98304,768,53537275904,False,False,False,False
region_m65536_n98304_k1024,65536,98304,1024,53791031296,False,False,False,False
region_m65536_n98304_k1536,65536,98304,1536,54292774912,False,False,False,False
region_m65536_n98304_k2048,65536,98304,2048,55384080384,False,False,False,False
region_m65536_n98304_k3072,65536,98304,3072,55976001536,False,False,False,False
region_m65536_n98304_k4096,65536,98304,4096,57823854592,False,False,False,False
region_m65536_n98304_k6144,65536,98304,6144,60009611264,False,False,False,False
region_m65536_n98304_k8192,65536,98304,8192,63443435520,False,False,False,False
region_m65536_n98304_k12288,65536,98304,12288,68076830720,False,False,False,False
region_m65536_n98304_k16384,65536,98304,16384,73955147776,False,False,False,False
region_m65536_n98304_k24576,65536,98304,24576,84211269632,False,False,False,False
region_m65536_n98304_k32768,65536,98304,32768,95680856064,False,False,False,False
region_m65536_n98304_k49152,65536,98304,49152,116480147456,False,False,False,False
region_m65536_n98304_k65536,65536,98304,65536,138480320512,False,False,False,False
region_m65536_n98304_k98304,65536,98304,98304,181017903104,False,False,False,False
region_m65536_n98304_k131072,65536,98304,131072,224630538240,False,False,False,False
region_m65536_n131072_k256,65536,131072,256,71309066240,False,True,False,False
region_m65536_n131072_k384,65536,131072,384,71359397888,False,True,False,False
region_m65536_n131072_k512,65536,131072,512,71409729536,False,True,False,False
region_m65536_n131072_k768,65536,131072,768,71713292288,False,False,False,False
region_m65536_n131072_k1024,65536,131072,1024,71818674176,False,False,False,False
region_m65536_n131072_k1536,65536,131072,1536,72620834816,False,False,False,False
region_m65536_n131072_k2048,65536,131072,2048,73830367232,False,False,False,False
region_m65536_n131072_k3072,65536,131072,3072,74654547968,False,False,False,False
region_m65536_n131072_k4096,65536,131072,4096,76669386752,False,False,False,False
region_m65536_n131072_k6144,65536,131072,6144,79511552000,False,False,False,False
region_m65536_n131072_k8192,65536,131072,8192,83512918016,False,False,False,False
region_m65536_n131072_k12288,65536,131072,12288,89225560064,False,False,False,False
region_m65536_n131072_k16384,65536,131072,16384,96072237056,False,False,False,False
region_m65536_n131072_k24576,65536,131072,24576,108653576192,False,False,False,False
region_m65536_n131072_k32768,65536,131072,32768,122243121152,False,False,False,False
region_m65536_n131072_k49152,65536,131072,49152,147509608448,False,False,False,False
region_m65536_n131072_k65536,65536,131072,65536,173683638272,False,False,False,False
region_m65536_n131072_k98304,65536,131072,98304,225221672960,False,False,False,False
region_m65536_n131072_k131072,65536,131072,131072,277163933696,False,False,False,False
region_m98304_n256_k256,98304,256,256,2374238208,True,True,False,True
region_m98304_n256_k384,98304,256,384,2399469568,True,True,False,True
region_m98304_n256_k512,98304,256,512,2424700928,True,True,False,True
region_m98304_n256_k768,98304,256,768,2577924096,True,True,False,True
region_m98304_n256_k1024,98304,256,1024,2628386816,True,True,False,True
region_m98304_n256_k1536,98304,256,1536,3035496448,True,True,False,True
region_m98304_n256_k2048,98304,256,2048,3646029824,True,True,False,True
region_m98304_n256_k3072,98304,256,3072,4062838784,True,True,False,True
region_m98304_n256_k4096,98304,256,4096,5071044608,True,True,False,True
region_m98304_n256_k6144,98304,256,6144,6514933760,True,True,False,True
region_m98304_n256_k8192,98304,256,8192,8531345408,True,True,False,True
region_m98304_n256_k12288,98304,256,12288,11419123712,False,True,False,False
region_m98304_n256_k16384,98304,256,16384,14841675776,False,True,False,False
region_m98304_n256_k24576,98304,256,24576,21227503616,False,True,False,False
region_m98304_n256_k32768,98304,256,32768,28072607744,False,True,False,False
region_m98304_n256_k49152,98304,256,49152,40844263424,False,True,False,False
region_m98304_n256_k65536,98304,256,65536,53956706304,False,True,False,False
region_m98304_n256_k98304,98304,256,98304,80077783040,False,True,False,False
region_m98304_n256_k131072,98304,256,131072,106302668800,False,True,False,False
region_m98304_n384_k256,98304,384,256,2374303744,True,True,False,True
region_m98304_n384_k384,98304,384,384,2399567872,True,True,False,True
region_m98304_n384_k512,98304,384,512,2424832000,True,True,False,True
region_m98304_n384_k768,98304,384,768,2578120704,True,True,False,True
region_m98304_n384_k1024,98304,384,1024,2628648960,True,True,False,True
region_m98304_n384_k1536,98304,384,1536,3035889664,True,True,False,True
region_m98304_n384_k2048,98304,384,2048,3646554112,True,True,False,True
region_m98304_n384_k3072,98304,384,3072,4063625216,True,True,False,True
region_m98304_n384_k4096,98304,384,4096,5072093184,True,True,False,True
region_m98304_n384_k6144,98304,384,6144,6516506624,True,True,False,True
region_m98304_n384_k8192,98304,384,8192,8533442560,True,True,False,True
region_m98304_n384_k12288,98304,384,12288,11422269440,False,True,False,False
region_m98304_n384_k16384,98304,384,16384,14845870080,False,True,False,False
region_m98304_n384_k24576,98304,384,24576,21233795072,False,True,False,False
region_m98304_n384_k32768,98304,384,32768,28080996352,False,True,False,False
region_m98304_n384_k49152,98304,384,49152,40856846336,False,True,False,False
region_m98304_n384_k65536,98304,384,65536,53973483520,False,True,False,False
region_m98304_n384_k98304,98304,384,98304,80102948864,False,True,False,False
region_m98304_n384_k131072,98304,384,131072,106336223232,False,False,False,False
region_m98304_n512_k256,98304,512,256,2374369280,True,True,False,True
region_m98304_n512_k384,98304,512,384,2399666176,True,True,False,True
region_m98304_n512_k512,98304,512,512,2424963072,True,True,False,True
region_m98304_n512_k768,98304,512,768,2578317312,True,True,False,True
region_m98304_n512_k1024,98304,512,1024,2628911104,True,True,False,True
region_m98304_n512_k1536,98304,512,1536,3036282880,True,True,False,True
region_m98304_n512_k2048,98304,512,2048,3647078400,True,True,False,True
region_m98304_n512_k3072,98304,512,3072,4064411648,True,True,False,True
region_m98304_n512_k4096,98304,512,4096,5073141760,True,True,False,True
region_m98304_n512_k6144,98304,512,6144,6518079488,True,True,False,True
region_m98304_n512_k8192,98304,512,8192,8535539712,True,True,False,True
region_m98304_n512_k12288,98304,512,12288,11425415168,False,True,False,False
region_m98304_n512_k16384,98304,512,16384,14850064384,False,True,False,False
region_m98304_n512_k24576,98304,512,24576,21240086528,False,True,False,False
region_m98304_n512_k32768,98304,512,32768,28089384960,False,True,False,False
region_m98304_n512_k49152,98304,512,49152,40869429248,False,True,False,False
region_m98304_n512_k65536,98304,512,65536,53990260736,False,True,False,False
region_m98304_n512_k98304,98304,512,98304,80128114688,False,False,False,False
region_m98304_n512_k131072,98304,512,131072,106369777664,False,False,False,False
region_m98304_n768_k256,98304,768,256,2374500352,True,True,False,True
region_m98304_n768_k384,98304,768,384,2399862784,True,True,False,True
region_m98304_n768_k512,98304,768,512,2425225216,True,True,False,True
region_m98304_n768_k768,98304,768,768,2578710528,True,True,False,True
region_m98304_n768_k1024,98304,768,1024,2629435392,True,True,False,True
region_m98304_n768_k1536,98304,768,1536,3037069312,True,True,False,True
region_m98304_n768_k2048,98304,768,2048,3648126976,True,True,False,True
region_m98304_n768_k3072,98304,768,3072,4065984512,True,True,False,True
region_m98304_n768_k4096,98304,768,4096,5075238912,True,True,False,True
region_m98304_n768_k6144,98304,768,6144,6521225216,True,True,False,True
region_m98304_n768_k8192,98304,768,8192,8539734016,True,True,False,True
region_m98304_n768_k12288,98304,768,12288,11431706624,False,True,False,False
region_m98304_n768_k16384,98304,768,16384,14858452992,False,True,False,False
region_m98304_n768_k24576,98304,768,24576,21252669440,False,True,False,False
region_m98304_n768_k32768,98304,768,32768,28106162176,False,True,False,False
region_m98304_n768_k49152,98304,768,49152,40894595072,False,True,False,False
region_m98304_n768_k65536,98304,768,65536,54023815168,False,False,False,False
region_m98304_n768_k98304,98304,768,98304,80178446336,False,False,False,False
region_m98304_n768_k131072,98304,768,131072,106436886528,False,False,False,False
region_m98304_n1024_k256,98304,1024,256,2374631424,True,True,False,True
region_m98304_n1024_k384,98304,1024,384,2400059392,True,True,False,True
region_m98304_n1024_k512,98304,1024,512,2425487360,True,True,False,True
region_m98304_n1024_k768,98304,1024,768,2579103744,True,True,False,True
region_m98304_n1024_k1024,98304,1024,1024,2633105408,True,True,False,True
region_m98304_n1024_k1536,98304,1024,1536,3037855744,True,True,False,True
region_m98304_n1024_k2048,98304,1024,2048,3649175552,True,True,False,True
region_m98304_n1024_k3072,98304,1024,3072,4067557376,True,True,False,True
region_m98304_n1024_k4096,98304,1024,4096,5086773248,True,True,False,True
region_m98304_n1024_k6144,98304,1024,6144,6524370944,True,True,False,True
region_m98304_n1024_k8192,98304,1024,8192,8543928320,True,True,False,True
region_m98304_n1024_k12288,98304,1024,12288,11437998080,False,True,False,False
region_m98304_n1024_k16384,98304,1024,16384,14901444608,False,True,False,False
region_m98304_n1024_k24576,98304,1024,24576,21265252352,False,True,False,False
region_m98304_n1024_k32768,98304,1024,32768,28122939392,False,True,False,False
region_m98304_n1024_k49152,98304,1024,49152,40919760896,False,False,False,False
region_m98304_n1024_k65536,98304,1024,65536,54160130048,False,False,False,False
region_m98304_n1024_k98304,98304,1024,98304,80228777984,False,False,False,False
region_m98304_n1024_k131072,98304,1024,131072,106503995392,False,False,False,False
region_m98304_n1536_k256,98304,1536,256,2483945472,True,True,False,True
region_m98304_n1536_k384,98304,1536,384,2509504512,True,True,False,True
region_m98304_n1536_k512,98304,1536,512,2535063552,True,True,False,True
region_m98304_n1536_k768,98304,1536,768,2586181632,True,True,False,True
region_m98304_n1536_k1024,98304,1536,1024,2738487296,True,True,False,True
region_m98304_n1536_k1536,98304,1536,1536,3148480512,True,True,False,True
region_m98304_n1536_k2048,98304,1536,2048,3712876544,True,True,False,True
region_m98304_n1536_k3072,98304,1536,3072,3457286144,True,True,False,True
region_m98304_n1536_k4096,98304,1536,4096,5198446592,True,True,False,True
region_m98304_n1536_k6144,98304,1536,6144,5303828480,True,True,False,True
region_m98304_n1536_k8192,98304,1536,8192,8632795136,False,True,False,False
region_m98304_n1536_k12288,98304,1536,12288,8996913152,False,True,False,False
region_m98304_n1536_k16384,98304,1536,16384,15038283776,False,True,False,False
region_m98304_n1536_k24576,98304,1536,24576,16383082496,False,True,False,False
region_m98304_n1536_k32768,98304,1536,32768,28312469504,False,False,False,False
region_m98304_n1536_k49152,98304,1536,49152,31155421184,False,False,False,False
region_m98304_n1536_k65536,98304,1536,65536,54397632512,False,False,False,False
region_m98304_n1536_k98304,98304,1536,98304,60700098560,False,False,False,False
region_m98304_n1536_k131072,98304,1536,131072,107114266624,False,False,False,False
region_m98304_n2048_k256,98304,2048,256,3187802112,True,True,False,True
region_m98304_n2048_k384,98304,2048,384,3213492224,True,True,False,True
region_m98304_n2048_k512,98304,2048,512,3239182336,True,True,False,True
region_m98304_n2048_k768,98304,2048,768,3394371584,True,True,False,True
region_m98304_n2048_k1024,98304,2048,1024,3447324672,True,True,False,True
region_m98304_n2048_k1536,98304,2048,1536,3857842176,True,True,False,True
region_m98304_n2048_k2048,98304,2048,2048,4475453440,True,True,True,False
region_m98304_n2048_k3072,98304,2048,3072,4896456704,True,True,False,True
region_m98304_n2048_k4096,98304,2048,4096,5923012608,True,True,False,True
region_m98304_n2048_k6144,98304,2048,6144,7376863232,True,True,False,True
region_m98304_n2048_k8192,98304,2048,8192,9420537856,False,True,False,False
region_m98304_n2048_k12288,98304,2048,12288,12337676288,False,True,False,False
region_m98304_n2048_k16384,98304,2048,16384,15825764352,False,True,False,False
region_m98304_n2048_k24576,98304,2048,24576,22259302400,False,False,False,False
region_m98304_n2048_k32768,98304,2048,32768,29200875520,False,False,False,False
region_m98304_n2048_k49152,98304,2048,49152,42102554624,False,False,False,False
region_m98304_n2048_k65536,98304,2048,65536,55436771328,False,False,False,False
region_m98304_n2048_k98304,98304,2048,98304,81789059072,False,False,False,False
region_m98304_n2048_k131072,98304,2048,131072,108385140736,False,False,False,False
region_m98304_n3072_k256,98304,3072,256,4000972800,True,True,False,True
region_m98304_n3072_k384,98304,3072,384,4026925056,True,True,False,True
region_m98304_n3072_k512,98304,3072,512,4052877312,True,True,False,True
region_m98304_n3072_k768,98304,3072,768,4209639424,True,True,False,True
region_m98304_n3072_k1024,98304,3072,1024,4261543936,True,True,False,True
region_m98304_n3072_k1536,98304,3072,1536,4677828608,True,True,False,True
region_m98304_n3072_k2048,98304,3072,2048,5301731328,True,True,False,True
region_m98304_n3072_k3072,98304,3072,3072,5102501888,True,True,False,True
region_m98304_n3072_k4096,98304,3072,4096,6759251968,True,True,False,True
region_m98304_n3072_k6144,98304,3072,6144,6983647232,True,True,False,True
region_m98304_n3072_k8192,98304,3072,8192,10297147392,False,True,False,False
region_m98304_n3072_k12288,98304,3072,12288,10745937920,False,True,False,False
region_m98304_n3072_k16384,98304,3072,16384,16750084096,False,False,False,False
region_m98304_n3072_k24576,98304,3072,24576,18270519296,False,False,False,False
region_m98304_n3072_k32768,98304,3072,32768,30278811648,False,False,False,False
region_m98304_n3072_k49152,98304,3072,49152,33319682048,False,False,False,False
region_m98304_n3072_k65536,98304,3072,65536,56743821312,False,False,False,False
region_m98304_n3072_k98304,98304,3072,98304,63418007552,False,False,False,False
region_m98304_n3072_k131072,98304,3072,131072,110266286080,False,False,False,False
region_m98304_n4096_k256,98304,4096,256,4463656960,True,True,False,True
region_m98304_n4096_k384,98304,4096,384,4489871360,True,True,False,True
region_m98304_n4096_k512,98304,4096,512,4516085760,True,True,False,True
region_m98304_n4096_k768,98304,4096,768,4621205504,True,True,False,True
region_m98304_n4096_k1024,98304,4096,1024,4780589056,True,True,False,True
region_m98304_n4096_k1536,98304,4096,1536,5093588992,True,True,False,True
region_m98304_n4096_k2048,98304,4096,2048,5775949824,True,True,False,True
region_m98304_n4096_k3072,98304,4096,3072,6147670016,True,True,False,True
region_m98304_n4096_k4096,98304,4096,4096,7303462912,True,True,False,True
region_m98304_n4096_k6144,98304,4096,6144,8671330304,False,True,False,False
region_m98304_n4096_k8192,98304,4096,8192,10815406080,False,True,False,False
region_m98304_n4096_k12288,98304,4096,12288,13718650880,False,False,False,False
region_m98304_n4096_k16384,98304,4096,16384,17394958336,False,False,False,False
region_m98304_n4096_k24576,98304,4096,24576,23813292032,False,False,False,False
region_m98304_n4096_k32768,98304,4096,32768,30973231104,False,False,False,False
region_m98304_n4096_k49152,98304,4096,49152,44002574336,False,False,False,False
region_m98304_n4096_k65536,98304,4096,65536,57760940032,False,False,False,False
region_m98304_n4096_k98304,98304,4096,98304,84381138944,False,False,False,False
region_m98304_n4096_k131072,98304,4096,131072,111604531200,False,False,False,False
region_m98304_n6144_k256,98304,6144,256,5741084672,True,True,False,True
region_m98304_n6144_k384,98304,6144,384,5767823360,True,True,False,True
region_m98304_n6144_k512,98304,6144,512,5794562048,True,True,False,True
region_m98304_n6144_k768,98304,6144,768,5848039424,True,True,False,True
region_m98304_n6144_k1024,98304,6144,1024,5928255488,True,True,False,True
region_m98304_n6144_k1536,98304,6144,1536,6008471552,True,True,False,True
region_m98304_n6144_k2048,98304,6144,2048,7024541696,True,True,False,True
region_m98304_n6144_k3072,98304,6144,3072,6115426304,True,True,False,True
region_m98304_n6144_k4096,98304,6144,4096,8495169536,True,True,False,True
region_m98304_n6144_k6144,98304,6144,6144,7398883328,True,True,False,True
region_m98304_n6144_k8192,98304,6144,8192,12158369792,False,False,False,False
region_m98304_n6144_k12288,98304,6144,12288,9965797376,False,False,False,False
region_m98304_n6144_k16384,98304,6144,16384,18762825728,False,False,False,False
region_m98304_n6144_k24576,98304,6144,24576,15099625472,False,False,False,False
region_m98304_n6144_k32768,98304,6144,32768,32693682176,False,False,False,False
region_m98304_n6144_k49152,98304,6144,49152,25367281664,False,False,False,False
region_m98304_n6144_k65536,98304,6144,65536,59833450496,False,False,False,False
region_m98304_n6144_k98304,98304,6144,98304,45902594048,False,False,False,False
region_m98304_n6144_k131072,98304,6144,131072,114834931712,False,False,False,False
region_m98304_n8192_k256,98304,8192,256,8066826240,True,True,False,True
region_m98304_n8192_k384,98304,8192,384,8094089216,True,True,False,True
region_m98304_n8192_k512,98304,8192,512,8121352192,True,True,False,True
region_m98304_n8192_k768,98304,8192,768,8285978624,True,True,False,True
region_m98304_n8192_k1024,98304,8192,1024,8342077440,True,True,False,True
region_m98304_n8192_k1536,98304,8192,1536,8777760768,False,True,False,False
region_m98304_n8192_k2048,98304,8192,2048,9433120768,False,True,False,False
region_m98304_n8192_k3072,98304,8192,3072,9879289856,False,True,False,False
region_m98304_n8192_k4096,98304,8192,4096,10968760320,False,True,False,False
region_m98304_n8192_k6144,98304,8192,6144,12510691328,False,False,False,False
region_m98304_n8192_k8192,98304,8192,8192,14680195072,False,False,False,False
region_m98304_n8192_k12288,98304,8192,12288,17773494272,False,False,False,False
region_m98304_n8192_k16384,98304,8192,16384,21475491840,False,False,False,False
region_m98304_n8192_k24576,98304,8192,24576,28299100160,False,False,False,False
region_m98304_n8192_k32768,98304,8192,32768,35668492288,False,False,False,False
region_m98304_n8192_k49152,98304,8192,49152,49350311936,False,False,False,False
region_m98304_n8192_k65536,98304,8192,65536,63502417920,False,False,False,False
region_m98304_n8192_k98304,98304,8192,98304,91452735488,False,False,False,False
region_m98304_n8192_k131072,98304,8192,131072,119672012800,False,False,False,False
region_m98304_n12288_k256,98304,12288,256,10626400256,False,True,False,False
region_m98304_n12288_k384,98304,12288,384,10654711808,False,True,False,False
region_m98304_n12288_k512,98304,12288,512,10683023360,False,True,False,False
region_m98304_n12288_k768,98304,12288,768,10739646464,False,True,False,False
region_m98304_n12288_k1024,98304,12288,1024,10824581120,False,True,False,False
region_m98304_n12288_k1536,98304,12288,1536,10909515776,False,True,False,False
region_m98304_n12288_k2048,98304,12288,2048,11985354752,False,True,False,False
region_m98304_n12288_k3072,98304,12288,3072,11022761984,False,True,False,False
region_m98304_n12288_k4096,98304,12288,4096,13542490112,False,False,False,False
region_m98304_n12288_k6144,98304,12288,6144,12381716480,False,False,False,False
region_m98304_n12288_k8192,98304,12288,8192,17421172736,False,False,False,False
region_m98304_n12288_k12288,98304,12288,12288,15099625472,False,False,False,False
region_m98304_n12288_k16384,98304,12288,16384,24414126080,False,False,False,False
region_m98304_n12288_k24576,98304,12288,24576,20535443456,False,False,False,False
region_m98304_n12288_k32768,98304,12288,32768,39164444672,False,False,False,False
region_m98304_n12288_k49152,98304,12288,49152,31407079424,False,False,False,False
region_m98304_n12288_k65536,98304,12288,65536,67900669952,False,False,False,False
region_m98304_n12288_k98304,98304,12288,98304,53150351360,False,False,False,False
region_m98304_n12288_k131072,98304,12288,131072,126137532416,False,False,False,False
region_m98304_n16384_k256,98304,16384,256,14227996672,False,True,False,False
region_m98304_n16384_k384,98304,16384,384,14257356800,False,True,False,False
region_m98304_n16384_k512,98304,16384,512,14286716928,False,True,False,False
region_m98304_n16384_k768,98304,16384,768,14404419584,False,True,False,False
region_m98304_n16384_k1024,98304,16384,1024,14582677504,False,True,False,False
region_m98304_n16384_k1536,98304,16384,1536,14933426176,False,True,False,False
region_m98304_n16384_k2048,98304,16384,2048,15697575936,False,True,False,False
region_m98304_n16384_k3072,98304,16384,3072,16113336320,False,False,False,False
region_m98304_n16384_k4096,98304,16384,4096,17407541248,False,False,False,False
region_m98304_n16384_k6144,98304,16384,6144,18938986496,False,False,False,False
region_m98304_n16384_k8192,98304,16384,8192,21341011968,False,False,False,False
region_m98304_n16384_k12288,98304,16384,12288,24590286848,False,False,False,False
region_m98304_n16384_k16384,98304,16384,16384,28706996224,False,False,False,False
region_m98304_n16384_k24576,98304,16384,24576,35892887552,False,False,False,False
region_m98304_n16384_k32768,98304,16384,32768,43914756096,False,False,False,False
region_m98304_n16384_k49152,98304,16384,49152,58498088960,False,False,False,False
region_m98304_n16384_k65536,98304,16384,65536,73904816128,False,False,False,False
region_m98304_n16384_k98304,98304,16384,98304,103708491776,False,False,False,False
region_m98304_n16384_k131072,98304,16384,131072,134209732608,False,False,False,False
region_m98304_n24576_k256,98304,24576,256,20397031424,False,True,False,False
region_m98304_n24576_k384,98304,24576,384,20428488704,False,True,False,False
region_m98304_n24576_k512,98304,24576,512,20459945984,False,True,False,False
region_m98304_n24576_k768,98304,24576,768,20522860544,False,True,False,False
region_m98304_n24576_k1024,98304,24576,1024,20617232384,False,True,False,False
region_m98304_n24576_k1536,98304,24576,1536,20711604224,False,True,False,False
region_m98304_n24576_k2048,98304,24576,2048,21906980864,False,False,False,False
region_m98304_n24576_k3072,98304,24576,3072,20837433344,False,False,False,False
region_m98304_n24576_k4096,98304,24576,4096,23637131264,False,False,False,False
region_m98304_n24576_k6144,98304,24576,6144,22347382784,False,False,False,False
region_m98304_n24576_k8192,98304,24576,8192,27946778624,False,False,False,False
region_m98304_n24576_k12288,98304,24576,12288,25367281664,False,False,False,False
region_m98304_n24576_k16384,98304,24576,16384,35716726784,False,False,False,False
region_m98304_n24576_k24576,98304,24576,24576,31407079424,False,False,False,False
region_m98304_n24576_k32768,98304,24576,32768,52105969664,False,False,False,False
region_m98304_n24576_k49152,98304,24576,49152,43486674944,False,False,False,False
region_m98304_n24576_k65536,98304,24576,65536,84035108864,False,False,False,False
region_m98304_n24576_k98304,98304,24576,98304,67645865984,False,False,False,False
region_m98304_n24576_k131072,98304,24576,131072,148742733824,False,False,False,False
region_m98304_n32768_k256,98304,32768,256,27582922752,False,True,False,False
region_m98304_n32768_k384,98304,32768,384,27616477184,False,True,False,False
region_m98304_n32768_k512,98304,32768,512,27650031616,False,True,False,False
region_m98304_n32768_k768,98304,32768,768,27852406784,False,True,False,False
region_m98304_n32768_k1024,98304,32768,1024,27921088512,False,True,False,False
region_m98304_n32768_k1536,98304,32768,1536,28457435136,False,False,False,False
region_m98304_n32768_k2048,98304,32768,2048,29263790080,False,False,False,False
region_m98304_n32768_k3072,98304,32768,3072,29810622464,False,False,False,False
region_m98304_n32768_k4096,98304,32768,4096,31151751168,False,False,False,False
region_m98304_n32768_k6144,98304,32768,6144,33046003712,False,False,False,False
region_m98304_n32768_k8192,98304,32768,8192,35718823936,False,False,False,False
region_m98304_n32768_k12288,98304,32768,12288,39516766208,False,False,False,False
region_m98304_n32768_k16384,98304,32768,16384,44074401792,False,False,False,False
region_m98304_n32768_k24576,98304,32768,24576,52458291200,False,False,False,False
region_m98304_n32768_k32768,98304,32768,32768,61538959360,False,False,False,False
region_m98304_n32768_k49152,98304,32768,49152,78341341184,False,False,False,False
region_m98304_n32768_k65536,98304,32768,65536,95765004288,False,False,False,False
region_m98304_n32768_k98304,98304,32768,98304,130107441152,False,False,False,False
region_m98304_n32768_k131072,98304,32768,131072,164819501056,False,False,False,False
region_m98304_n49152_k256,98304,49152,256,39938293760,False,True,False,False
region_m98304_n49152_k384,98304,49152,384,39976042496,False,True,False,False
region_m98304_n49152_k512,98304,49152,512,40013791232,False,True,False,False
region_m98304_n49152_k768,98304,49152,768,40089288704,False,True,False,False
region_m98304_n49152_k1024,98304,49152,1024,40202534912,False,False,False,False
region_m98304_n49152_k1536,98304,49152,1536,40315781120,False,False,False,False
region_m98304_n49152_k2048,98304,49152,2048,41750233088,False,False,False,False
region_m98304_n49152_k3072,98304,49152,3072,40466776064,False,False,False,False
region_m98304_n49152_k4096,98304,49152,4096,43826413568,False,False,False,False
region_m98304_n49152_k6144,98304,49152,6144,42278715392,False,False,False,False
region_m98304_n49152_k8192,98304,49152,8192,48997990400,False,False,False,False
region_m98304_n49152_k12288,98304,49152,12288,45902594048,False,False,False,False
region_m98304_n49152_k16384,98304,49152,16384,58321928192,False,False,False,False
region_m98304_n49152_k24576,98304,49152,24576,53150351360,False,False,False,False
region_m98304_n49152_k32768,98304,49152,32768,77989019648,False,False,False,False
region_m98304_n49152_k49152,98304,49152,49152,67645865984,False,False,False,False
region_m98304_n49152_k65536,98304,49152,65536,116303986688,False,False,False,False
region_m98304_n49152_k98304,98304,49152,98304,96636895232,False,False,False,False
region_m98304_n49152_k131072,98304,49152,131072,193953136640,False,False,False,False
region_m98304_n65536_k256,98304,65536,256,53285355520,False,True,False,False
region_m98304_n65536_k384,98304,65536,384,53327298560,False,True,False,False
region_m98304_n65536_k512,98304,65536,512,53369241600,False,True,False,False
region_m98304_n65536_k768,98304,65536,768,53537275904,False,False,False,False
region_m98304_n65536_k1024,98304,65536,1024,53791031296,False,False,False,False
region_m98304_n65536_k1536,98304,65536,1536,54292774912,False,False,False,False
region_m98304_n65536_k2048,98304,65536,2048,55384080384,False,False,False,False
region_m98304_n65536_k3072,98304,65536,3072,55976001536,False,False,False,False
region_m98304_n65536_k4096,98304,65536,4096,57823854592,False,False,False,False
region_m98304_n65536_k6144,98304,65536,6144,60009611264,False,False,False,False
region_m98304_n65536_k8192,98304,65536,8192,63443435520,False,False,False,False
region_m98304_n65536_k12288,98304,65536,12288,68076830720,False,False,False,False
region_m98304_n65536_k16384,98304,65536,16384,73955147776,False,False,False,False
region_m98304_n65536_k24576,98304,65536,24576,84211269632,False,False,False,False
region_m98304_n65536_k32768,98304,65536,32768,95680856064,False,False,False,False
region_m98304_n65536_k49152,98304,65536,49152,116480147456,False,False,False,False
region_m98304_n65536_k65536,98304,65536,65536,138480320512,False,False,False,False
region_m98304_n65536_k98304,98304,65536,98304,181017903104,False,False,False,False
region_m98304_n65536_k131072,98304,65536,131072,224630538240,False,False,False,False
region_m98304_n98304_k256,98304,98304,256,79020818432,False,True,False,False
region_m98304_n98304_k384,98304,98304,384,79071150080,False,True,False,False
region_m98304_n98304_k512,98304,98304,512,79121481728,False,False,False,False
region_m98304_n98304_k768,98304,98304,768,79222145024,False,False,False,False
region_m98304_n98304_k1024,98304,98304,1024,79373139968,False,False,False,False
region_m98304_n98304_k1536,98304,98304,1536,79524134912,False,False,False,False
region_m98304_n98304_k2048,98304,98304,2048,81436737536,False,False,False,False
region_m98304_n98304_k3072,98304,98304,3072,79725461504,False,False,False,False
region_m98304_n98304_k4096,98304,98304,4096,84204978176,False,False,False,False
region_m98304_n98304_k6144,98304,98304,6144,82141380608,False,False,False,False
region_m98304_n98304_k8192,98304,98304,8192,91100413952,False,False,False,False
region_m98304_n98304_k12288,98304,98304,12288,86973218816,False,False,False,False
region_m98304_n98304_k16384,98304,98304,16384,103532331008,False,False,False,False
region_m98304_n98304_k24576,98304,98304,24576,96636895232,False,False,False,False
region_m98304_n98304_k32768,98304,98304,32768,129755119616,False,False,False,False
region_m98304_n98304_k49152,98304,98304,49152,115964248064,False,False,False,False
region_m98304_n98304_k65536,98304,98304,65536,180841742336,False,False,False,False
region_m98304_n98304_k98304,98304,98304,98304,154618953728,False,False,False,False
region_m98304_n98304_k131072,98304,98304,131072,284373942272,False,False,False,False
region_m98304_n131072_k256,98304,131072,256,105647308800,False,True,False,False
region_m98304_n131072_k384,98304,131072,384,105706029056,False,False,False,False
region_m98304_n131072_k512,98304,131072,512,105764749312,False,False,False,False
region_m98304_n131072_k768,98304,131072,768,106118119424,False,False,False,False
region_m98304_n131072_k1024,98304,131072,1024,106237132800,False,False,False,False
region_m98304_n131072_k1536,98304,131072,1536,107176132608,False,False,False,False
region_m98304_n131072_k2048,98304,131072,2048,108586467328,False,False,False,False
region_m98304_n131072_k3072,98304,131072,3072,109535952896,False,False,False,False
region_m98304_n131072_k4096,98304,131072,4096,111883714560,False,False,False,False
region_m98304_n131072_k6144,98304,131072,6144,115187253248,False,False,False,False
region_m98304_n131072_k8192,98304,131072,8192,119873339392,False,False,False,False
region_m98304_n131072_k12288,98304,131072,12288,126489853952,False,False,False,False
region_m98304_n131072_k16384,98304,131072,16384,134470041600,False,False,False,False
region_m98304_n131072_k24576,98304,131072,24576,149095055360,False,False,False,False
region_m98304_n131072_k32768,98304,131072,32768,165020827648,False,False,False,False
region_m98304_n131072_k49152,98304,131072,49152,194305458176,False,False,False,False
region_m98304_n131072_k65536,98304,131072,65536,224815349760,False,False,False,False
region_m98304_n131072_k98304,98304,131072,98304,284726263808,False,False,False,False
region_m98304_n131072_k131072,98304,131072,131072,345610780672,False,False,False,False
region_m131072_n256_k256,131072,256,256,3162767360,True,True,False,True
region_m131072_n256_k384,131072,256,384,3196387328,True,True,False,True
region_m131072_n256_k512,131072,256,512,3230007296,True,True,False,True
region_m131072_n256_k768,131072,256,768,3433562112,True,True,False,True
region_m131072_n256_k1024,131072,256,1024,3500802048,True,True,False,True
region_m131072_n256_k1536,131072,256,1536,4042129408,True,True,False,True
region_m131072_n256_k2048,131072,256,2048,4853989376,True,True,False,True
region_m131072_n256_k3072,131072,256,3072,5414453248,True,True,False,True
region_m131072_n256_k4096,131072,256,4096,6748766208,True,True,False,True
region_m131072_n256_k6144,131072,256,6144,8681291776,False,True,False,False
region_m131072_n256_k8192,131072,256,8192,11349917696,False,True,False,False
region_m131072_n256_k12288,131072,256,12288,15214968832,False,True,False,False
region_m131072_n256_k16384,131072,256,16384,19740622848,False,True,False,False
region_m131072_n256_k24576,131072,256,24576,28282322944,False,True,False,False
region_m131072_n256_k32768,131072,256,32768,37333630976,False,True,False,False
region_m131072_n256_k49152,131072,256,49152,54417031168,False,True,False,False
region_m131072_n256_k65536,131072,256,65536,71840169984,False,True,False,False
region_m131072_n256_k98304,131072,256,98304,106686447616,False,True,False,False
region_m131072_n256_k131072,131072,256,131072,141532725248,False,True,False,False
region_m131072_n384_k256,131072,384,256,3162832896,True,True,False,True
region_m131072_n384_k384,131072,384,384,3196485632,True,True,False,True
region_m131072_n384_k512,131072,384,512,3230138368,True,True,False,True
region_m131072_n384_k768,131072,384,768,3433758720,True,True,False,True
region_m131072_n384_k1024,131072,384,1024,3501064192,True,True,False,True
region_m131072_n384_k1536,131072,384,1536,4042522624,True,True,False,True
region_m131072_n384_k2048,131072,384,2048,4854513664,True,True,False,True
region_m131072_n384_k3072,131072,384,3072,5415239680,True,True,False,True
region_m131072_n384_k4096,131072,384,4096,6749814784,True,True,False,True
region_m131072_n384_k6144,131072,384,6144,8682864640,False,True,False,False
region_m131072_n384_k8192,131072,384,8192,11352014848,False,True,False,False
region_m131072_n384_k12288,131072,384,12288,15218114560,False,True,False,False
region_m131072_n384_k16384,131072,384,16384,19744817152,False,True,False,False
region_m131072_n384_k24576,131072,384,24576,28288614400,False,True,False,False
region_m131072_n384_k32768,131072,384,32768,37342019584,False,True,False,False
region_m131072_n384_k49152,131072,384,49152,54429614080,False,True,False,False
region_m131072_n384_k65536,131072,384,65536,71856947200,False,True,False,False
region_m131072_n384_k98304,131072,384,98304,106711613440,False,False,False,False
region_m131072_n384_k131072,131072,384,131072,141566279680,False,False,False,False
region_m131072_n512_k256,131072,512,256,3162898432,True,True,False,True
region_m131072_n512_k384,131072,512,384,3196583936,True,True,False,True
region_m131072_n512_k512,131072,512,512,3230269440,True,True,False,True
region_m131072_n512_k768,131072,512,768,3433955328,True,True,False,True
region_m131072_n512_k1024,131072,512,1024,3501326336,True,True,False,True
region_m131072_n512_k1536,131072,512,1536,4042915840,True,True,False,True
region_m131072_n512_k2048,131072,512,2048,4855037952,True,True,False,True
region_m131072_n512_k3072,131072,512,3072,5416026112,True,True,False,True
region_m131072_n512_k4096,131072,512,4096,6750863360,True,True,False,True
region_m131072_n512_k6144,131072,512,6144,8684437504,False,True,False,False
region_m131072_n512_k8192,131072,512,8192,11354112000,False,True,False,False
region_m131072_n512_k12288,131072,512,12288,15221260288,False,True,False,False
region_m131072_n512_k16384,131072,512,16384,19749011456,False,True,False,False
region_m131072_n512_k24576,131072,512,24576,28294905856,False,True,False,False
region_m131072_n512_k32768,131072,512,32768,37350408192,False,True,False,False
region_m131072_n512_k49152,131072,512,49152,54442196992,False,True,False,False
region_m131072_n512_k65536,131072,512,65536,71873724416,False,True,False,False
region_m131072_n512_k98304,131072,512,98304,106736779264,False,False,False,False
region_m131072_n512_k131072,131072,512,131072,141599834112,False,False,False,False
region_m131072_n768_k256,131072,768,256,3163029504,True,True,False,True
region_m131072_n768_k384,131072,768,384,3196780544,True,True,False,True
region_m131072_n768_k512,131072,768,512,3230531584,True,True,False,True
region_m131072_n768_k768,131072,768,768,3434348544,True,True,False,True
region_m131072_n768_k1024,131072,768,1024,3501850624,True,True,False,True
region_m131072_n768_k1536,131072,768,1536,4043702272,True,True,False,True
region_m131072_n768_k2048,131072,768,2048,4856086528,True,True,False,True
region_m131072_n768_k3072,131072,768,3072,5417598976,True,True,False,True
region_m131072_n768_k4096,131072,768,4096,6752960512,True,True,False,True
region_m131072_n768_k6144,131072,768,6144,8687583232,False,True,False,False
region_m131072_n768_k8192,131072,768,8192,11358306304,False,True,False,False
region_m131072_n768_k12288,131072,768,12288,15227551744,False,True,False,False
region_m131072_n768_k16384,131072,768,16384,19757400064,False,True,False,False
region_m131072_n768_k24576,131072,768,24576,28307488768,False,True,False,False
region_m131072_n768_k32768,131072,768,32768,37367185408,False,True,False,False
region_m131072_n768_k49152,131072,768,49152,54467362816,False,False,False,False
region_m131072_n768_k65536,131072,768,65536,71907278848,False,False,False,False
region_m131072_n768_k98304,131072,768,98304,106787110912,False,False,False,False
region_m131072_n768_k131072,131072,768,131072,141666942976,False,False,False,False
region_m131072_n1024_k256,131072,1024,256,3163160576,True,True,False,True
region_m131072_n1024_k384,131072,1024,384,3196977152,True,True,False,True
region_m131072_n1024_k512,131072,1024,512,3230793728,True,True,False,True
region_m131072_n1024_k768,131072,1024,768,3434741760,True,True,False,True
region_m131072_n1024_k1024,131072,1024,1024,3507093504,True,True,False,True
region_m131072_n1024_k1536,131072,1024,1536,4044488704,True,True,False,True
region_m131072_n1024_k2048,131072,1024,2048,4857135104,True,True,False,True
region_m131072_n1024_k3072,131072,1024,3072,5419171840,True,True,False,True
region_m131072_n1024_k4096,131072,1024,4096,6769213440,True,True,False,True
region_m131072_n1024_k6144,131072,1024,6144,8690728960,False,True,False,False
region_m131072_n1024_k8192,131072,1024,8192,11362500608,False,True,False,False
region_m131072_n1024_k12288,131072,1024,12288,15233843200,False,True,False,False
region_m131072_n1024_k16384,131072,1024,16384,19817693184,False,True,False,False
region_m131072_n1024_k24576,131072,1024,24576,28320071680,False,True,False,False
region_m131072_n1024_k32768,131072,1024,32768,37383962624,False,True,False,False
region_m131072_n1024_k49152,131072,1024,49152,54492528640,False,False,False,False
region_m131072_n1024_k65536,131072,1024,65536,72011612160,False,False,False,False
region_m131072_n1024_k98304,131072,1024,98304,106837442560,False,False,False,False
region_m131072_n1024_k131072,131072,1024,131072,141734051840,False,False,False,False
region_m131072_n1536_k256,131072,1536,256,3306029056,True,True,False,True
region_m131072_n1536_k384,131072,1536,384,3339976704,True,True,False,True
region_m131072_n1536_k512,131072,1536,512,3373924352,True,True,False,True
region_m131072_n1536_k768,131072,1536,768,3442868224,True,True,False,True
region_m131072_n1536_k1024,131072,1536,1024,3645243392,True,True,False,True
region_m131072_n1536_k1536,131072,1536,1536,4188667904,True,True,False,True
region_m131072_n1536_k2048,131072,1536,2048,4938792960,True,True,False,True
region_m131072_n1536_k3072,131072,1536,3072,5422317568,True,True,False,True
region_m131072_n1536_k4096,131072,1536,4096,6912081920,True,True,False,True
region_m131072_n1536_k6144,131072,1536,6144,8697020416,False,True,False,False
region_m131072_n1536_k8192,131072,1536,8192,11472470016,False,True,False,False
region_m131072_n1536_k12288,131072,1536,12288,15246426112,False,True,False,False
region_m131072_n1536_k16384,131072,1536,16384,19979436032,False,True,False,False
region_m131072_n1536_k24576,131072,1536,24576,28345237504,False,False,False,False
region_m131072_n1536_k32768,131072,1536,32768,37607178240,False,False,False,False
region_m131072_n1536_k49152,131072,1536,49152,54542860288,False,False,False,False
region_m131072_n1536_k65536,131072,1536,65536,72248852480,False,False,False,False
region_m131072_n1536_k98304,131072,1536,98304,106938105856,False,False,False,False
region_m131072_n1536_k131072,131072,1536,131072,142279311360,False,False,False,False
region_m131072_n2048_k256,131072,2048,256,4270981120,True,True,False,True
region_m131072_n2048_k384,131072,2048,384,4305059840,True,True,False,True
region_m131072_n2048_k512,131072,2048,512,4339138560,True,True,False,True
region_m131072_n2048_k768,131072,2048,768,4545708032,True,True,False,True
region_m131072_n2048_k1024,131072,2048,1024,4617011200,True,True,False,True
region_m131072_n2048_k1536,131072,2048,1536,5161222144,True,True,False,True
region_m131072_n2048_k2048,131072,2048,2048,5981208576,True,True,True,False
region_m131072_n2048_k3072,131072,2048,3072,6549536768,True,True,False,True
region_m131072_n2048_k4096,131072,2048,4096,7907442688,True,True,False,True
region_m131072_n2048_k6144,131072,2048,6144,9852551168,False,True,False,False
region_m131072_n2048_k8192,131072,2048,8192,12549488640,False,True,False,False
region_m131072_n2048_k12288,131072,2048,12288,16458579968,False,True,False,False
region_m131072_n2048_k16384,131072,2048,16384,21069168640,False,True,False,False
region_m131072_n2048_k24576,131072,2048,24576,29670637568,False,False,False,False
region_m131072_n2048_k32768,131072,2048,32768,38822608896,False,False,False,False
region_m131072_n2048_k49152,131072,2048,49152,56094752768,False,False,False,False
region_m131072_n2048_k65536,131072,2048,65536,73780559872,False,False,False,False
region_m131072_n2048_k98304,131072,2048,98304,108942983168,False,False,False,False
region_m131072_n2048_k131072,131072,2048,131072,144179331072,False,False,False,False
region_m131072_n3072_k256,131072,3072,256,5326372864,True,True,False,True
region_m131072_n3072_k384,131072,3072,384,5360713728,True,True,False,True
region_m131072_n3072_k512,131072,3072,512,5395054592,True,True,False,True
region_m131072_n3072_k768,131072,3072,768,5602148352,True,True,False,True
region_m131072_n3072_k1024,131072,3072,1024,5672402944,True,True,False,True
region_m131072_n3072_k1536,131072,3072,1536,6221332480,True,True,False,True
region_m131072_n3072_k2048,131072,3072,2048,7046561792,True,True,False,True
region_m131072_n3072_k3072,131072,3072,3072,7610695680,True,True,False,True
region_m131072_n3072_k4096,131072,3072,4096,8978563072,False,True,False,False
region_m131072_n3072_k6144,131072,3072,6144,10926292992,False,True,False,False
region_m131072_n3072_k8192,131072,3072,8192,13652590592,False,True,False,False
region_m131072_n3072_k12288,131072,3072,12288,17557487616,False,False,False,False
region_m131072_n3072_k16384,131072,3072,16384,22203203584,False,False,False,False
region_m131072_n3072_k24576,131072,3072,24576,30819876864,False,False,False,False
region_m131072_n3072_k32768,131072,3072,32768,40076705792,False,False,False,False
region_m131072_n3072_k49152,131072,3072,49152,57344655360,False,False,False,False
region_m131072_n3072_k65536,131072,3072,65536,75101765632,False,False,False,False
region_m131072_n3072_k98304,131072,3072,98304,110394212352,False,False,False,False
region_m131072_n3072_k131072,131072,3072,131072,145773166592,False,False,False,False
region_m131072_n4096_k256,131072,4096,256,5949882368,True,True,False,True
region_m131072_n4096_k384,131072,4096,384,5984485376,True,True,False,True
region_m131072_n4096_k512,131072,4096,512,6019088384,True,True,False,True
region_m131072_n4096_k768,131072,4096,768,6187778048,True,True,False,True
region_m131072_n4096_k1024,131072,4096,1024,6368657408,True,True,False,True
region_m131072_n4096_k1536,131072,4096,1536,6812205056,True,True,False,True
region_m131072_n4096_k2048,131072,4096,2048,7682392064,True,True,False,True
region_m131072_n4096_k3072,131072,4096,3072,8216772608,True,True,False,True
region_m131072_n4096_k4096,131072,4096,4096,9699983360,False,True,False,False
region_m131072_n4096_k6144,131072,4096,6144,11563827200,False,True,False,False
region_m131072_n4096_k8192,131072,4096,8192,14335606784,False,True,False,False
region_m131072_n4096_k12288,131072,4096,12288,18257936384,False,False,False,False
region_m131072_n4096_k16384,131072,4096,16384,23025287168,False,False,False,False
region_m131072_n4096_k24576,131072,4096,24576,31646154752,False,False,False,False
region_m131072_n4096_k32768,131072,4096,32768,40957509632,False,False,False,False
region_m131072_n4096_k49152,131072,4096,49152,58422591488,False,False,False,False
region_m131072_n4096_k65536,131072,4096,65536,76417728512,False,False,False,False
region_m131072_n4096_k98304,131072,4096,98304,111975464960,False,False,False,False
region_m131072_n4096_k131072,131072,4096,131072,147685769216,False,False,False,False
region_m131072_n6144_k256,131072,6144,256,7636910080,True,True,False,True
region_m131072_n6144_k384,131072,6144,384,7672037376,True,True,False,True
region_m131072_n6144_k512,131072,6144,512,7707164672,True,True,False,True
region_m131072_n6144_k768,131072,6144,768,7829848064,True,True,False,True
region_m131072_n6144_k1024,131072,6144,1024,8002338816,True,True,False,True
region_m131072_n6144_k1536,131072,6144,1536,8463187968,True,True,False,True
region_m131072_n6144_k2048,131072,6144,2048,9336782848,False,True,False,False
region_m131072_n6144_k3072,131072,6144,3072,9879289856,False,True,False,False
region_m131072_n6144_k4096,131072,6144,4096,11377704960,False,True,False,False
region_m131072_n6144_k6144,131072,6144,6144,13265666048,False,False,False,False
region_m131072_n6144_k8192,131072,6144,8192,16084369408,False,False,False,False
region_m131072_n6144_k12288,131072,6144,12288,20038418432,False,False,False,False
region_m131072_n6144_k16384,131072,6144,16384,24879169536,False,False,False,False
region_m131072_n6144_k24576,131072,6144,24576,33583923200,False,False,False,False
region_m131072_n6144_k32768,131072,6144,32768,43092410368,False,False,False,False
region_m131072_n6144_k49152,131072,6144,49152,60674932736,False,False,False,False
region_m131072_n6144_k65536,131072,6144,65536,78916485120,False,False,False,False
region_m131072_n6144_k98304,131072,6144,98304,114856951808,False,False,False,False
region_m131072_n6144_k131072,131072,6144,131072,151204790272,False,False,False,False
region_m131072_n8192_k256,131072,8192,256,10810949632,False,True,False,False
region_m131072_n8192_k384,131072,8192,384,10846601216,False,True,False,False
region_m131072_n8192_k512,131072,8192,512,10882252800,False,True,False,False
region_m131072_n8192_k768,131072,8192,768,11098259456,False,True,False,False
region_m131072_n8192_k1024,131072,8192,1024,11172708352,False,True,False,False
region_m131072_n8192_k1536,131072,8192,1536,11742085120,False,True,False,False
region_m131072_n8192_k2048,131072,8192,2048,12599820288,False,True,False,False
region_m131072_n8192_k3072,131072,8192,3072,13193314304,False,True,False,False
region_m131072_n8192_k4096,131072,8192,4096,14614134784,False,True,False,False
region_m131072_n8192_k6144,131072,8192,6144,16647323648,False,False,False,False
region_m131072_n8192_k8192,131072,8192,8192,19470090240,False,False,False,False
region_m131072_n8192_k12288,131072,8192,12288,23555342336,False,False,False,False
region_m131072_n8192_k16384,131072,8192,16384,28379840512,False,False,False,False
region_m131072_n8192_k24576,131072,8192,24576,37371379712,False,False,False,False
region_m131072_n8192_k32768,131072,8192,32768,46951170048,False,False,False,False
region_m131072_n8192_k49152,131072,8192,49152,65003454464,False,False,False,False
region_m131072_n8192_k65536,131072,8192,65536,83500859392,False,False,False,False
region_m131072_n8192_k98304,131072,8192,98304,120267603968,False,False,False,False
region_m131072_n8192_k131072,131072,8192,131072,157127147520,False,False,False,False
region_m131072_n12288_k256,131072,12288,256,14132838400,False,True,False,False
region_m131072_n12288_k384,131072,12288,384,14169538560,False,True,False,False
region_m131072_n12288_k512,131072,12288,512,14206238720,False,True,False,False
region_m131072_n12288_k768,131072,12288,768,14382399488,False,True,False,False
region_m131072_n12288_k1024,131072,12288,1024,14526578688,False,True,False,False
region_m131072_n12288_k1536,131072,12288,1536,15044050944,False,True,False,False
region_m131072_n12288_k2048,131072,12288,2048,15925903360,False,True,False,False
region_m131072_n12288_k3072,131072,12288,3072,16523067392,False,False,False,False
region_m131072_n12288_k4096,131072,12288,4096,18052939776,False,False,False,False
region_m131072_n12288_k6144,131072,12288,6144,20060438528,False,False,False,False
region_m131072_n12288_k8192,131072,12288,8192,22984916992,False,False,False,False
region_m131072_n12288_k12288,131072,12288,12288,27135180800,False,False,False,False
region_m131072_n12288_k16384,131072,12288,16384,32158384128,False,False,False,False
region_m131072_n12288_k24576,131072,12288,24576,41284665344,False,False,False,False
region_m131072_n12288_k32768,131072,12288,32768,51220971520,False,False,False,False
region_m131072_n12288_k49152,131072,12288,49152,69583634432,False,False,False,False
region_m131072_n12288_k65536,131072,12288,65536,88643076096,False,False,False,False
region_m131072_n12288_k98304,131072,12288,98304,126181572608,False,False,False,False
region_m131072_n12288_k131072,131072,12288,131072,164165189632,False,False,False,False
region_m131072_n16384_k256,131072,16384,256,18989318144,False,True,False,False
region_m131072_n16384_k384,131072,16384,384,19027066880,False,True,False,False
region_m131072_n16384_k512,131072,16384,512,19064815616,False,True,False,False
region_m131072_n16384_k768,131072,16384,768,19292880896,False,True,False,False
region_m131072_n16384_k1024,131072,16384,1024,19417137152,False,True,False,False
region_m131072_n16384_k1536,131072,16384,1536,19973931008,False,True,False,False
region_m131072_n16384_k2048,131072,16384,2048,20881473536,False,True,False,False
region_m131072_n16384_k3072,131072,16384,3072,21504327680,False,False,False,False
region_m131072_n16384_k4096,131072,16384,4096,23050452992,False,False,False,False
region_m131072_n16384_k6144,131072,16384,6144,25153372160,False,False,False,False
region_m131072_n16384_k8192,131072,16384,8192,28148105216,False,False,False,False
region_m131072_n16384_k12288,131072,16384,12288,32451461120,False,False,False,False
region_m131072_n16384_k16384,131072,16384,16384,37586862080,False,False,False,False
region_m131072_n16384_k24576,131072,16384,24576,47047639040,False,False,False,False
region_m131072_n16384_k32768,131072,16384,32768,57214631936,False,False,False,False
region_m131072_n16384_k49152,131072,16384,49152,76239994880,False,False,False,False
region_m131072_n16384_k65536,131072,16384,65536,95870910464,False,False,False,False
region_m131072_n16384_k98304,131072,16384,98304,134624706560,False,False,False,False
region_m131072_n16384_k131072,131072,16384,131072,173581402112,False,False,False,False
region_m131072_n24576_k256,131072,24576,256,27167686656,False,True,False,False
region_m131072_n24576_k384,131072,24576,384,27207532544,False,True,False,False
region_m131072_n24576_k512,131072,24576,512,27247378432,False,True,False,False
region_m131072_n24576_k768,131072,24576,768,27487502336,False,True,False,False
region_m131072_n24576_k1024,131072,24576,1024,27575058432,False,True,False,False
region_m131072_n24576_k1536,131072,24576,1536,28205776896,False,False,False,False
region_m131072_n24576_k2048,131072,24576,2048,29163126784,False,False,False,False
region_m131072_n24576_k3072,131072,24576,3072,29810622464,False,False,False,False
region_m131072_n24576_k4096,131072,24576,4096,31403409408,False,False,False,False
region_m131072_n24576_k6144,131072,24576,6144,33649983488,False,False,False,False
region_m131072_n24576_k8192,131072,24576,8192,36826120192,False,False,False,False
region_m131072_n24576_k12288,131072,24576,12288,41328705536,False,False,False,False
region_m131072_n24576_k16384,131072,24576,16384,46741979136,False,False,False,False
region_m131072_n24576_k24576,131072,24576,24576,56686149632,False,False,False,False
region_m131072_n24576_k32768,131072,24576,32768,67478093824,False,False,False,False
region_m131072_n24576_k49152,131072,24576,49152,87401037824,False,False,False,False
region_m131072_n24576_k65536,131072,24576,65536,108096258048,False,False,False,False
region_m131072_n24576_k98304,131072,24576,98304,148830814208,False,False,False,False
region_m131072_n24576_k131072,131072,24576,131072,190085988352,False,False,False,False
region_m131072_n32768_k256,131072,32768,256,36970823680,False,True,False,False
region_m131072_n32768_k384,131072,32768,384,37012766720,False,True,False,False
region_m131072_n32768_k512,131072,32768,512,37054709760,False,True,False,False
region_m131072_n32768_k768,131072,32768,768,37308465152,False,True,False,False
region_m131072_n32768_k1024,131072,32768,1024,37395496960,False,True,False,False
region_m131072_n32768_k1536,131072,32768,1536,38065537024,False,False,False,False
region_m131072_n32768_k2048,131072,32768,2048,39074267136,False,False,False,False
region_m131072_n32768_k3072,131072,32768,3072,39768424448,False,False,False,False
region_m131072_n32768_k4096,131072,32768,4096,41440903168,False,False,False,False
region_m131072_n32768_k6144,131072,32768,6144,43826413568,False,False,False,False
region_m131072_n32768_k8192,131072,32768,8192,47152496640,False,False,False,False
region_m131072_n32768_k12288,131072,32768,12288,51942391808,False,False,False,False
region_m131072_n32768_k16384,131072,32768,16384,57622528000,False,False,False,False
region_m131072_n32768_k24576,131072,32768,24576,68174348288,False,False,False,False
region_m131072_n32768_k32768,131072,32768,32768,79465414656,False,False,False,False
region_m131072_n32768_k49152,131072,32768,49152,100638261248,False,False,False,False
region_m131072_n32768_k65536,131072,32768,65536,122382057472,False,False,False,False
region_m131072_n32768_k98304,131072,32768,98304,165566087168,False,False,False,False
region_m131072_n32768_k131072,131072,32768,131072,208918413312,False,False,False,False
region_m131072_n49152_k256,131072,49152,256,53327560704,False,True,False,False
region_m131072_n49152_k384,131072,49152,384,53373698048,False,True,False,False
region_m131072_n49152_k512,131072,49152,512,53419835392,False,True,False,False
region_m131072_n49152_k768,131072,49152,768,53697708032,False,False,False,False
region_m131072_n49152_k1024,131072,49152,1024,53791555584,False,False,False,False
region_m131072_n49152_k1536,131072,49152,1536,54529228800,False,False,False,False
region_m131072_n49152_k2048,131072,49152,2048,55637573632,False,False,False,False
region_m131072_n49152_k3072,131072,49152,3072,56385732608,False,False,False,False
region_m131072_n49152_k4096,131072,49152,4096,58230177792,False,False,False,False
region_m131072_n49152_k6144,131072,49152,6144,60829073408,False,False,False,False
region_m131072_n49152_k8192,131072,49152,8192,64508526592,False,False,False,False
region_m131072_n49152_k12288,131072,49152,12288,69715755008,False,False,False,False
region_m131072_n49152_k16384,131072,49152,16384,75984666624,False,False,False,False
region_m131072_n49152_k24576,131072,49152,24576,87489118208,False,False,False,False
region_m131072_n49152_k32768,131072,49152,32768,99992338432,False,False,False,False
region_m131072_n49152_k49152,131072,49152,49152,123035844608,False,False,False,False
region_m131072_n49152_k65536,131072,49152,65536,147002621952,False,False,False,False
region_m131072_n49152_k98304,131072,49152,98304,194129297408,False,False,False,False
region_m131072_n49152_k131072,131072,49152,131072,241927585792,False,False,False,False
region_m131072_n65536_k256,131072,65536,256,71309066240,False,True,False,False
region_m131072_n65536_k384,131072,65536,384,71359397888,False,True,False,False
region_m131072_n65536_k512,131072,65536,512,71409729536,False,True,False,False
region_m131072_n65536_k768,131072,65536,768,71713292288,False,False,False,False
region_m131072_n65536_k1024,131072,65536,1024,71818674176,False,False,False,False
region_m131072_n65536_k1536,131072,65536,1536,72620834816,False,False,False,False
region_m131072_n65536_k2048,131072,65536,2048,73830367232,False,False,False,False
region_m131072_n65536_k3072,131072,65536,3072,74654547968,False,False,False,False
region_m131072_n65536_k4096,131072,65536,4096,76669386752,False,False,False,False
region_m131072_n65536_k6144,131072,65536,6144,79511552000,False,False,False,False
region_m131072_n65536_k8192,131072,65536,8192,83512918016,False,False,False,False
region_m131072_n65536_k12288,131072,65536,12288,89225560064,False,False,False,False
region_m131072_n65536_k16384,131072,65536,16384,96072237056,False,False,False,False
region_m131072_n65536_k24576,131072,65536,24576,108653576192,False,False,False,False
region_m131072_n65536_k32768,131072,65536,32768,122243121152,False,False,False,False
region_m131072_n65536_k49152,131072,65536,49152,147509608448,False,False,False,False
region_m131072_n65536_k65536,131072,65536,65536,173683638272,False,False,False,False
region_m131072_n65536_k98304,131072,65536,98304,225221672960,False,False,False,False
region_m131072_n65536_k131072,131072,65536,131072,277163933696,False,False,False,False
region_m131072_n98304_k256,131072,98304,256,105647308800,False,True,False,False
region_m131072_n98304_k384,131072,98304,384,105706029056,False,False,False,False
region_m131072_n98304_k512,131072,98304,512,105764749312,False,False,False,False
region_m131072_n98304_k768,131072,98304,768,106118119424,False,False,False,False
region_m131072_n98304_k1024,131072,98304,1024,106237132800,False,False,False,False
region_m131072_n98304_k1536,131072,98304,1536,107176132608,False,False,False,False
region_m131072_n98304_k2048,131072,98304,2048,108586467328,False,False,False,False
region_m131072_n98304_k3072,131072,98304,3072,109535952896,False,False,False,False
region_m131072_n98304_k4096,131072,98304,4096,111883714560,False,False,False,False
region_m131072_n98304_k6144,131072,98304,6144,115187253248,False,False,False,False
region_m131072_n98304_k8192,131072,98304,8192,119873339392,False,False,False,False
region_m131072_n98304_k12288,131072,98304,12288,126489853952,False,False,False,False
region_m131072_n98304_k16384,131072,98304,16384,134470041600,False,False,False,False
region_m131072_n98304_k24576,131072,98304,24576,149095055360,False,False,False,False
region_m131072_n98304_k32768,131072,98304,32768,165020827648,False,False,False,False
region_m131072_n98304_k49152,131072,98304,49152,194305458176,False,False,False,False
region_m131072_n98304_k65536,131072,98304,65536,224815349760,False,False,False,False
region_m131072_n98304_k98304,131072,98304,98304,284726263808,False,False,False,False
region_m131072_n98304_k131072,131072,98304,131072,345610780672,False,False,False,False
region_m131072_n131072_k256,131072,131072,256,141610319872,False,True,False,False
region_m131072_n131072_k384,131072,131072,384,141677428736,False,False,False,False
region_m131072_n131072_k512,131072,131072,512,141744537600,False,False,False,False
region_m131072_n131072_k768,131072,131072,768,142149287936,False,False,False,False
region_m131072_n131072_k1024,131072,131072,1024,142286651392,False,False,False,False
region_m131072_n131072_k1536,131072,131072,1536,143359344640,False,False,False,False
region_m131072_n131072_k2048,131072,131072,2048,144972054528,False,False,False,False
region_m131072_n131072_k3072,131072,131072,3072,146068865024,False,False,False,False
region_m131072_n131072_k4096,131072,131072,4096,148747976704,False,False,False,False
region_m131072_n131072_k6144,131072,131072,6144,152542773248,False,False,False,False
region_m131072_n131072_k8192,131072,131072,8192,157882122240,False,False,False,False
region_m131072_n131072_k12288,131072,131072,12288,165490589696,False,False,False,False
region_m131072_n131072_k16384,131072,131072,16384,174593277952,False,False,False,False
region_m131072_n131072_k24576,131072,131072,24576,191386222592,False,False,False,False
region_m131072_n131072_k32768,131072,131072,32768,209522393088,False,False,False,False
region_m131072_n131072_k49152,131072,131072,49152,243177488384,False,False,False,False
region_m131072_n131072_k65536,131072,131072,65536,277974482944,False,False,False,False
region_m131072_n131072_k98304,131072,131072,98304,346760019968,False,False,False,False
region_m131072_n131072_k131072,131072,131072,131072,416083476480,False,False,False,False
